address,class_label,category,source
0xe49e649a15a0fb961f80550e667316f2676c04b4,1,scam_heist,etherscan_labels
0x82c676c5dfe95f46ebf3d0637124f11d8155f18c,0,random_sample,bigquery_random_sample
0x00d498526bfac6b19a9f9868ca566509746a9258,0,contract_or_token,etherscan_labels
0xd4dbf96db2fdf8ed40296d8d104b371adf7dee12,0,contract_or_token,etherscan_labels
0x0e2529219d5618f2893fc49daad4c8c23218f368,1,scam_heist,etherscan_labels
0xaa0dd4b7db1edc85863f9580381d8e7fb10c7a0a,1,scam_heist,etherscan_labels
0x561aecf40dfb6773270982d8f20fe0cab582b9f3,0,contract_or_token,etherscan_labels
0x328dfd0139e26cb0fef7b0742b49b0fe4325f821,0,contract_or_token,etherscan_labels
0x17996cbddd23c2a912de8477c37d43a1b79770b8,0,contract_or_token,etherscan_labels
0x4f3eb5219e81774c40d86c26d5241902c95ab3fe,0,contract_or_token,etherscan_labels
0x0aa8cd6544692f3b9016c1b5134b3e57666da9a2,1,scam_heist,etherscan_labels
0xccc6c52c6b9ebcb4713b55aafcf242ed3748deb5,0,contract_or_token,etherscan_labels
0x95d5d94f20217c66f1d2110c8132514f53216cec,1,scam_heist,etherscan_labels
0xc15e011b8e117fba8cc241c70950fc79f515ab3e,1,scam_heist,etherscan_labels
0xb73160f333b563f0b8a0bcf1a25ac7578a10de96,0,contract_or_token,etherscan_labels
0x2a1dd33f4030a39e7f64703eb728989f60794d79,0,contract_or_token,etherscan_labels
0x611b6ceb9ff992eae47993d0232f95061fbaa257,0,contract_or_token,etherscan_labels
0xb02f6c30bcf0d42e64712c28b007b85c199db43f,1,scam_heist,etherscan_labels
0x1686d6f791c170c0daf45f3a0346914ee1a6d480,1,scam_heist,etherscan_labels
0x75d3d2abb8a46162834e9e0b81f1225a6a276969,1,scam_heist,etherscan_labels
0x33be4e8131aa4a0eff5e7530230fda974e488ab6,0,contract_or_token,etherscan_labels
0xd34e02f3aa52a8914eae1bda2134764ab54d1aa7,0,contract_or_token,etherscan_labels
0x2cbb8dfe7ccd4f33cd243ea6a6d02c9f3118450f,0,contract_or_token,etherscan_labels
0xbe1d66126a6c9a552dff61e5621dc62631dfb52d,1,scam_heist,etherscan_labels
0xcb39dac22eac35dec35d8d76f77ce08267ed586e,0,contract_or_token,etherscan_labels
0xe292bee4c40723b8c8d7f97e8157e1595e24a417,0,contract_or_token,etherscan_labels
0xe501d177fe2172e1da8a6d338a44d9f89705ed5c,0,contract_or_token,etherscan_labels
0xe4cea415ef71facb434dac76159be0bb5394b756,1,scam_heist,etherscan_labels
0xb2bd4a9366687d957efaf653687e51d01e1be272,1,scam_heist,etherscan_labels
0x15912a6bc50cc377b81a18cbbb95e44f44be9c0d,1,scam_heist,etherscan_labels
0xd558752e149d53346de7e3211b9d8ca7d9f0bb26,0,contract_or_token,etherscan_labels
0x048a04612e15b96d9b94a7470620201ed8a01921,0,contract_or_token,etherscan_labels
0x9741cdc6611eb16be905757daadc8d37e0ee2375,1,scam_heist,etherscan_labels
0x5ecbccff6d7ce09c3c36872d3c8180ed146a9053,1,scam_heist,etherscan_labels
0x5cf889bcf7d93d54712f8205f288593d7246efae,1,scam_heist,etherscan_labels
0xb739d0895772dbb71a89a3754a160269068f0d45,0,exchange,etherscan_labels
0x3981408780699961ce72784f70f8aa07c728b9a6,1,scam_heist,etherscan_labels
0x4580b644a86623f42e99b082a5378ef844b017cd,0,contract_or_token,etherscan_labels
0xd8b4cbcbb768088b9ea39b65e9533f481711d127,0,contract_or_token,etherscan_labels
0xb10ee84a9afb7a7033998efaa6b15835e978068d,0,contract_or_token,etherscan_labels
0xe12cef4b605e69ecfca4245cacad8025680a50cb,1,scam_heist,etherscan_labels
0x9bffa3ce3e56d0d26447a45771fec76bd4173022,0,contract_or_token,etherscan_labels
0x74879feeaf013c05c154924b30436b340fa66bc9,0,random_sample,bigquery_random_sample
0x0895f4263343d12ce332f23e8678fa9fbfcd9eff,0,contract_or_token,etherscan_labels
0xe7423d18f1fbfa4deca2a35c000acf65258b90c1,0,random_sample,bigquery_random_sample
0x9234d109ce54ebdeeff98350c8e87f1909a047a2,1,scam_heist,etherscan_labels
0x0ee646c29a0b0a415f3858fd850d6a80cd8f2769,1,scam_heist,etherscan_labels
0x8f80c66c70cbc52009babb04c1cadf9b40109289,0,exchange,etherscan_labels
0x6aa0f8620614afe9bd4aba3148439b08eb2557c0,0,exchange,etherscan_labels
0x0e7686a71f9c8d4de9f92ecfe2e5ca8e3d4dfc27,1,scam_heist,etherscan_labels
0x9a2d163ab40f88c625fd475e807bbc3556566f80,0,contract_or_token,etherscan_labels
0x28d3ac4848866d4c546929ddc6a5db5ebdb7ce26,1,scam_heist,etherscan_labels
0xa30911e072a0c88d55b5d0a0984b66b0d04569d0,0,contract_or_token,etherscan_labels
0xf6f807dec4c519f802aa268deb2723e3d5b02782,0,contract_or_token,etherscan_labels
0xba29b0549deaa04fbc7d61d02e21d880c1f28d0b,1,scam_heist,etherscan_labels
0x7cd4eba939f87e0c22ffaa54edf311ec39c48cf1,0,contract_or_token,etherscan_labels
0x4632ac4a94b57573f6b0297229fc8d54046f9be4,0,contract_or_token,etherscan_labels
0x1c8db04c881e626672e590aca139c55e0686e93e,0,contract_or_token,etherscan_labels
0x019b337f128fd5eb9f7e3fd36acaf6c334c7492b,1,scam_heist,etherscan_labels
0x91ff08452a74a281a5f7d8729f4250ec93cd6be5,0,contract_or_token,etherscan_labels
0x1bbbf2704f905d9821a336aa2eadf27f483eb763,0,contract_or_token,etherscan_labels
0x8ae4c29c97a9dfba7a4440c6336a7d37eba0e12c,1,scam_heist,etherscan_labels
0x506fe2ff7d15e0c479c5e8884090a00bc7f14daa,0,contract_or_token,etherscan_labels
0x0d707a4f46f6d96ffb1b2e76e8c5b86fb88a3044,0,contract_or_token,etherscan_labels
0x4079108c1501999d73817b8c78cf6e693b40455b,1,scam_heist,etherscan_labels
0x72920331d87ea4c39a8c0a9c68e4a60f4f5eafc4,1,scam_heist,etherscan_labels
0x02466e547bfdab679fc49e96bbfc62b9747d997c,0,exchange,etherscan_labels
0xe8152168736207fcb60f09569a1c05e17962f4de,0,contract_or_token,etherscan_labels
0xd14ab59a934a22b072f331453c205f85c168aae4,1,scam_heist,etherscan_labels
0x983de0364b76a21526e58d0eb1b58be7c85ce406,1,scam_heist,etherscan_labels
0xa7a5d8ed3c97815d7dde22993efe0754bc4172c4,0,contract_or_token,etherscan_labels
0x32e574b0400cdb93dc33a34a30986737186bde43,0,contract_or_token,etherscan_labels
0xd50ceff38dc517befca621265871a415ecc3f91b,0,contract_or_token,etherscan_labels
0x64bd63cc9d697a58c307791b43a34a08c722491d,0,contract_or_token,etherscan_labels
0x40e8caa08a2183475f61af4f38c83ec963ed718e,0,contract_or_token,etherscan_labels
0x5f67f02092921b5cbad775ab22df110827b7ad4a,0,contract_or_token,etherscan_labels
0x0b13f13c0e99f24b96a835b787d1347b33d87776,1,scam_heist,etherscan_labels
0x0cd198a5f6cc84ca8499dd97a6c1a1c4b4a12da1,0,contract_or_token,etherscan_labels
0xd4d08d5abd7eb9e7c3199fee901b73ee0aeb77fa,0,contract_or_token,etherscan_labels
0x947743830897565aa7463fe2eaa2fd79416313ec,0,contract_or_token,etherscan_labels
0xa4c1b37372d119dc5d03479e035c260c5d82f8ce,1,scam_heist,etherscan_labels
0x10e76e5f292f8a016e4708b2ddb62ff4212d2a64,1,scam_heist,etherscan_labels
0xbe18f84532d8f7fb6d7919401c0096f3e257db8b,1,scam_heist,etherscan_labels
0xa7efae728d2936e78bda97dc267687568dd593f3,0,exchange,etherscan_labels
0x948924694569ab37a08baf1e6f270d9098ee0198,0,contract_or_token,etherscan_labels
0x04e1c5f32941cfdf5a593e2345c52eda2984ced6,0,contract_or_token,etherscan_labels
0x97cd8e51cd6c888567c6c620188b8fb264ee8e91,0,contract_or_token,etherscan_labels
0xfbe713879a1de3338752f2d9689b33b930ee579c,1,scam_heist,etherscan_labels
0xa024a96e8b300937bd2e1bb31a21ba7ecd647111,0,contract_or_token,etherscan_labels
0x7835cb043e8d53a5b361d489956d6c30808349da,0,contract_or_token,etherscan_labels
0xb9cea46a8dcb097fe99c41a50b37595c6e1e6666,1,scam_heist,etherscan_labels
0x0ce8f4e28b175eeec37ba7e28560852b61f72971,0,contract_or_token,etherscan_labels
0x960e9b49a7c7daa30e439e2c32800ac283f5a5a8,0,contract_or_token,etherscan_labels
0x18cd890f4e23422dc4aa8c2d6e0bd3f3bd8873d8,0,contract_or_token,etherscan_labels
0x8aacfc8b780016d1b240bcd38ebf37494489943f,0,contract_or_token,etherscan_labels
0x46e75e1a791b111d13c8dc38aba706a635f1e7f4,0,contract_or_token,etherscan_labels
0xa1ecdcca26150cf69090280ee2ee32347c238c7b,0,contract_or_token,etherscan_labels
0xff8ebb083235c6bb0a29b024fdd0164356b739f3,0,contract_or_token,etherscan_labels
0x044a9c43e95aa9fd28eea25131a62b602d304f1f,1,scam_heist,etherscan_labels
0x1990d8bc382d38fa21ee3b570e9d1e6272152165,0,exchange,etherscan_labels
0xa2d03b115215a0b819422a8a7e62936c6ec1088f,0,random_sample,bigquery_random_sample
0xe734a5b6aefa5a3fe21bdaa69a3d394d2cff584a,1,scam_heist,etherscan_labels
0x5396adde2ceeae35aa719542dc7b22a1bd6161cc,0,contract_or_token,etherscan_labels
0xfad8de8973b43485e58a1f6dea3e425fbc230b4f,1,scam_heist,etherscan_labels
0xe1ca78bbd9abf1e528b9e96fcd5f95a16353325a,1,scam_heist,etherscan_labels
0xfe9d2949e2d164e1dc788776a372539afe12a7b2,0,contract_or_token,etherscan_labels
0xd7e9bbbee4a7218febc9599322f7296e1aecb099,0,contract_or_token,etherscan_labels
0x1c87257f5e8609940bc751a07bb085bb7f8cdbe6,0,contract_or_token,etherscan_labels
0x68cd875cf91f37d2038593563d5c313762b0079f,1,scam_heist,etherscan_labels
0x1c075f1c3083f67add5ffab240de1f604f978e83,0,contract_or_token,etherscan_labels
0x5735c40aadcc1503a4489c680ff87f05add06ca4,0,contract_or_token,etherscan_labels
0x415b2de2a6b2549cbcb8f2f909a483ddc6ba44b2,1,scam_heist,etherscan_labels
0x9e04b421149043c04b33865d5ecd8f6c87f174b6,0,contract_or_token,etherscan_labels
0x059236c954c1b6aef0d0f20da74c2eaf6cded574,0,contract_or_token,etherscan_labels
0x68582481d5872d530669e3f08504fa8444a025ee,0,contract_or_token,etherscan_labels
0x9d4ddcfd0b23134bebea4462b0feba81307bde05,1,scam_heist,etherscan_labels
0x645e587e282d2021480e99504904c220f304ee01,0,contract_or_token,etherscan_labels
0xf8937dc1ca081161527c0bc1eb6379420195c894,0,contract_or_token,etherscan_labels
0x42467d6696364b9c6809bddc0926723b92fccf25,0,contract_or_token,etherscan_labels
0xc5354d3c6ffe392f43da184342f3ab0640e63233,0,contract_or_token,etherscan_labels
0xeee72c5da95a1e4bbcf0bf327518045ff5a2916f,0,contract_or_token,etherscan_labels
0xcd0253e53897d89f704c5d49e273190885fe61b2,0,contract_or_token,etherscan_labels
0x46340b20830761efd32832a74d7169b29feb9758,0,exchange,etherscan_labels
0xb71b099a149d1d6bd14d2549f9830474f61a551b,1,scam_heist,etherscan_labels
0x080983d0492393056a589511c519cb763a03a6c8,0,contract_or_token,etherscan_labels
0x277f5499b1db94e215f24db590334cd488df7d44,1,scam_heist,etherscan_labels
0x2b82e8ce7c9a882c4afb10ccbc020f85c6749f8d,1,scam_heist,etherscan_labels
0x716ec36be0dd20a5c22455cb37d4ca86ae134ebe,1,scam_heist,etherscan_labels
0xa78176fc56e53b1928b8c91c6221abe0f4df4cba,0,contract_or_token,etherscan_labels
0xc5fe5d8d014740cbbc26b857a62894c0678697b9,0,contract_or_token,etherscan_labels
0xb6a891c0192ce8ae3744d3eafb5c88278334700a,1,scam_heist,etherscan_labels
0x2cebcf45fe05d24d57daf095a9d92e8ce5f2c2e2,0,contract_or_token,etherscan_labels
0x282b4fa41e7d663c266d53e50f7106224aaa3e4f,1,scam_heist,etherscan_labels
0x3ffb3d396a88a90856692b735697d04bbb3fc7cc,0,contract_or_token,etherscan_labels
0x130f4322e5838463ee460d5854f5d472cfc8f253,0,contract_or_token,etherscan_labels
0xebd889e971780dd054fc6843917d3163500b194a,1,scam_heist,etherscan_labels
0xff95c68da0cb6f5eb3e51011aecb86eb323719b5,0,contract_or_token,etherscan_labels
0x789063469df35f9aa569309731a1510dc9f0e8d5,1,scam_heist,etherscan_labels
0x23a9292830fc80db7f563edb28d2fe6fb47f8624,0,contract_or_token,etherscan_labels
0xcc83a7cb0ffe983af41e1f1990cd6fb071f8d045,1,scam_heist,etherscan_labels
0x7229d526d5fd693720b88eb7129058db5d497bce,0,contract_or_token,etherscan_labels
0x171183a171cdc18189666c255a346d99637f1a73,0,contract_or_token,etherscan_labels
0xba95fa2b47de4c971209aec5874c8204a3721e98,0,contract_or_token,etherscan_labels
0xac541ef515090a4e80431c257d58ff09a72e97cf,1,scam_heist,etherscan_labels
0x77337ff10206480739a768124a18f3aa8c089153,0,contract_or_token,etherscan_labels
0xfaea28c6fdc6e080109e1cb1fd3ad405c1347b6d,0,contract_or_token,etherscan_labels
0x823cacdd959192921d8bf66004cd21ee829b9c1e,1,scam_heist,etherscan_labels
0x3528666e62e7705b461688781628fef8e12f43f7,0,contract_or_token,etherscan_labels
0x18ee956e99cc606530c20d9cadd6af5ece08d89f,0,contract_or_token,etherscan_labels
0x26f5b1dda8904d942e571cc9689211349c9dd2ea,1,scam_heist,etherscan_labels
0x5fa5b62c8af877cb37031e0a3b2f34a78e3c56a6,0,contract_or_token,etherscan_labels
0xc04f25ef37e2a960afa400e623c386625c7802e3,1,scam_heist,etherscan_labels
0x04a1f9f9fe8910a27972e15d5da3bf79075fefbb,0,contract_or_token,etherscan_labels
0x34748fedad669c788aabe4fb325a4587941f7b48,0,contract_or_token,etherscan_labels
0x02a93bd9e440a4e40caea680dc92dd5aba4790c6,0,contract_or_token,etherscan_labels
0x2007815bd299786a117dda62566d6dbaa416926c,0,contract_or_token,etherscan_labels
0xf85c41e7b555621508e62e2920e1b38a8db325aa,0,contract_or_token,etherscan_labels
0x86525e899eccb304c2d39b93f31a786eef67c01a,0,contract_or_token,etherscan_labels
0xf91d4cf33a08abc1227cfd69fc92c2b1df9fd23c,1,scam_heist,etherscan_labels
0x0652687e87a4b8b5370b05bc298ff00d205d9b5f,0,contract_or_token,etherscan_labels
0x933efb8911efd5b9fb869f1672f98d2c6a31a251,0,contract_or_token,etherscan_labels
0xd85808d44fbb3db39a0cf8aa8bd996ceca2966c6,1,scam_heist,etherscan_labels
0x673a348808d6ea5a596ab1e0f93bc07a95abd351,1,scam_heist,etherscan_labels
0xf110783ebd020dcfba91cd1976b79a6e510846aa,0,contract_or_token,etherscan_labels
0xa0aa1db09cd253e45f925bf8987d32f4f06e2e41,0,contract_or_token,etherscan_labels
0xddfb973690c5b1aaa4a6685eb1a7871ce7f4b2c5,0,contract_or_token,etherscan_labels
0xba5c2f2165ddd691f99e12a23ec75cc1519930b4,0,contract_or_token,etherscan_labels
0xfd36e7280d1493f43213c3c25a0b80748b375b39,0,contract_or_token,etherscan_labels
0x847e5bb890c76114b5dbbdaa405f72aa9596fa17,1,scam_heist,etherscan_labels
0xdddddd4301a082e62e84e43f474f044423921918,0,contract_or_token,etherscan_labels
0x280267901c175565c64acbd9a3c8f60705a72639,0,contract_or_token,etherscan_labels
0x72075636be2603b91be1cda70fab6ef21ca86989,0,contract_or_token,etherscan_labels
0xbbe878cdebe453ab9c640620637b215a8a2f7f13,0,contract_or_token,etherscan_labels
0x39940ee99171cdbbfdbd540b987e778dba8734dd,0,contract_or_token,etherscan_labels
0xb4048764bf949f6dcb67db2098d7a90fdd182c45,0,contract_or_token,etherscan_labels
0x6774ad481ea5e4d0674c665cf3f33f36d8edd392,0,contract_or_token,etherscan_labels
0xcc6ba053f23ed00b4f1033f3b69a17d1984c4184,0,contract_or_token,etherscan_labels
0x7ca30e3aaafc79111b1714ccb2038b4c4009c447,1,scam_heist,etherscan_labels
0x21defa50d17cf8560b1e52d71e303c4445c7b9a1,0,contract_or_token,etherscan_labels
0xd4307e0acd12cf46fd6cf93bc264f5d5d1598792,0,exchange,etherscan_labels
0x79e1a8dc85b12c51ba70c3410b895160e492b103,1,scam_heist,etherscan_labels
0x1d19a4209d78fe94c99f104fafcc1e3457039a8f,0,contract_or_token,etherscan_labels
0xbf86f4ba2c6eb1514d3762950c6658ac5c8cb66e,1,scam_heist,etherscan_labels
0xf5bce5077908a1b7370b9ae04adc565ebd643966,0,contract_or_token,etherscan_labels
0x6bb6354e9921edabddf0fb7a5036002326782448,0,contract_or_token,etherscan_labels
0xd747e66d3511c2c1cb001f1622c2ea4b6c0f6647,0,contract_or_token,etherscan_labels
0x691aed5ccda49cb734c375aeb58c7b7e2fa4f6ed,0,contract_or_token,etherscan_labels
0x7bd69aa0a297e31a93bfcf2bb28fd5522fe213d0,0,contract_or_token,etherscan_labels
0xcc8d57267d4b8e9d5b28bf3c26e4ba8d1ed9e943,0,contract_or_token,etherscan_labels
0x00304c84fd48f6812a3af19697ebda50c0967c99,1,scam_heist,etherscan_labels
0x8d9451e45e50aab2641a41b8b592f6ddac0aa2f5,1,scam_heist,etherscan_labels
0x886fdfcea615e30f7148578ea5f496dbb29a7e19,0,contract_or_token,etherscan_labels
0x415bfde2763ed84dd457201ae9b462d252484740,0,contract_or_token,etherscan_labels
0xccfd89907d39057a2b54b1733eaba8987e7b6328,0,contract_or_token,etherscan_labels
0x9a67737d2ab958d80a763bbbd4b1c826249745f4,0,contract_or_token,etherscan_labels
0xdb2720ebad55399117ddb4c4a4afd9a4ccada8fe,1,sanctioned,ofac_sdn
0xdedba197cb186e6d129110e71138ef6c6ca153d8,1,scam_heist,graphsense_tagpacks:forsage.yaml
0x578301f78b7269261cea3c968f0643fb1a101e5e,0,contract_or_token,etherscan_labels
0x53877e6a131e8ed8db21c61165cc76854536674c,0,random_sample,bigquery_random_sample
0x571b544ee949db54da8b784fce9ba8498d6f964e,0,contract_or_token,etherscan_labels
0x69a30389dcd9f5e767b178dad46b966f6a0cd5ba,0,contract_or_token,etherscan_labels
0x42967fe8f5a4fc9afb31558378b77d61cb8ce56a,0,contract_or_token,etherscan_labels
0x3fcb001fc6a3ab35229d8d50b6675ef97fd20e16,0,contract_or_token,etherscan_labels
0xd764bb9822ee16097140031b017640e7a293e57f,0,contract_or_token,etherscan_labels
0x6c323c144a8d1748c6ca517b6c386561bfd599e3,0,contract_or_token,etherscan_labels
0x193008eaade86658df8237a436261e23e3bcbbaa,0,contract_or_token,etherscan_labels
0x02098976e02bebd91f402ddc752f7f2473383218,0,contract_or_token,etherscan_labels
0x5007d2cd9e13b30ade9f5da8a4332c8816a8c765,1,scam_heist,etherscan_labels
0xcd1c2cd851b29d9527d17a49eea061b75a443dbe,1,scam_heist,etherscan_labels
0x836749d30a3f1eaea10ddb3cce4368bed5865056,0,contract_or_token,etherscan_labels
0x0e8151dc5a9f785d57a7be92f00bfca3dc147f46,0,contract_or_token,etherscan_labels
0x22400f33726f0c62ecbac8ee0ba47c117ce5d429,0,contract_or_token,etherscan_labels
0xdff4f867855fd7db4d240b60fd0a88f6a049427a,0,contract_or_token,etherscan_labels
0x4afcd4713bc6bcfb3841a6f25e154a6e4873b4f6,1,scam_heist,etherscan_labels
0x2247ce4f0df657385008b8f4a405d6cab8477a53,1,scam_heist,etherscan_labels
0x2e30e758b3950dd9afed2e21f5ab82156fbdbbba,0,contract_or_token,etherscan_labels
0xa30fe7a3ae8a47bd7865947e9a8cc8b8e7d597ff,1,scam_heist,etherscan_labels
0x6770b5b545a2ed6bb7c537730591895d48438df1,1,scam_heist,etherscan_labels
0xd830c165fae12b3708be1dc9301aca48156edb88,0,contract_or_token,etherscan_labels
0x15ece0d7de25436bcfcf3d62a9085ddc7838aee9,0,exchange,etherscan_labels
0xd920a4bda8ecf4ac06ea2897f9a5a38a55e9ac6e,0,contract_or_token,etherscan_labels
0x64e48df556ac2e5c586f89a356d90daa90ba6289,0,contract_or_token,etherscan_labels
0x6955496f6225ddfd0ee49bd998c3b4c779cfd07b,1,scam_heist,etherscan_labels
0x5c52cc7c96bde8594e5b77d5b76d042cb5fae5f2,0,exchange,etherscan_labels
0x9ee3ff9b599f301ffb29e07be6eeac7e40c935ea,0,contract_or_token,etherscan_labels
0x421c3f769c62c1c86a1b0f916ba32afec87a8ae1,0,contract_or_token,etherscan_labels
0xdae7953528e9f218e74c9360b1c2f9e4df7d1ba3,0,contract_or_token,etherscan_labels
0xd44082f25f8002c5d03165c5d74b520fbc6d342d,0,contract_or_token,etherscan_labels
0xebdc35580e5a7dbea45a4ecf5934cf27cf97a375,0,random_sample,bigquery_random_sample
0xebd49b4c8f7f0ded2ca8b951cf92a583e7b4c8e7,0,contract_or_token,etherscan_labels
0x674f85bd3841f302512c0417590460754b8238ac,0,contract_or_token,etherscan_labels
0xc813ea5e3b48bebeedb796ab42a30c5599b01740,0,contract_or_token,etherscan_labels
0xa44c9b44bd9e83f3f87c66771be0a836712a5c2f,1,scam_heist,etherscan_labels
0x73d5285f1221564bce82521f901cbf23fbcb876b,0,contract_or_token,etherscan_labels
0x3b01377bb399951ec28cf8df7a462426fead9954,0,contract_or_token,etherscan_labels
0xd7f459b5041d792ef53809aa8e45da243374a697,0,contract_or_token,etherscan_labels
0x146551471f0920e905f2aa995beae3a695411aa8,0,contract_or_token,etherscan_labels
0x26d1f78808b4aca445dafd8a79cf1b0abd02b3ba,0,contract_or_token,etherscan_labels
0xdae2bf063d208611f2e44378197a3315ea569a16,0,contract_or_token,etherscan_labels
0xba12222222228d8ba445958a75a0704d566bf2c8,0,contract_or_token,etherscan_labels
0xed0267e69314cba8ba0d954c88b64f19614dea89,0,contract_or_token,etherscan_labels
0xa9d1e08c7793af67e9d92fe308d5697fb81d3e43,0,exchange,etherscan_labels
0xbe0eb53f46cd790cd13851d5eff43d12404d33e8,0,exchange,etherscan_labels
0x5d3cd3f3f1f0b99429152b096a1c7cc7c75a24f8,0,contract_or_token,etherscan_labels
0x687a13a016f038ed9b40ad518766619f6f4de8f5,0,contract_or_token,etherscan_labels
0x48eed3bddb81aebb56d206e76464ad9ba906cc58,1,scam_heist,etherscan_labels
0xb89f9d4ce5a7ec98d2a9221234bddf715d1160ca,0,contract_or_token,etherscan_labels
0x719404d9dd6fe6600ae96161c8a2d0d9e874ec36,0,contract_or_token,etherscan_labels
0xa716e993cb33cba0361163302699b965569cb157,1,scam_heist,etherscan_labels
0x748e4473e85ca8820db402f13afc71ab6ec60b6e,0,contract_or_token,etherscan_labels
0xbfa438c78d416dba243fda44f53d632f7e583382,0,contract_or_token,etherscan_labels
0x753f33c13fe44d41a8cc6ac202a6de6c53c58b6a,0,contract_or_token,etherscan_labels
0x26ce25148832c04f3d7f26f32478a9fe55197166,0,contract_or_token,etherscan_labels
0x63a9451897c5b1e15258815f2b1640f72f606ea0,0,contract_or_token,etherscan_labels
0x15ac360ddf2f4dbf6a7150497b7eb8cbdbb657f9,0,contract_or_token,etherscan_labels
0x2c70ea56c08ba4279d62f83ca14952ed28944072,0,contract_or_token,etherscan_labels
0xa2a2f2ddda58b1c9b7c9b9cb8c775d2b4a92c9f9,1,scam_heist,etherscan_labels
0x1fa0d58e663017cdd80b87fd24c46818364fc9b6,0,contract_or_token,etherscan_labels
0x8078198fc424986ae89ce4a910fc109587b6abf3,0,contract_or_token,etherscan_labels
0xe5f4c2e90a91c58ff2638e8b6c80227d88b107bb,0,contract_or_token,etherscan_labels
0xa482701ed481af30dd019153449057dfad53f7f1,0,contract_or_token,etherscan_labels
0x8d18407ce55d813c3d3184a7b4a2af7a024a03a8,1,scam_heist,etherscan_labels
0xddaa60e584338fa251451d6385f6a2b9bde98b2a,0,contract_or_token,etherscan_labels
0x1772f2263f73e819d0ae2eb60ea3af3a831769f4,0,contract_or_token,etherscan_labels
0xd9673b4c34f1be7548a93aadf4e1718c23666a47,0,contract_or_token,etherscan_labels
0xd74c23f4f7a7c390074bd583c444fbf60eae1f33,1,scam_heist,etherscan_labels
0xd04e33461fea8302c5e1e13895b60cee8aefda7f,1,sanctioned,ofac_sdn
0x876eabf441b2ee5b5b0554fd502a8e0600950cfa,0,exchange,etherscan_labels
0x13b3285b51474e77d2f965ec9cdf215f51f4e047,1,scam_heist,etherscan_labels
0x1424de24d225865f00e5965d5cc0395d3bc76262,1,scam_heist,etherscan_labels
0xb12377708df74deb619e4dc2934cc57cbdf65b1c,1,scam_heist,etherscan_labels
0xcf23924e28427fae3ca075bfcf0ce760e8d56958,1,scam_heist,etherscan_labels
0x8ee78e0f644643f943c621341009b0d9e6b173d2,0,contract_or_token,etherscan_labels
0x7219e87c4fda555a17492cc5a7828069656873b5,1,scam_heist,etherscan_labels
0xa78e18af9d9e365607637b38abde6979a2748c9a,1,scam_heist,etherscan_labels
0x31adfbf4f653bcdc3a12c889fa721ee76605ffa8,1,scam_heist,etherscan_labels
0xb43432ec23e228fb7cb0fa52968949458b509f4f,1,mixer,etherscan_labels
0x5dd6ed34ad5e67ee01bde1d49634ba9fbc5bb2cd,0,contract_or_token,etherscan_labels
0x2e59057ce2bc7d160a24eaf7a586b6b826a5086b,0,contract_or_token,etherscan_labels
0x8481150a0f36c98ee859e6c7b46d61fdd836768f,0,contract_or_token,etherscan_labels
0x64832950abccaa3d02ab8eb09aa058d789f5bb6a,0,exchange,etherscan_labels
0x78ba80c8517a4f3146fd76a3642fa57b77f331eb,0,contract_or_token,etherscan_labels
0x054d2043ee8ff8638a156e2085784077dc8ee9e7,0,contract_or_token,etherscan_labels
0x2e64fc49d609bc05d415e4d84e4a7612c458cfda,1,scam_heist,etherscan_labels
0x2e2c63625f49cb06669d3be3ba0cea25fde0b479,0,random_sample,bigquery_random_sample
0x1404c00e08739bd020fdcc20de541edd1869c244,1,scam_heist,etherscan_labels
0xd6dc678b03b3986630808c63a431f4104a7da8c2,0,contract_or_token,etherscan_labels
0x3085f06e60cafac44b7d2d9e251771dd22aa9a2b,0,contract_or_token,etherscan_labels
0xe51809ad06a2fedff783622c643c11f5b445b383,0,contract_or_token,etherscan_labels
0x1dcbb63078d9b0c45eef8ff0dd5a0422e1f5e718,0,contract_or_token,etherscan_labels
0x48fafbb5c4a977a97619017fbff9e88b6217fd8c,0,contract_or_token,etherscan_labels
0xdee8faa36fa1fcbb80c2f1a67c7c39c7afb31e5d,0,contract_or_token,etherscan_labels
0xfe9a776154f30281517d4f06578591911906f4e1,0,contract_or_token,etherscan_labels
0x504ef6c1a84484bec2f30a7fa4baf7cf27318660,0,contract_or_token,etherscan_labels
0x4fccb922148284270ce8b2fca8c00519563a4dda,0,contract_or_token,etherscan_labels
0xc040c7e5ba06e3f1ab5d1f45cc57ad3f997cd0a4,1,scam_heist,etherscan_labels
0x5e470ff820b7697022c255d86132f282eb9bee7c,1,scam_heist,etherscan_labels
0xaf9657e57e6b876dee2fb3f51cc05b5f1b852376,1,scam_heist,etherscan_labels
0xfc2906f44c8eca088fde6b479d60bdbcd7176772,0,contract_or_token,etherscan_labels
0x1ec2af99b241c5334a7374d23c91332fc1bb42fd,1,scam_heist,etherscan_labels
0x088ee5007c98a9677165d78dd2109ae4a3d04d0c,0,contract_or_token,etherscan_labels
0x8cd7dadc8e11c8706763e0de7332f5ea91e04e35,0,contract_or_token,etherscan_labels
0x855bc78f3dfa40a6642cf3a0ecb0570a1fcd7025,0,contract_or_token,etherscan_labels
0xe4449853e77f8258b5bfb872c6d4799e125d29ff,1,scam_heist,etherscan_labels
0x0087af23607d845d9391137360d497c1c36d3634,0,contract_or_token,etherscan_labels
0x927f762c8d23382cac591e8d9c7d266aa5570232,1,scam_heist,etherscan_labels
0x67a2e26b67279a110c152e6ad4c2d25e196d6655,1,scam_heist,etherscan_labels
0xfa51021825f0e55d4dd7f0d5dffff2d2ac91892f,1,scam_heist,etherscan_labels
0xe78b58adac054f160b6c43a99c3d7d60fed8b0e4,1,scam_heist,etherscan_labels
0x6d42692518c8b09c883e7c1e69c97518107f2185,0,contract_or_token,etherscan_labels
0xa4edf66a0210ddec12197d9fe7000dda6cf8b116,0,contract_or_token,etherscan_labels
0xdaa2713236311dde3be0e11c0d58ec04e6f78ecc,0,contract_or_token,etherscan_labels
0xe9f0b949220082fcba691fc81480669d517cf896,0,contract_or_token,etherscan_labels
0x82ebcd936c9e938704b65027850e42393f8bc4d4,0,contract_or_token,etherscan_labels
0x9c9e13f954f56f27e9885a2ff774603403f168eb,1,scam_heist,etherscan_labels
0xd4ae7335d0fda02b216b130c4dff81922c3d13a9,1,scam_heist,etherscan_labels
0x6d0998e0513a739d1af438e35fe33b4dad258920,1,scam_heist,etherscan_labels
0x0a0230da48eebe8be8fc368a267f4b917151cccc,0,contract_or_token,etherscan_labels
0x6be3cdb3071de4fa223caf26e2900b4d921355d7,1,scam_heist,etherscan_labels
0xcde72a11ec5195fd3a58e347d5d9d6ae19f17939,0,contract_or_token,etherscan_labels
0xc453703ba1bacbe9f11d255cf90f0c8acf16ef63,1,scam_heist,etherscan_labels
0xfc25f015f4e360148541984197e9629fdb411d30,0,contract_or_token,etherscan_labels
0x1f567243697a3800475ebce711458892ba67512c,1,scam_heist,etherscan_labels
0x6be0ae71e6c41f2f9d0d1a3b8d0f75e6f6a0b46e,1,sanctioned,ofac_sdn
0x828eab681d3d193bda3f9ffb9b25c69bf8f596ec,1,scam_heist,etherscan_labels
0x2aaa921fe9677c543b0c5efda9260fb085f1802e,1,scam_heist,etherscan_labels
0x78eae4ed2f6a1a7d3e5e87d242497912acdcab60,1,scam_heist,etherscan_labels
0x31d64f9403e82243e71c2af9d8f56c7dbe10c178,0,contract_or_token,etherscan_labels
0x8324b0227b7685434918edaa61be5e7f7b60b358,0,contract_or_token,etherscan_labels
0x0d9f9c919f1b66a8587a5637b8d1a6a6c5854380,0,contract_or_token,etherscan_labels
0xc81497c566d13fa7993d1d03de63b193debd6b68,0,contract_or_token,etherscan_labels
0x2856bca7e7d1e55edd9ffa3d2b7425aea802a4cf,1,scam_heist,etherscan_labels
0x70f002438c2e367b65b49919f6950014854193fc,1,scam_heist,etherscan_labels
0x1a3c63a48c806a813f35462727b158b08e4cd68c,0,contract_or_token,etherscan_labels
0x82f8c70a30a0f04d8caf5d96f7f52094704e77a0,0,contract_or_token,etherscan_labels
0x6bdb627491e468fa859141f29af5779ede9cea10,1,scam_heist,etherscan_labels
0xfa2562da1bba7b954f26c74725df51fb62646313,0,contract_or_token,etherscan_labels
0x6d02c2fc01e2d33fd2fb12da14303541eb442eca,0,contract_or_token,etherscan_labels
0xf45487d760718605fc96c414477427dd3d4857f5,0,contract_or_token,etherscan_labels
0xb719b6871c4ffe0ea2ee8b4eb890f5828ff9436b,1,scam_heist,etherscan_labels
0x736fe4555184778765e4a42d181f6dc2b0b7bf3c,0,contract_or_token,etherscan_labels
0x66535bf069a8b57273066c6f249b16e4e2ae5984,0,contract_or_token,etherscan_labels
0xcc66e1668889e2236505d70fae4672ff88fca1f4,1,scam_heist,etherscan_labels
0xf6577f0644cf4c705ee0d1c3a26a849d0e2deac0,1,scam_heist,etherscan_labels
0x64af258f8522bb9dd2c2b648b9cbbcdbe986b0bf,1,scam_heist,etherscan_labels
0x49a02ff6151b1aa2ec21c55b04391e17d85e7639,1,scam_heist,etherscan_labels
0x68483bea00b6a94951377bef9052bf58f62e0b5b,0,contract_or_token,etherscan_labels
0x91c75b11c2fda6c481b640a6fd534a9484559502,0,contract_or_token,etherscan_labels
0xc692453625023c6e03fec04158ea31ab4de2650a,0,contract_or_token,etherscan_labels
0x68d65814fe77e1412bc048d835532b88c3dadfe9,0,contract_or_token,etherscan_labels
0x209e622cd154bfa19c019cc2048f7c10ab5b8616,0,contract_or_token,etherscan_labels
0xe320546f9f9bf4b750fb706ee26317bcced4cac4,0,contract_or_token,etherscan_labels
0xe73ad09925201f21b607ccada9a371c12a2f49c3,0,contract_or_token,etherscan_labels
0x05ff4dbabc4c9e6a9aff8883141c6484aa5cc8b3,1,scam_heist,etherscan_labels
0xcff1bae66c7051861343063ce29d48eaf6a79ae0,1,scam_heist,etherscan_labels
0x1ccc8ee624fbe8c10917b96d1f0672b480f0d671,0,contract_or_token,etherscan_labels
0xc2a8c586dc9fc9927354ed8f24cf6b73e4511d04,1,scam_heist,etherscan_labels
0x6de3a957b0344e6adeeab4648b02108f35651fb5,0,contract_or_token,etherscan_labels
0xb6ffbc0f31fd15474c8ebe09193d3dfdeec16f23,0,contract_or_token,etherscan_labels
0x037acd0d1f20b7223bbe67c1d90b0b7ec45b0af5,0,random_sample,bigquery_random_sample
0xabe39cc76cc51ef53a99f5127b5104310c703b3c,0,contract_or_token,etherscan_labels
0x89d9b6c199eef99c0eefe2c671cb6bc191d1f8bb,0,contract_or_token,etherscan_labels
0x7a6d572fcd95e9a3629487534b7f2ce7c7eb8ad8,0,contract_or_token,etherscan_labels
0xd12b87b4bb9ee50127ee76031304133ae0a80515,1,scam_heist,etherscan_labels
0x3c020e014069df790d4f4e63fd297ba4e1c8e51f,0,contract_or_token,etherscan_labels
0x38c87bd7f6b66a42d04939fed47898e14b28323d,0,contract_or_token,etherscan_labels
0xfd2d91db13504a67e33185d3c9b5956496026820,0,contract_or_token,etherscan_labels
0x2bd96245df9c5cae76c007d895bf22185512e9a8,1,scam_heist,etherscan_labels
0x3dd6dd084b3cf81f6f6a07a2cce56992f7b01e06,1,scam_heist,etherscan_labels
0x6c66bfb5e1f60669756b0ae13ee0cf79a4887dcf,1,scam_heist,etherscan_labels
0x4af9aa7b98e70e62e5e0903a2476803e170622bb,0,contract_or_token,etherscan_labels
0xd1c6776b82626d680d15927bed677d951804766b,0,contract_or_token,etherscan_labels
0xbad190cf5d07a387b8b3df38a23068c5b0f38843,0,contract_or_token,etherscan_labels
0x0d8a21f2ea15269b7470c347083ee1f85e6a723b,0,contract_or_token,etherscan_labels
0x16da43f7b6e91fe572452ece12f555377c5d36c3,1,scam_heist,etherscan_labels
0xaeade605d01fe9a8e9c4b3aa0130a90d62167029,0,contract_or_token,etherscan_labels
0x32a8311269c2b5c26e7884ba7490e7931984e5f1,1,scam_heist,etherscan_labels
0x96732e575a0e570d90c839a7e3acf7203aea6004,0,contract_or_token,etherscan_labels
0xc0735dc9bd6a7d16826dbce01863970cf3881397,0,contract_or_token,etherscan_labels
0x4c0947b16fb1f755a2d32ec21a0c4181f711c500,0,contract_or_token,etherscan_labels
0x0ac9a55a4442d4e9b342ec6a73c0488d53824c6b,0,contract_or_token,etherscan_labels
0x6ae6be7b8e48f8ad3ebcccedac31841bc1516239,0,contract_or_token,etherscan_labels
0x5b2b12eafa53a3ca305d5b9b86fa284e0ccc60de,0,contract_or_token,etherscan_labels
0x6d150646512174e191f6df5746a48b68d48020cb,0,contract_or_token,etherscan_labels
0x141fef8cd8397a390afe94846c8bd6f4ab981c48,0,exchange,etherscan_labels
0x1ddf0976ac842c696d01a86b39d25b067ed8c7ff,0,contract_or_token,etherscan_labels
0x198c3104497909bac721ccec320407702e28cd7a,1,scam_heist,etherscan_labels
0x9c283af730ebadf69b8dbf35b7c2ff7a357cacbe,0,contract_or_token,etherscan_labels
0x7b0246a2b514648381785b80f0259ddc602b718a,1,scam_heist,etherscan_labels
0x99265982f2732041c0acaaafe94a117f3a370ee8,0,contract_or_token,etherscan_labels
0xe0339677f3491f339b941584ef02c311059ea0e6,0,contract_or_token,etherscan_labels
0x92e7eb99a38c8eb655b15467774c6d56fb810bc9,0,contract_or_token,etherscan_labels
0x114068eeb0f50456e07d26b92ba0ae5f5b55b690,1,scam_heist,etherscan_labels
0xa2b896433c25e62b791078c51099778d69de32a5,0,contract_or_token,etherscan_labels
0x98a2836cef3f9e4325ba1f049ba24c7184e6d60e,0,contract_or_token,etherscan_labels
0xd1b430eb6f5de67cc2f2fccfa559b8db70d9d96d,0,contract_or_token,etherscan_labels
0xc4f05007bd6e223e445a3336f9c3368ed048c3df,0,contract_or_token,etherscan_labels
0x123ab195dd38b1b40510d467a6a359b201af056f,0,exchange,etherscan_labels
0x8d2692c98890ff631b0751b2839339765b4484a1,0,contract_or_token,etherscan_labels
0x99ce63519b1c04192f4b75e5a701f3fd145adc2d,0,contract_or_token,etherscan_labels
0x8e96ea20301de7fd4f0b44e58f7c681eee0b5108,0,contract_or_token,etherscan_labels
0x146c20118f7fcc7154e3c913114b3e54000c496a,1,scam_heist,etherscan_labels
0x539b0445c181e7c31744b345889a5d07a0968e89,1,scam_heist,etherscan_labels
0x27c4e13fc8240a0f87ffa4b39ebb699df48721d1,1,scam_heist,etherscan_labels
0x6a1544d5569d6b5e0c576444a4375b585688c4c4,0,contract_or_token,etherscan_labels
0x9ee3abca5692ce38f13956081f09a75ef7a1e255,0,contract_or_token,etherscan_labels
0x13cb03bfbe8bfb8c9923fae884a1f1b16dd2adef,0,contract_or_token,etherscan_labels
0x61950f307058d5253887ec70791afaaace241e99,1,scam_heist,etherscan_labels
0x86ad51a4642472376f01755e1b0fe3df95b493d0,1,scam_heist,etherscan_labels
0x9fa4eb27c2a859a76caa1da9fe4ae2e48c2307c3,0,contract_or_token,etherscan_labels
0x510df60ff82b707109b938e1fe7e68a43e98d68c,1,scam_heist,etherscan_labels
0x5338035c008ea8c4b850052bc8dad6a33dc2206c,1,scam_heist,etherscan_labels
0xf654d4c3cc334324ad474a0d5d3708dca4c1cb25,0,exchange,etherscan_labels
0x07b89ff5757e6b20ac9da12908b8a5857fd2a197,0,contract_or_token,etherscan_labels
0x2f5da1be9fb2f0fb115b31c8f1feda702c1e86d1,0,contract_or_token,etherscan_labels
0xf1ddcefe7e21b988332e48dde416dfa68cafe461,0,contract_or_token,etherscan_labels
0xe60ec4e49dd46dbe45ee79308b00405897310227,0,contract_or_token,etherscan_labels
0xfd54078badd5653571726c3370afb127351a6f26,0,exchange,etherscan_labels
0xdfd5293d8e347dfe59e90efd55b2956a1343963d,0,exchange,etherscan_labels
0xb2d94fb589b4da02ab6736dab0db54f72ee64b00,0,contract_or_token,etherscan_labels
0x14387b80a735b36f592f10f3555a807d3c154138,0,contract_or_token,etherscan_labels
0x03829f5675f3b51d0f8c2a74417a757625acf22f,0,contract_or_token,etherscan_labels
0x0a45283aa2a0f5cfea01de4288531beebe427b94,0,contract_or_token,etherscan_labels
0x8c8d312554011f564aa54b0c2335139087037c84,0,contract_or_token,etherscan_labels
0x3c0f4749161a8cbbd825b54e30188970f20f331e,0,contract_or_token,etherscan_labels
0xa99eb578a08b6f74316f3947ad7fba5e139a1d87,0,contract_or_token,etherscan_labels
0xf296a88492486fa57f0bb71ad2f6a2dcbc608152,0,contract_or_token,etherscan_labels
0x0450054af2245d1799292e4fc6c9da720822b417,1,scam_heist,etherscan_labels
0x9cdb6fcb7536baead4e2253c1840d3bd406c7a9d,0,contract_or_token,etherscan_labels
0xdf2c408f0ad496b222bac96ecadc68703b9e0b2a,0,contract_or_token,etherscan_labels
0x8adfc8cce132526a9fe74d83196270624058ffc3,0,contract_or_token,etherscan_labels
0xb711ccdfb3609ea144930c9fb5e6a36219b478de,0,contract_or_token,etherscan_labels
0x54ca5b62d3d0540fc5be9fc560721797ed202b97,0,contract_or_token,etherscan_labels
0xd3079e00e0c85d086d06d94fe31e35d59653ce90,0,contract_or_token,etherscan_labels
0xbd3e90f6aac214171745ae1231a809c6e6ca2c8d,0,contract_or_token,etherscan_labels
0x9a755332d874c893111207b0b220ce2615cd036f,0,exchange,etherscan_labels
0xa2b3c876a14c4055996360e209978d3ae2536d2e,1,scam_heist,etherscan_labels
0xcb1d884bd6978f9c8d29bb59ca94ea118f7b1234,0,contract_or_token,etherscan_labels
0x2bdabe68d5a5a7988f9a3abec6e4c38c4d7fbbab,0,contract_or_token,etherscan_labels
0x6e9eef9b53a69f37efcab8489706e8b2bd82608b,0,contract_or_token,etherscan_labels
0x834fe28ad5d86762d5b61fa1e963cee79657436f,1,scam_heist,etherscan_labels
0x14994c09c42644bfc0a00ebb356a12a530da1e58,0,contract_or_token,etherscan_labels
0x7c54097accd7fb537c594dc7e410c5bca36ed71d,0,contract_or_token,etherscan_labels
0x6a9e43dff851b2bc73c514dd2735271de815dc4a,0,contract_or_token,etherscan_labels
0x8e08d1b53afdab551ad98aef93c0ac7bd7662c8f,0,contract_or_token,etherscan_labels
0xb6b45439aa2fbc67bd51b680daaa85d3fb190a4b,1,scam_heist,etherscan_labels
0x67092abb8ed5e0d132673788659a3644e6bd8adf,0,contract_or_token,etherscan_labels
0x81e197a89f7373e9f7f734bdc775b9a34dbd5bd3,0,contract_or_token,etherscan_labels
0x0c2c138c54fbb1e46a15ca726e70131bf309ed1a,1,scam_heist,etherscan_labels
0x2e6a85a2487c764b0d00e4f468219508b0a71494,0,contract_or_token,etherscan_labels
0x90825add1ad30d7dcefea12c6704a192be6ee94e,0,contract_or_token,etherscan_labels
0xef54f559b5e3b55b783c7bc59850f83514b6149c,0,exchange,etherscan_labels
0x4b6b06de9a52e8a3fb91df2d1615e17705371f86,0,contract_or_token,etherscan_labels
0x74116e73d97135dcb6a8ad35008a18ccf4950c01,1,scam_heist,etherscan_labels
0x942df696cd1995ba2eab710d168b2d9cee53b52c,0,contract_or_token,etherscan_labels
0x64c2f792038f1fb55da1a9a22749971eac94463e,0,contract_or_token,etherscan_labels
0x13d9393ac971566b2a243554669621ee33f4b398,0,contract_or_token,etherscan_labels
0x5d38d9e77b5a6d26903ae0ae5202bc932df92712,1,scam_heist,etherscan_labels
0xe67ba3de4539a694d4cdb6fd8bc519bdb246712e,1,scam_heist,etherscan_labels
0xf8a01bdab3c85edce962c2eb026a6283163ea9e7,0,contract_or_token,etherscan_labels
0x3b49d71b23d0a78612374541a3004ef2854fe1c5,0,contract_or_token,etherscan_labels
0x1e3d169be47dfad78ef20375d88182ad2bc3ceab,1,scam_heist,etherscan_labels
0xb4c605b27758ab80cba186d4826bfa9dbcf1bbb0,0,contract_or_token,etherscan_labels
0xf375afa087a97b40d06eb646e54cf2d31b822e0b,1,scam_heist,etherscan_labels
0xaad45ab75fd29cba195b25c7575eff662e5e1620,1,scam_heist,etherscan_labels
0x94eec2dbe43702884d209bd54186a7d0d70a93f5,1,scam_heist,etherscan_labels
0x211a4d877ab0f42223ac8e45b99125b08ae771a5,0,contract_or_token,etherscan_labels
0x8554d78be7dad3620aee3bf0a7c846397424d769,1,scam_heist,etherscan_labels
0x747857584755d82fff64bda8e8caa81bbb3e12a7,0,contract_or_token,etherscan_labels
0xa08bbcfb06cf06133e4a4d91478441d85016658b,0,contract_or_token,etherscan_labels
0x05d7c706210c981778dce43de41ee08766378570,0,contract_or_token,etherscan_labels
0x2b154da4e26ddd7fa8bbf785d4fc155c537f3a4b,1,scam_heist,etherscan_labels
0xc5fa78cf1300008589a51df560fb921c8ae4ea91,1,scam_heist,etherscan_labels
0x9cb96d7d6748d8f21e14f1b8a57a6e65eae8eeb8,1,scam_heist,etherscan_labels
0xbdacbf5cc2400303c312948d2c80ae6fa38d83e2,0,contract_or_token,etherscan_labels
0x9b6207d69a5d7da4d1cee426f9b5bb6f5c6ff2c0,1,scam_heist,etherscan_labels
0x6928f625e448cc4480378938d9e98439d7baf1b9,0,contract_or_token,etherscan_labels
0x0eeb656c196e3022f6052bb2858b884817090dfe,0,contract_or_token,etherscan_labels
0x69090d6968b12b79cd403ee33e871284dc7e92f6,0,contract_or_token,etherscan_labels
0xc88fd90b4b410640b755d733e8ee69930e39522d,0,contract_or_token,etherscan_labels
0x1d41ff3d567a9f4d595cb1182ee31341f96d4db0,0,contract_or_token,etherscan_labels
0xb3eeea75da2a63e3e3b903f9224959e6bf4b32b6,1,scam_heist,etherscan_labels
0x62d51fa08b15411d9429133ae5f224abf3867729,1,scam_heist,etherscan_labels
0x72e9a7801c330031f71529442dc3bb7c5b6d919e,0,contract_or_token,etherscan_labels
0xb4b8a18df6cb8b271a945510431dfa67c11925a4,0,contract_or_token,etherscan_labels
0x0f2f27e381d8512cc4fcdb5d73788be0a7e0b0e1,1,scam_heist,etherscan_labels
0xa3c37d3bea8f25e428734765c013a17a6babfd9f,0,contract_or_token,etherscan_labels
0xade4a9271520bab192fcd057aae27d6753194246,1,scam_heist,etherscan_labels
0xbaea0c8eb13599ff6ffdc79057ff5f2dd3882903,0,contract_or_token,etherscan_labels
0x9213ec4ece5e6588ad59d7dd310e179ce9471999,0,contract_or_token,etherscan_labels
0x7e3167771bf23ac10930803589d1424903b36584,1,scam_heist,graphsense_tagpacks:ronin_bridge.yaml
0x6be7b7ef0f7519f791e908cc0dbd63ac79669e2a,0,contract_or_token,etherscan_labels
0xee91e3bb4752f358ddaac6ab825536698b239546,0,contract_or_token,etherscan_labels
0x96872401a18e75d341c68c0e240c662b42d3e313,1,scam_heist,etherscan_labels
0x6d295d23845bfd9122473247b9ff2af63ff2e262,0,contract_or_token,etherscan_labels
0xe6c780d5f8f58c46f3b7736c5fface303b0f5c0a,0,contract_or_token,etherscan_labels
0x5259e608aadba66451d8c221fb54ee9a635d8561,1,scam_heist,etherscan_labels
0xd0975b32cea532eadddfc9c60481976e39db3472,1,sanctioned,ofac_sdn
0xf7f37162c5034f29b591a52e451293fd80fd690f,0,contract_or_token,etherscan_labels
0xdb4eb9c5ca378aa1a990600c92bad775f27d68b6,1,scam_heist,etherscan_labels
0xb291088c5c9f3f6439d2adc81f2961c9d16d7719,0,contract_or_token,etherscan_labels
0x07fc79c6b39ce70304d18ed741db9f41cf1f1056,0,contract_or_token,etherscan_labels
0x427bef5a6927f27d9e1e9eeff21e5bcbbcb5e4b7,1,scam_heist,etherscan_labels
0xe93e8aa4e88359dacf33c491cf5bd56eb6c110c1,0,contract_or_token,etherscan_labels
0x30330d63ca69834a0b582985e473255cd53956c4,0,contract_or_token,etherscan_labels
0xdb45bbc25743aaf60c9cc30e9aa93e0ab4f87185,0,contract_or_token,etherscan_labels
0x918b5d94ec11f889ef5a1fe7df799ddfc3397776,0,contract_or_token,etherscan_labels
0xd22cf2ebf129c37526f5c2044a65594809a1f107,0,contract_or_token,etherscan_labels
0xddb74dddb5be31f3a357a19f8bebcfe3f9723368,1,scam_heist,etherscan_labels
0x01ab5bd51a93d3765e31dea8cf9ba5d1c0c52383,0,contract_or_token,etherscan_labels
0xe5dab4f3a526b6199fd7002765ed9aca41a3c47c,0,contract_or_token,etherscan_labels
0x73afa3d21a5e6b2426671814f22a3b89d76aeb0f,0,contract_or_token,etherscan_labels
0xbb1577b192b5f0250c2f3e3a4d7e0cff5e814755,0,contract_or_token,etherscan_labels
0x7805cf2acd9f10a1ed910db25b3d5a32596c5312,0,contract_or_token,etherscan_labels
0xe7f5b65126dd3cfe341313d1e9fa5c6d8865c652,0,contract_or_token,etherscan_labels
0x233f21d32f32b0a142e936d67378c48e1ffe5986,1,scam_heist,etherscan_labels
0xa8660c8ffd6d578f657b72c0c811284aef0b735e,0,exchange,etherscan_labels
0xd4b46b14604f8ca35c8e80e497a3f22b85752149,0,contract_or_token,etherscan_labels
0x089f628ad70cee51ffda213cfef2afff4dec4d5f,0,contract_or_token,etherscan_labels
0x881d46b2d7465d3efe56dd92976d0c8cf0fda7ab,1,scam_heist,etherscan_labels
0xc93c8e9e09150ab7c3aba7b6794c35816f63d1b9,0,contract_or_token,etherscan_labels
0x808c5bb032a0d79f5102c1ab047b31620a866fb8,0,random_sample,bigquery_random_sample
0x4f57e1f2020c35cd2fb45cf53cfeb6ff2e796180,0,exchange,etherscan_labels
0x1bb4b6febe3afc4310966fc8d2e60a582722778d,1,scam_heist,etherscan_labels
0xfb1d7f6c700a053683f80447b387a891d5f76aac,1,scam_heist,etherscan_labels
0x503e4bfe8299d486701bc7bc7f2ea94f50035dac,1,scam_heist,etherscan_labels
0xd645a8ac4db5100d241e7bae50d2b9e46aa5d0cc,1,scam_heist,etherscan_labels
0x6cc5f688a315f3dc28a7781717a9a798a59fda7b,0,exchange,etherscan_labels
0x795065dcc9f64b5614c407a6efdc400da6221fb0,0,contract_or_token,etherscan_labels
0xbc53ad7b3c0041a0275b7da0c22c5778bcbc3d9c,0,contract_or_token,etherscan_labels
0x38ec60795e25e80236789bbe09a22284bd7a4a74,0,contract_or_token,etherscan_labels
0xe3b416a412a611bcbf34c847da9f44435ec5e3e8,0,contract_or_token,etherscan_labels
0xe22fb95aecfae1324b09d7a34229a006adf5431d,0,contract_or_token,etherscan_labels
0xce8070c0340674f2467837283518daafa93002dc,1,scam_heist,etherscan_labels
0x9c251e51811dc5969efa2d4056332ffd2e52f194,1,scam_heist,etherscan_labels
0x8d5c91324da4c4ef46b623ae62bf5586de0f4507,0,contract_or_token,etherscan_labels
0x571e455f52c0d6d47a4ef852640f42c2d8decc5d,1,scam_heist,etherscan_labels
0x68b5e431a1df1cb94d11218690b5780de5c918bd,0,contract_or_token,etherscan_labels
0x2fecea370e95cf4305dde128867127290ad8bd61,1,scam_heist,etherscan_labels
0x896c3307f0b10fb956f5d22185863c2917bf58c1,0,contract_or_token,etherscan_labels
0x8f67ec34b2ca96962b3ea0997af3cf6d639b70a7,0,contract_or_token,etherscan_labels
0x6fe6edfd0e9cb4697ea5c06183e979a89871363e,0,contract_or_token,etherscan_labels
0x5f2e0f0d3a425385f4d802f67ef6efd9a8e49523,0,contract_or_token,etherscan_labels
0xd9ddff07ebdcf5595998f9f195edd705d1bd1abc,0,contract_or_token,etherscan_labels
0x3bbb9f875493045113705fc2d4b14aaaf457e520,1,scam_heist,etherscan_labels
0xd9b1a242a7a067cce13b5418c0c4c1d307036ba8,0,contract_or_token,etherscan_labels
0xd9d5ed792a5d89cd73a0764ee263e4a5df2dd542,0,contract_or_token,etherscan_labels
0xd467c128c00caed256330d202db126727ffd874b,1,scam_heist,etherscan_labels
0xf75b5f03d1c0794c636302784313d511f80afaf5,1,scam_heist,etherscan_labels
0xf0bc36fa47a052b92da4f50bd042d9e047192a65,0,contract_or_token,etherscan_labels
0x9a377c070cc8b6dc5e8ad9d1323de63eb39518a0,0,contract_or_token,etherscan_labels
0x1ae9705fd437484b620ef08ea6f7b9dee297456a,1,scam_heist,etherscan_labels
0xb5d85cbf7cb3ee0d56b3bb207d5fc4b82f43f511,0,exchange,etherscan_labels
0x7693b8f973d1cd8f990a42605ad9ed86ad768d58,0,contract_or_token,etherscan_labels
0x75671398c524a18a0fea89c0b4e596417891eb13,1,scam_heist,etherscan_labels
0xc9d672148ea9388d51d3051ca8b7299fef6cd15b,1,scam_heist,etherscan_labels
0x032f7305592b5a07a43f8e1bf43681560e7fa161,0,contract_or_token,etherscan_labels
0xd35c306af2b09484fbbf657521b082aa93c80192,0,contract_or_token,etherscan_labels
0xac6bac9dc3de2c14b420e287de8ecb330d96e492,0,contract_or_token,etherscan_labels
0x70f01aefdce76df83f992fa416bdb9d7a21098ac,0,contract_or_token,etherscan_labels
0xfdfadaf1af0c7f1f75a669610be4fd064e469813,0,contract_or_token,etherscan_labels
0x99d9df67196190e9f12eac7414f02e62c5bf9eab,0,contract_or_token,etherscan_labels
0x67ae26b7d4bc93cd22cfce53372e9678d6881e63,0,contract_or_token,etherscan_labels
0xe8e2ee74ba84bd2d52c1348132c949e49c826c3b,0,contract_or_token,etherscan_labels
0x1c92dcd125d963766dc12b088ca337a937f27bf3,1,scam_heist,etherscan_labels
0xb6e932ef66c3da62668e5a006f383d828a9c9747,1,scam_heist,etherscan_labels
0x046b7aeb71fe6ff08f4ac602de9c92c13691180f,1,scam_heist,etherscan_labels
0x05f6eb818a2df17bd8dd6866c077e5f6f9bb74cc,1,scam_heist,etherscan_labels
0x85d842473723c7a30e2ac273c5a202a76780ced5,1,scam_heist,etherscan_labels
0x11803726e449c690d14fcdaa0ed1b1b41b1dd696,0,contract_or_token,etherscan_labels
0x8a3ca1d2d9a05683eb4db447d0e3122fec09d9ee,0,exchange,etherscan_labels
0x32770a23c5a642868d5f4e20c193cc5019009a2e,0,contract_or_token,etherscan_labels
0x8a8c9d751ff5a258503fc7656523690c4ffdc2f9,1,scam_heist,etherscan_labels
0xc8fe73f961beaec33575c1271ac60244675f5b45,1,scam_heist,etherscan_labels
0xa89ad913e63cb79c56f51de8bc534e075b4f915f,1,scam_heist,etherscan_labels
0xbc42cca75284f288a3cc65a7c3a1cf38f4fb2b46,1,scam_heist,etherscan_labels
0xe3314bbf3334228b257779e28228cfb86fa4261b,0,exchange,etherscan_labels
0xe8028b10318aad63a7ca783e9d0c4b9188ded37a,1,scam_heist,etherscan_labels
0xef3cb1d826a8940f526b45264be7f47c99770cc2,0,contract_or_token,etherscan_labels
0xc0d481d606ee79cdf649446dcf4500a14a443d9a,0,contract_or_token,etherscan_labels
0x6c9223ac56c6a808ff6b0c706e5c009c2dd2aea4,0,contract_or_token,etherscan_labels
0xd6587009d4b1904e7849148d8e2317324b678c67,1,scam_heist,etherscan_labels
0x43872df79b62a05b209f06b96de037d2e5e77d52,0,random_sample,bigquery_random_sample
0x1ab9214d22933cf6d3b799a1acaf77c10bd6206b,0,contract_or_token,etherscan_labels
0x267be1c1d684f78cb4f6a176c4911b741e4ffdc0,0,exchange,etherscan_labels
0x631e7c0b984a3fd5c2c7edef75b0dd432156da36,0,contract_or_token,etherscan_labels
0x6689fab666b2579117cde841f41f9dcac960e59a,0,contract_or_token,etherscan_labels
0xdd9102f649921322be0d873af05d30450ba2f42b,0,contract_or_token,etherscan_labels
0x09f42e8a9363867283f0eea88fa6c3700e07ef03,0,contract_or_token,etherscan_labels
0x2b5b309e6c233c06e766178ec02864d15fc49195,1,scam_heist,etherscan_labels
0x4de6c9d5d08f498659e4cb7f3e45f3cfd7ec29af,0,contract_or_token,etherscan_labels
0x48498b002e34f549e23bff1f1dd71e9f69b8e522,1,scam_heist,etherscan_labels
0x3911f8b345dc15a88464feab70401919bc6bb04c,0,contract_or_token,etherscan_labels
0x2eb6cfbffc8785cd0d9f2d233d0a617bf4269eef,0,contract_or_token,etherscan_labels
0xabbdc276f1079a4e662b5630be5439ad4afc55f5,0,contract_or_token,etherscan_labels
0x1b4a4001037363e9dc61c17fab73c9ff56a37dd9,0,contract_or_token,etherscan_labels
0xc636312f802869a65b6f89608781ef887defb443,0,contract_or_token,etherscan_labels
0x13acc7540ae097eb1ae06b96b639903813466dbb,0,contract_or_token,etherscan_labels
0x45f2d1e945e2fa961a63405d8dd575b12f6baea8,1,scam_heist,etherscan_labels
0x7cd40497c8284df1018673e6b29c3d97ef811685,0,contract_or_token,etherscan_labels
0x8dc25df7a48a01629e458379b54b60207f256a7b,0,contract_or_token,etherscan_labels
0x678aa4bf4e210cf2166753e054d5b7c31cc7fa86,0,contract_or_token,etherscan_labels
0x39ee0f29253017d69909b7286caf8c080e9d6da2,0,contract_or_token,etherscan_labels
0xa1fa38e239cdf51ec863f9860f8e5e1a79e23b65,1,scam_heist,etherscan_labels
0x807fdbcb54dc5d01b99a5aa7fce883a759d27cbe,0,contract_or_token,etherscan_labels
0x2c35df41a8abeac6438b709bbc1bee872a8210e3,0,exchange,etherscan_labels
0x450ab94c7d9a7c39214a9ea0119d762c36a65d2e,0,contract_or_token,etherscan_labels
0x5cf10b7d7c25ec4846c3e042f36ec9f9ed573cd1,1,scam_heist,etherscan_labels
0x1cb9e12b35199bee15d9ee13696b87bb777776dd,0,contract_or_token,etherscan_labels
0xb2961fa866f4b8ffc7aa92ff975247c560fd7b2e,0,contract_or_token,etherscan_labels
0xa37e1c3a9453b68decf24589edbf1ef8e68539ae,1,scam_heist,etherscan_labels
0x89caa8224b1df9f8be2bf43befc34b91773832d2,0,contract_or_token,etherscan_labels
0x48f4bf884ea9661374deaff10ef331ec694fcdf2,0,contract_or_token,etherscan_labels
0x942eca417236c4b23b17720716aaa0cc92b0b28f,0,contract_or_token,etherscan_labels
0xd6ac6cc40f4b3aedb02b8d9da5e7e28129bab25d,0,contract_or_token,etherscan_labels
0x61728ae95d10a34bd53c58ffc3c9c893da8a8892,1,scam_heist,etherscan_labels
0x841a1f84b02fc2bfc24d177f7f2b13f76aeb60bc,1,scam_heist,etherscan_labels
0x4502293a1e421d26da1605f997a32b6ea6f24187,0,contract_or_token,etherscan_labels
0xfb2c77673bc91efd01ee8d1a8a4d6a1b319f7f76,0,contract_or_token,etherscan_labels
0xe362ba9b78f13f2440d4b4e533179e81ed09cc3b,0,random_sample,bigquery_random_sample
0xbe73a85e31328d157991bd209f709b10767bc141,0,contract_or_token,etherscan_labels
0x1966d718a565566e8e202792658d7b5ff4ece469,0,contract_or_token,etherscan_labels
0x0f24b1c09386d98c2abd4706e333fd1f1a7a0ecf,0,contract_or_token,etherscan_labels
0x9eecb604265961e15b09033a045b368fd58c503f,0,contract_or_token,etherscan_labels
0xf0b6bba1c33ed845875a4358e125f91266edc5c8,1,scam_heist,etherscan_labels
0x3ae7fbec2646a5a44a2d51164fced2709ef855bb,0,contract_or_token,etherscan_labels
0x0cb2f9535f0431c0bcb23e83dcc72ce0f224fba2,0,contract_or_token,etherscan_labels
0x34d25a4749867ef8b62a0cd1e2d7b4f7af167e01,0,contract_or_token,etherscan_labels
0x20cef0b99baa6cacb818d0bf3b4c16f6a702eb9e,1,scam_heist,etherscan_labels
0xcca17fe7e292d75994d0ab97fd78416edcf64a76,0,contract_or_token,etherscan_labels
0xedfb0bd063d9777105e573f3ee00298d9d263818,1,scam_heist,etherscan_labels
0xac5cc4c239194b3f3d58e96b13c1de578090885d,1,scam_heist,etherscan_labels
0xe9c1cb8f911cd50505061d1320aa49e55c5caeb6,0,contract_or_token,etherscan_labels
0xdc5d427709d411bda930aca81b3f0fd26bb4aefc,1,scam_heist,etherscan_labels
0xaf8ae6955d07776ab690e565ba6fbc79b8de3a5d,0,contract_or_token,etherscan_labels
0xe85ed92f5a1549676c0df43a95a577534b2928d7,1,scam_heist,etherscan_labels
0xa7d2ea4a2aab1e2d0e3f8bb93765eb2ecc937c1c,1,scam_heist,etherscan_labels
0x281541031146715f45b08dfb12a74bfc7d1bd498,1,scam_heist,etherscan_labels
0x65cf53caee0c8596cd127d571cd62ac61f4b314e,1,scam_heist,etherscan_labels
0x3d6906d338ea7bb3a956f71ed39776827be1e17e,0,contract_or_token,etherscan_labels
0xc34473ccac5e14a4b7bf558d41477a05976e670c,0,contract_or_token,etherscan_labels
0x57067c10baa7ab532c9f520e03e99645b12298f3,1,scam_heist,etherscan_labels
0xe39ff94e5cf8f08ec5dec28d971062641b7ccd21,0,contract_or_token,etherscan_labels
0x4ba68c8684a4abf9f285c91df6817ae7c251bee0,0,contract_or_token,etherscan_labels
0x594415978a756c5b02eabdff98d867cdda65e888,0,contract_or_token,etherscan_labels
0x3908890900bd3295191a8bc67e9496009e06d0a2,1,scam_heist,etherscan_labels
0x4f8716018ccb54ac64b68cd1d5f205d6e9818ac1,1,scam_heist,etherscan_labels
0x28deb2eaddf8dc85f51027d42f8b16ca3efb5462,0,contract_or_token,etherscan_labels
0xb485fe9998285f23b86b3b99f41799c367894166,0,contract_or_token,etherscan_labels
0x604ecafded35156260c0ca8eb58b1284da0c6d4d,0,contract_or_token,etherscan_labels
0xed0413d19cdf94759bbe3fe9981c4bd085b430cf,0,contract_or_token,etherscan_labels
0xc6973ecc448aa51ad7f88858c0ed78ca9cbd4ff5,1,scam_heist,etherscan_labels
0x19f8f2b0915daa12a3f5c9cf01df9e24d53794f7,1,sanctioned,ofac_sdn
0x09eab21c40743b2364b94345419138ef80f39e30,0,exchange,etherscan_labels
0x9a9492b7176a92cfb13ff9168617f93488750508,1,scam_heist,etherscan_labels
0xa7c6b8eb150b27b9c29eaa36cb089b5cddf154a3,1,scam_heist,etherscan_labels
0x9289191fdaab465f78a6c3efd405ec72e6f092dc,0,contract_or_token,etherscan_labels
0x8911fce375a8414b1b578be66ee691a8d2d4dbf7,0,contract_or_token,etherscan_labels
0xcb38135330455c9ee25b979bda401d21d07343ee,0,contract_or_token,etherscan_labels
0xf415a9c0fa28f71d513c6729b30469fea7bbdf49,1,scam_heist,etherscan_labels
0xb5545d43d68c9e8546d7ffd62f9daf97962dd006,0,contract_or_token,etherscan_labels
0x04940b1776b0bf5786dac58986112c4f722bfc63,0,contract_or_token,etherscan_labels
0xd123a9c5f805734a141d876b29d3d4b58f50121d,1,scam_heist,etherscan_labels
0x4699c28f71c09bace0160a265ba403dcf513811a,0,contract_or_token,etherscan_labels
0xe0267833a39950aa76567a2c6353a151c3f67e78,0,contract_or_token,etherscan_labels
0x8b40388f3cdfd84ff534ad8479ba5704bbb744bd,0,contract_or_token,etherscan_labels
0xdbd96fca7b1741ef5d07f2baa5ff3b483cee55fb,0,contract_or_token,etherscan_labels
0xe328c5036256eed8aa31f40c6ca054aca73c0be5,0,contract_or_token,etherscan_labels
0x11cdb44691b95a0be69a56bef0f55e321c5b494e,0,contract_or_token,etherscan_labels
0x37aaaed50de7152b90b6fd9c23ce64c8d2361ffb,0,contract_or_token,etherscan_labels
0xaf7f83f806a6ed7e82a06451d225749a75292ed0,1,scam_heist,etherscan_labels
0xeda07eff468fd8ae0c75c868ce66bf42845cbd30,1,scam_heist,etherscan_labels
0xa9bc8ca7f1ce04f2d4fc1186dccb7cd6bcb47125,1,scam_heist,etherscan_labels
0x444eaa82580eab5533217a0e9cfad58b6ea9d09d,0,contract_or_token,etherscan_labels
0xd58eef5b3741919d62d68c14958d0418166edb2b,0,contract_or_token,etherscan_labels
0xfdba2aa8b6dd7897bcd2374cf533a8e193bf50e1,0,contract_or_token,etherscan_labels
0xfad1ddc14c266868c57a1304863fd953eed57ecb,0,contract_or_token,etherscan_labels
0x57f6548314ae198c451c397050507e6af863ec0d,0,contract_or_token,etherscan_labels
0xffffc591908d957d6f381810331c82a6f31c6ca6,1,scam_heist,etherscan_labels
0x3334ad0369f74b0c2204e3c026eb117f04a5c397,1,scam_heist,etherscan_labels
0x2773125f9e9c5e75ec8e31bf9f5e4508bb7d7bd0,0,contract_or_token,etherscan_labels
0x1cab21fd1db587010db320c519a80e5765e892f9,0,random_sample,bigquery_random_sample
0x7cd7d26d32f530acfb93458927bd426604f30d12,0,contract_or_token,etherscan_labels
0xd3743fcc49d1d2796447a413be3af274c9231d67,0,contract_or_token,etherscan_labels
0xb706bbc68613ef92ef7a733b84a04e26231863ac,0,contract_or_token,etherscan_labels
0xeacb33da6fd55a987305548513139d98db937503,0,contract_or_token,etherscan_labels
0x32a7e60690ead28fe4426dc5aae7bea74708fe69,0,contract_or_token,etherscan_labels
0x07d794549b21670f8740cd6a37105939d90538d8,0,contract_or_token,etherscan_labels
0x0aa1e808bba7cde5210d13d23ee726de37b8a8bb,0,contract_or_token,etherscan_labels
0x6748f50f686bfbca6fe8ad62b22228b87f31ff2b,0,exchange,etherscan_labels
0xa7dedaf3d9b1e4241ffb71ac91c3dff5fc39ecfd,0,contract_or_token,etherscan_labels
0x364d9fb3c4bb5e3b8c4f91e37fc1bb290013dfd8,1,scam_heist,etherscan_labels
0xb91b114a24a1c16834f1217cc3b9ee117b6c817a,0,exchange,etherscan_labels
0x9323161faf56dd09cb32ace72c20dbd96b96d386,0,contract_or_token,etherscan_labels
0x6f0ace0f94f4b9890dfa99a4175b3ef0288c16b3,0,contract_or_token,etherscan_labels
0x9e8be10261c4fbd017991fe8af5b4892255e9684,1,scam_heist,etherscan_labels
0xf547d27b634046b898d05b0a84a08f1269946971,1,scam_heist,etherscan_labels
0xd09c056bae9a7f7db6b72b8d1181c4327b2f6ae2,1,scam_heist,etherscan_labels
0x7601218ee4dbf677e2b4ceadb7b27d60decf5ee8,0,contract_or_token,etherscan_labels
0x228029102e9b1ab179a54e9bb3ea8205e385eb7d,0,contract_or_token,etherscan_labels
0x3aa60a199f776ec726560d6d1edeac7c2f85072c,0,contract_or_token,etherscan_labels
0x54f9b53c8012e83e8fe5aaa28f35b1b9dd8be667,1,scam_heist,etherscan_labels
0x7296b9dca75a75944d897317e2e1d0d2ca2d99bd,0,contract_or_token,etherscan_labels
0x6ce84b7b89f9cab4986ce68da33f6f1c98f343cb,0,contract_or_token,etherscan_labels
0x0ed9a1323db9653f4650de782ade8504617ecbd3,0,contract_or_token,etherscan_labels
0x617a781e26419b5b0d9bf63c4ecb7f192adb9768,0,contract_or_token,etherscan_labels
0xcaea3fe2016c400111664cdb1dceec3edbde88be,0,contract_or_token,etherscan_labels
0xa4c6f71372d716d54b307d3e6e137be9f8a8f7ee,0,contract_or_token,etherscan_labels
0xbf798b6592f8751a908edb3c1276661fa0e05aed,1,scam_heist,etherscan_labels
0xee7801a55a082e39406675777241d86613abfd14,1,scam_heist,etherscan_labels
0xc75159987ab5bba7df82684aad12af3123a5f667,0,contract_or_token,etherscan_labels
0x179f48c78f57a3a78f0608cc9197b8972921d1d2,1,mixer,etherscan_labels
0x168d3fcbb4213fc91d5c40acc302bfccd89112aa,0,contract_or_token,etherscan_labels
0xb9833e3002c3a62593329c9d3a4ad71e8a749319,0,contract_or_token,etherscan_labels
0x85bf176b902c50e0875df3b6a26d6c0e85f0102a,0,contract_or_token,etherscan_labels
0x88155b7e850fcffabfc632a3bd8bfafd90fd198d,0,contract_or_token,etherscan_labels
0x47d8ec3ea0e39fd9d699fa04e73a2de159978738,1,scam_heist,etherscan_labels
0xf21f7adb8c3771888e5ccec9658b231f042169d7,1,scam_heist,etherscan_labels
0x01e938fed50a00e4c529631eaad263a0a2e8922f,0,contract_or_token,etherscan_labels
0x57f07147a30927eb1d9aa1c7f89ac3c806fd0525,0,contract_or_token,etherscan_labels
0x2555fe55759cb5f927f831c9de32680c35b9807f,1,scam_heist,etherscan_labels
0x0cb70b1d9165c95ae3a3b85e6f20f0d2da48f8f6,0,contract_or_token,etherscan_labels
0xb09dc0ce8b767f80eb07f3c3f1ff52aee884be31,0,contract_or_token,etherscan_labels
0x05fb86775fd5c16290f1e838f5caaa7342bd9a63,1,scam_heist,etherscan_labels
0x2e03b2f7ed60745e2855d900e49aea652a5a5244,0,contract_or_token,etherscan_labels
0x66d7b765e22cc5c5bd47b9b66fe44ff8845d9c74,0,contract_or_token,etherscan_labels
0x24a791d9e8c3c7ef94ec4ee8114cb275ccc03ea2,0,contract_or_token,etherscan_labels
0x234bc3e5c00b5bac00dd8200044063d821aeac7a,1,scam_heist,etherscan_labels
0xd53ff5715d0a487eaf72a047faaf778538b7ced7,0,contract_or_token,etherscan_labels
0x0aff7c6f8d8a1c8424245b048ab09a6b4f04374a,0,contract_or_token,etherscan_labels
0x515169ce7cbeb23e9976eab6d78945dc296dd2e1,1,scam_heist,etherscan_labels
0x4e01dc41c37e420146cd39ec7c42c439d96e018f,0,contract_or_token,etherscan_labels
0xb880d27d5b70b308f3c7695d0a807729bbdcc549,1,scam_heist,etherscan_labels
0xa83ad52cd2b491c2fdac837583c61139ab5e7446,0,contract_or_token,etherscan_labels
0x7d4afefd25fd1dbb7ed486e8e533f6b25a6d6c3a,0,contract_or_token,etherscan_labels
0x83c32bf929f80e404ff30ede7333271460b13cd9,0,contract_or_token,etherscan_labels
0xf41a12bf3e5dadd8bcc8494a7c7cb80101331098,0,contract_or_token,etherscan_labels
0xd6ea40597be05c201845c0bfd2e96a60bacde267,0,contract_or_token,etherscan_labels
0x6d1b9e01af17dd08d6dec08e210dfd5984ff1c20,0,contract_or_token,etherscan_labels
0x9696f59e4d72e237be84ffd425dcad154bf96976,0,exchange,etherscan_labels
0xa34c3a3c4bc9f016bc370074d578eec3ffeb6724,0,contract_or_token,etherscan_labels
0xc925597c9501fb7b107c65dc062a0f31f5d60a87,0,contract_or_token,etherscan_labels
0x73b5509bfa1107186c7705c9de4887c79f230044,1,scam_heist,etherscan_labels
0x0a365f254db81dc23c07e42ec669d007514c661a,0,contract_or_token,etherscan_labels
0x004e74ff81239c8f2ec0e2815defb970f3754d86,0,contract_or_token,etherscan_labels
0x47724a15a20dc3a1225bfb2a794e2bb5520340db,1,scam_heist,etherscan_labels
0x7e2105a44c1e316a87591c99bb8d65f9ecd64791,0,contract_or_token,etherscan_labels
0xbf8dce5bc97da4ad219b2005e6a61d52cf7e69fb,0,contract_or_token,etherscan_labels
0x42299f16eb4d330e8610df83ccdfb18e60add473,0,contract_or_token,etherscan_labels
0x72cd8f4504941bf8c5a21d1fd83a96499fd71d2c,0,contract_or_token,etherscan_labels
0x303fbc94757f75e2e3ee255beb1c6e0e2464a658,0,contract_or_token,etherscan_labels
0x93a335e0605eab978529bb392c760d89b0f7d533,0,contract_or_token,etherscan_labels
0xa4d3a50c4acd5fce7da5973fea62387405bbba3b,0,contract_or_token,etherscan_labels
0xa2c1db514151bed505f145e22046aa407ffb37c4,0,contract_or_token,etherscan_labels
0xfdf12d1f85b5082877a6e070524f50f6c84faa6b,0,contract_or_token,etherscan_labels
0x9f4cda013e354b8fc285bf4b9a60460cee7f7ea9,1,sanctioned,ofac_sdn
0x55edb1a21f968514f9e7fa5cd371286c512abc08,1,scam_heist,etherscan_labels
0x6b890eee5628b55d6b627243f2d7638c3a31d34c,0,contract_or_token,etherscan_labels
0x71d8151694015913e8b80869bcd8f5a3ae36ce8e,0,contract_or_token,etherscan_labels
0x78e96a87f0008133c1d61e48b752c77ba82933f8,0,random_sample,bigquery_random_sample
0x4aa51bd6a307d8cc2e280197f0c7483b53e84be5,0,contract_or_token,etherscan_labels
0x72717b53da57926bdf988f5645c23f7a3214ac9a,0,contract_or_token,etherscan_labels
0xfcadf926669e7cad0e50287ea7d563020289ed2c,0,contract_or_token,etherscan_labels
0x17724357ab08aa3b9b6cfbf86a16e585ad98534f,0,contract_or_token,etherscan_labels
0x3b0b1e499203a228ccb861a5b9c8b02216a153e6,1,scam_heist,etherscan_labels
0x263868a52270c14179e8f4b266bd2bc1cefd352d,1,scam_heist,etherscan_labels
0xbca40c6f62735b5c798b98282915fd0883f8f141,1,scam_heist,etherscan_labels
0x67e475577b4036ee4f0f12fa2d538ed18cef48e3,0,contract_or_token,etherscan_labels
0x905ab797d89d433070aee357e944155c483468a3,0,contract_or_token,etherscan_labels
0x27c3459e8e30774cd54179fefef9968148e45d74,1,scam_heist,etherscan_labels
0xaa1779554c4088896d838ac8588c81584001c007,1,scam_heist,etherscan_labels
0x19992b52338b7b49de9679ae018a7027803db1aa,0,contract_or_token,etherscan_labels
0x85c06b1b3498266578aacb57b1fc9884742d725d,0,contract_or_token,etherscan_labels
0xda2773a4efbe27f81c1dc8b11fcc586036eea114,0,random_sample,bigquery_random_sample
0x0528d06829fb55590b79bec5041260b6c69a95fa,1,scam_heist,etherscan_labels
0xdb06a76733528761eda47d356647297bc35a98bd,0,contract_or_token,etherscan_labels
0x330777c08f64aee16c7eb19f092f63ced31de135,0,contract_or_token,etherscan_labels
0x2201e7d0911b1bb990d2dca5ee40a58a3e43dbc5,0,contract_or_token,etherscan_labels
0xd56f305ebbd90b2c6be937a6efb8f0e02d57afa0,1,scam_heist,etherscan_labels
0xa537d3e66e6ea1ebaa002e54c7c06a2743858874,1,scam_heist,etherscan_labels
0x839b6ceca69a2d5d572d793b693bbb2d6e91d940,0,contract_or_token,etherscan_labels
0xba9c20a2042354051502959a0a72d9f90e800ef1,1,scam_heist,etherscan_labels
0x18d9c0de8e3afa65cc84ecf98fa7c2b9cbdc11b2,0,contract_or_token,etherscan_labels
0x917fbcdc6e7077c55c9ea1cf9442809dd55fcb91,0,contract_or_token,etherscan_labels
0xe4329c6f46a869569af8bebb38edc27702228a80,0,contract_or_token,etherscan_labels
0x615687f0ac866a61df6550a17812c71d2635bd91,0,contract_or_token,etherscan_labels
0x37071e3ca4a7c34a1fdf7568e45c5529d2249466,1,scam_heist,etherscan_labels
0xc8ab1141df97f81cf64c91e80d464212743d8320,1,scam_heist,etherscan_labels
0x1111111254eeb25477b68fb85ed929f73a960582,0,contract_or_token,etherscan_labels
0x417b5e5908592980357d5e6c976acf14c8c01011,0,contract_or_token,etherscan_labels
0x2b0160b4c3802dab1bb717f3943bd16e6983b380,0,contract_or_token,etherscan_labels
0xe5b2fa59a2a2c238b4cbb1a0f665199966ca521e,1,scam_heist,etherscan_labels
0xa6b0d17c80fb681351943b0c574069622c87ee05,0,contract_or_token,etherscan_labels
0x9b46fb7d6925497480161aa4dcd8715330483bed,0,contract_or_token,etherscan_labels
0x88014bc0df9468c79edd8395235392b4baca84f1,0,contract_or_token,etherscan_labels
0x2587b82c04a76cde0d8051bef1a6daa1abce999a,0,contract_or_token,etherscan_labels
0x2c0149173e19f442c7bc5ebedd824260bf421c36,0,contract_or_token,etherscan_labels
0xa8b19610ff17430d8584c8bfc5965a4f73dec427,0,contract_or_token,etherscan_labels
0x33856f6280a714dbd43d355184febbf41e8c0b00,0,contract_or_token,etherscan_labels
0x1ca9a3acdf30cf65a71125c2b621e8fb9ae52d5c,1,scam_heist,etherscan_labels
0x18e3cd6e83adc4cda754c93496423b1cd04e1957,1,scam_heist,etherscan_labels
0x1fa7a312aca5a8e2b0e266148289aeadb0a8a462,0,contract_or_token,etherscan_labels
0x055475920a8c93cffb64d039a8205f7acc7722d3,0,contract_or_token,etherscan_labels
0xe8a648d2c32c1ccb9423871634eb87516b4b56b4,0,contract_or_token,etherscan_labels
0xd60ec628c874cdd269d60401c7508234219119ea,0,contract_or_token,etherscan_labels
0x064514d52bf49f4d7879e205a89afa433a49a095,1,scam_heist,etherscan_labels
0xbfc55576aa60743c83cf3707fca75bfddf618ed2,0,contract_or_token,etherscan_labels
0x26ab174683411984fcc2c9e9323c43809eeaffc3,0,contract_or_token,etherscan_labels
0xa4c800aee6387d44e61c383b3184d7381e11c499,1,scam_heist,etherscan_labels
0x4dc6719da1482730cb5a9ad9df6b2e8b669a1532,0,contract_or_token,etherscan_labels
0x8c8f418a982414181d84e4603f6dd33d09c6ebc2,0,contract_or_token,etherscan_labels
0x2108f1d1328fce8c2cb92b2fac720a79195eff23,0,contract_or_token,etherscan_labels
0x7a23fb185e471cf919a41e0dfd7ab5fedd302e94,0,contract_or_token,etherscan_labels
0x2115fec096f6e0bd1754ca3356a9ea25c3329d25,1,scam_heist,etherscan_labels
0x7bd316b2fde7018a3420710d54c80ab4ca7d237a,1,scam_heist,etherscan_labels
0x067ef3c16f47cca6a3acb5942c6d4bc89ed0a8b1,1,scam_heist,etherscan_labels
0x3e592a798bf64dab147f708b9660125da99eb2d8,1,scam_heist,etherscan_labels
0x6224746bd096e6de5b7f6ad61d97de755ccbac14,1,scam_heist,etherscan_labels
0xa581762b742b5f68a262ca5457b5806a8c59c8fa,0,random_sample,bigquery_random_sample
0x96ea6af74af09522fcb4c28c269c26f59a31ced6,0,contract_or_token,etherscan_labels
0x5041ed759dd4afc3a72b8192c143f72f4724081a,0,exchange,etherscan_labels
0xbebc13587b839788445c8452b13da0f1e02979cd,1,scam_heist,etherscan_labels
0x9158c151f8b77ffe50813dd35ba71c12e127b573,0,random_sample,bigquery_random_sample
0x21e7fd84385d47076208ca3ba993ecf292691394,0,contract_or_token,etherscan_labels
0x6d8c6e0e58bf897945e38eb291a5700b44727b6f,0,contract_or_token,etherscan_labels
0xc96f20099d96b37d7ede66ff9e4de59b9b1065b1,0,contract_or_token,etherscan_labels
0x61526be5a19a37c371011dc0026dd9869fae7908,1,scam_heist,etherscan_labels
0x085af684acdb1220d111fee971b733c5e5ae6ccd,0,exchange,etherscan_labels
0x47c964e8d93843ab0c185bdeab5cbf57b9ec613a,0,contract_or_token,etherscan_labels
0x5539199f3a3f7f44c8eeccc12bab6048c5ad8796,0,contract_or_token,etherscan_labels
0xeeee1573f733983ddfe8ed77aaa6710c5b626086,0,contract_or_token,etherscan_labels
0x71c0628d7d569ca8c8d7ff4002388e949b19ea55,0,contract_or_token,etherscan_labels
0x7dd9ee749571473efc165029d5fa86c9ec328d5f,0,contract_or_token,etherscan_labels
0x2da40d78e7b3af22bbd672a8f3146682faec9641,0,contract_or_token,etherscan_labels
0xb110d7528ff027158f946cf0a36fda9fc8087171,1,scam_heist,etherscan_labels
0xbf11db4e63c72c5dffde0f5831d667817c9e9ad5,0,contract_or_token,etherscan_labels
0x110b3b138153c7b117aceb780f9b005e5c7669f0,0,contract_or_token,etherscan_labels
0x0e9418c6f5e5a818096148eab66fbb8daf186dc0,0,contract_or_token,etherscan_labels
0x7468171c8904f813302719e190292f61f3698c63,0,contract_or_token,etherscan_labels
0xeeb2e6eac34e2f6f99149c47a0ec3af0daba6e29,1,scam_heist,etherscan_labels
0x572bd1ba3571c8edb88106dbf4492d2d41f32dd8,0,contract_or_token,etherscan_labels
0x41a287a124471a9d0d523c6c2052a548dc5bf965,1,scam_heist,etherscan_labels
0x5a11aa3a02b166a4607eddaebf5243e7aa793106,1,scam_heist,etherscan_labels
0x7b30dc0a92f51b2c061c7a5e58deb2b6707cc6bf,0,contract_or_token,etherscan_labels
0x471eb7dcf6647abaf838a5aad94940ce6932198c,0,contract_or_token,etherscan_labels
0x17d537ef40f88bab0c9d4031f42eacdf31186450,1,scam_heist,etherscan_labels
0x1b8568fbb47708e9e9d31ff303254f748805bf21,0,contract_or_token,etherscan_labels
0x53f5b848dd5ef0fe667da83f71cb291a1c8c23c4,0,contract_or_token,etherscan_labels
0x2b1d75e2edb0c36f0e81abff2c1b0a4d106b4a78,0,contract_or_token,etherscan_labels
0x22b15c7ee1186a7c7cffb2d942e20fc228f6e4ed,0,contract_or_token,etherscan_labels
0xb1a4d7f7a1fb395631fd15b11c2f680af8322b03,1,scam_heist,etherscan_labels
0x8c68ffc6201f074fca649e5c3c6feb3d271bb661,1,scam_heist,etherscan_labels
0x9542c5ad14b42721444f19e7fa0d3713b9b7585b,1,scam_heist,etherscan_labels
0xdf690b213be0e7f0a8b14b6ca978404078eb0eba,1,scam_heist,etherscan_labels
0x4d5a0e0d5749d18cc732f483972c1b7432f6ea42,0,contract_or_token,etherscan_labels
0x9975969f2083694d35448c2a4cc40aff24566700,1,scam_heist,etherscan_labels
0x9a6ffa97d6285dbf9e803769af65d50e48657817,0,contract_or_token,etherscan_labels
0x57708b9916fad1774e2fbcb78d2f4c4fe86b9e45,0,contract_or_token,etherscan_labels
0x34f6c5483bf68d82077841d480caae6297489a39,0,contract_or_token,etherscan_labels
0x8d1310e23e0e54b7940b544d2ae417ecb42de52a,0,contract_or_token,etherscan_labels
0x14e63ebf08494c7b2f9934ec9dec6154d529d033,1,scam_heist,etherscan_labels
0x5aa92d11c80e188769a3776ad365974fffc31c63,0,random_sample,bigquery_random_sample
0xae1019cfc59dc21a2395c8b38a6f6d0df61d2c22,0,contract_or_token,etherscan_labels
0x28c6c06298d514db089934071355e5743bf21d60,0,exchange,etherscan_labels
0xf67a922c0ece1d5b871bb02ee71f8a94411dba68,1,scam_heist,etherscan_labels
0xfeccce892c4e32b78de906cb0f9c5c74b94e3514,0,contract_or_token,etherscan_labels
0xe6e6e25efda5f69687aa9914f8d750c523a1d261,0,contract_or_token,etherscan_labels
0xc5f8cd1c8662461c3732fb83fbe03348ce752711,0,contract_or_token,etherscan_labels
0x353b8859f94f5445e302ac1cb4ea863b0eba1614,0,contract_or_token,etherscan_labels
0x0dc2e16d7e84d0c311adb506c16f4c61fae46790,0,contract_or_token,etherscan_labels
0xd8500c631dc32fa18645b7436344a99e4825e10e,1,sanctioned,ofac_sdn
0x1f538f3516081ee2f2767a9825cdab4784ba2db7,1,scam_heist,etherscan_labels
0xe0d513cf39b52a09aefcef25e91dda3a2636329a,0,exchange,etherscan_labels
0xbc5eae92e95adca735edd3783cc2acda8023dad4,0,exchange,etherscan_labels
0x5d0b63ffd8c48102827ce747e2edf9d52565b935,0,contract_or_token,etherscan_labels
0xd6e4520eba3f884b700a3a6c2a88aa5ccd0fe83e,0,contract_or_token,etherscan_labels
0x2e5134ccdfdf852cdc4b1bf5090c8c6a2a15db83,1,scam_heist,etherscan_labels
0x41284a88d970d3552a26fae680692ed40b34010c,0,contract_or_token,etherscan_labels
0x40f465f1ba4c2aba91c0c896cb92bbe4c7e545df,1,scam_heist,etherscan_labels
0xdbd0b8b6851ea7bea7b443f4d1bbdf0f2c524789,1,scam_heist,etherscan_labels
0xcd6bc4a218d04ca6e874fd20350b36cefb10bdea,0,contract_or_token,etherscan_labels
0x3cc4d5e7d3f4ae8cdb34d1a011b07b00309b556f,1,scam_heist,etherscan_labels
0xa81798fec662c1a131029b28546cc80ecd11cb61,0,contract_or_token,etherscan_labels
0x01493e1b71423fe0b6df0ea7b85f4f147bf00cbf,0,random_sample,bigquery_random_sample
0x41431b29eca702002a779c8b7f6f9364774c9621,0,contract_or_token,etherscan_labels
0x16435e280a95cedb45d7c824bd843fcfc717a51b,1,scam_heist,etherscan_labels
0x590f426cb5618b9836b2cf54fa89ad834cbd23b4,1,scam_heist,etherscan_labels
0x7dd397ee085763002fe33e04e26d39a4b20ef5ba,1,scam_heist,etherscan_labels
0x62ac8dd7669843f1a73fbb3cb72b515f27a6def6,0,contract_or_token,etherscan_labels
0x12459c951127e0c374ff9105dda097662a027093,0,exchange,etherscan_labels
0x78cd9e992ac79f078d9d6d936a4a24c8f8c8ae6d,0,contract_or_token,etherscan_labels
0xbbe9fc86d44381842684ecb00130b650d51ef5c6,1,scam_heist,etherscan_labels
0xe3d35f68383732649669aa990832e017340dbca5,1,sanctioned,ofac_sdn
0x09574f862d32794b8636cfb9c98e6597be049c4b,0,contract_or_token,etherscan_labels
0xda6b2a5e0c56542984d84a710f90eefd94ca1991,0,contract_or_token,etherscan_labels
0x0d4d71dc4c8c269713fadadced6af617a43ccc2b,1,scam_heist,etherscan_labels
0x7bc2b2f0654b3aaedb22b6671ac2660157e75e47,0,contract_or_token,etherscan_labels
0x0cc3595598d030c8ee7d984667d6f1f36b43f880,0,contract_or_token,etherscan_labels
0x2cb4b49c0d6e9db2164d94ce48853bf77c4d883e,0,exchange,etherscan_labels
0x3bdbc59c551fb0875a897a7a3d13b8df30c007df,1,scam_heist,etherscan_labels
0x72e364f2abdc788b7e918bc238b21f109cd634d7,0,contract_or_token,etherscan_labels
0x4b893b0e9c2fe8bf5d531d0c9c603b1483b4ce30,0,contract_or_token,etherscan_labels
0xd1099d53835f636ff9a38c073ad2879ea9759e52,0,contract_or_token,etherscan_labels
0xfe4a7f5c61f0010876e7d6a7fdef0a9647a8b323,0,contract_or_token,etherscan_labels
0x3c60888bac5a61aac16d3bb233dcf11a05332e03,0,contract_or_token,etherscan_labels
0x8dcc2a337ea7f5b00c9de604cd5fa3db3a1cf0ae,0,contract_or_token,etherscan_labels
0x833ebcb8d03644b9569ea87c11e757e5011172ff,0,contract_or_token,etherscan_labels
0xd7458db5142c1a1499ea740356eebc5412622ea5,0,contract_or_token,etherscan_labels
0x806d5c44151524d0becd15d8c2984dbfb4115ce7,1,scam_heist,etherscan_labels
0x4d33dd966f4f1cdf910935f61c0bbdc65894ccf0,0,random_sample,bigquery_random_sample
0x76e7d03212d29790d8b9c0ccf109addb507f1637,1,scam_heist,etherscan_labels
0xc23375a3929ab089e289e3a3b951765b04d39c3e,1,scam_heist,etherscan_labels
0xcf5198254f9900c25c5a2e53022af77f7a93fbc3,0,contract_or_token,etherscan_labels
0x0a88db6b8e779aa4e3aca5d64a1fadb448cae6ef,0,random_sample,bigquery_random_sample
0xffe73c1c8e5ee49b51150f0237faf7f6465be8b0,1,scam_heist,etherscan_labels
0xa01dd79c6a09cd5d51278dba059114bc2cb5ebce,1,scam_heist,etherscan_labels
0xd05bbb6d106e51ca3d695fc26fdb4eba197d176c,0,contract_or_token,etherscan_labels
0xf249fff43780455a401f02146b215c44e123bd7a,1,scam_heist,etherscan_labels
0x6a599aef3a4927d886a369d9c1b6566942e1a3af,1,scam_heist,etherscan_labels
0x32708887dbaf9f3c3a60e79636879e46b5896e00,0,contract_or_token,etherscan_labels
0x3080996baaea73a8a9620f256ad3348a847e05b1,0,contract_or_token,etherscan_labels
0xf5f7939d8afbccfe840621f09ca702f9113ee339,0,contract_or_token,etherscan_labels
0x9fbc8b743e8c9d525a26955c19ad89421439a067,0,contract_or_token,etherscan_labels
0x7ffe6ed7f1f04b2aa92a92f1dd1cc61c9c228aa3,0,contract_or_token,etherscan_labels
0xc1b10e536cd611acff7a7c32a9e29ce6a02ef6ef,0,contract_or_token,etherscan_labels
0xbb547ac61a6cad76b37aac667ea6ed9541daa30e,1,scam_heist,etherscan_labels
0xd1276240fda9ec917f0281eb03542168fcadf77d,0,contract_or_token,etherscan_labels
0xd06246ea3a9169afe3d3124bf7d7f007cc8c83a3,0,contract_or_token,etherscan_labels
0xcdc714a8c718709f069f5d4b668015ea44435871,0,contract_or_token,etherscan_labels
0xa38ed6a0b116da4cfed9084a0aeffd4dab5f8390,0,contract_or_token,etherscan_labels
0x13c8b17e28efbf68c929f66d0e51830ebd588843,0,contract_or_token,etherscan_labels
0x63f28b9f453d66d9d15a124d05399a8120725be3,0,exchange,etherscan_labels
0x415900c6e18b89531e3e24c902b05c031c71a925,0,contract_or_token,etherscan_labels
0x72a6d269c3e16239c24d905ca61254ec26523b2d,0,contract_or_token,etherscan_labels
0x09f4b9887bab1d054af0a5195ec76ea4c879d1c0,0,contract_or_token,etherscan_labels
0xcac9946443bdab6058676925d2d2ed9024d478e3,1,scam_heist,etherscan_labels
0xda7d441a3974efb39e088c066e1c88ac18aea235,0,contract_or_token,etherscan_labels
0xa67e36255bdc1cb457532e05debdc896e28ed753,0,contract_or_token,etherscan_labels
0xa5a84921d30893c11cf7e83028c23ee10e60072a,0,contract_or_token,etherscan_labels
0x926fc576b7facf6ae2d08ee2d4734c134a743988,0,exchange,etherscan_labels
0x6cbfbb38498df0e1e7a4506593cdb02db9001564,0,contract_or_token,etherscan_labels
0xa8e35427c5e8819537a4722bee6d31c1170193ae,1,scam_heist,etherscan_labels
0xe3fe17ab679a3d0d168098d6b4ee785412c5c8c6,0,contract_or_token,etherscan_labels
0xae952c77282e080cf07316649e3a0e4a975c076f,0,contract_or_token,etherscan_labels
0x6f1a3cdf474f9334d886fd18ebe1e3b6dda4f56e,0,contract_or_token,etherscan_labels
0xd8cd16343a2cfb307097973c4379a42f58ea833d,1,scam_heist,etherscan_labels
0x7a6b48884ce0431412e7f0614c22c1fbabdf18b2,0,contract_or_token,etherscan_labels
0xe8a39741f950bc92abb92cc79a827d45ffa8666c,0,contract_or_token,etherscan_labels
0x6cde6e4cb5f31d63842e1be36af34217f96be2ca,1,scam_heist,etherscan_labels
0xe9a30946b356f54f2e1b5f039a3ee7fc341e0540,1,scam_heist,etherscan_labels
0x0269197835253efc311ffe7d0aa3fbdbc1760443,0,contract_or_token,etherscan_labels
0x2bb8ab3c2a9837de97a83c228a07e16928b4f07f,1,scam_heist,etherscan_labels
0x0bbf7580e036ea5d69abe679cc90117eec2e3dc1,1,scam_heist,etherscan_labels
0xc763837e0b5295d8ae02afc4c7e6083f8f65c62c,0,contract_or_token,etherscan_labels
0x3cd751e6b0078be393132286c442345e5dc49699,0,exchange,etherscan_labels
0x14d8e2ee24a06fe60378b537944d01b6c095d53a,1,scam_heist,etherscan_labels
0x1d692156c1efb39de00285e4fbb8ecd2d89a7308,0,contract_or_token,etherscan_labels
0x458ac7f3a01f2d751d94e36eaa53349f3e067a6a,0,contract_or_token,etherscan_labels
0x9f53dd95aff97e231b2cb30e8a78a70931ebc0af,0,contract_or_token,etherscan_labels
0xfa0e7f0eb396154f71037b8c820f755c4475e9bf,0,contract_or_token,etherscan_labels
0xb769bf6f79c95adc6e553c858f7a0653c4f7ea08,0,contract_or_token,etherscan_labels
0xa8f13a7e97a624e6d0b88d0a4fe7080be7b6ca21,0,contract_or_token,etherscan_labels
0x27a806e6d7a0bd939954b4f5a401bdb43333bb9c,1,scam_heist,etherscan_labels
0xa3b93c2c4579654de50dd2ea227a5d6b98ed44c5,0,contract_or_token,etherscan_labels
0x9f158687d4d496e753d83efe301339a4d0b069f8,0,contract_or_token,etherscan_labels
0x225d3822de44e58ee935440e0c0b829c4232086e,0,contract_or_token,etherscan_labels
0x1b81d678ffb9c0263b24a97847620c99d213eb14,0,contract_or_token,etherscan_labels
0x06ffece99895111717c99b4a8d756ad85a57b9a9,0,contract_or_token,etherscan_labels
0x82ecdd4635766560c4e3a8efa8a7c1fff566111e,0,contract_or_token,etherscan_labels
0x492501e5a4cddf2cb9c81f2de9abf03bf2f03b03,0,contract_or_token,etherscan_labels
0x3478d54edca2f5af754d5ac335fdaf99bfbecd93,0,contract_or_token,etherscan_labels
0x502a375d3b5df4fa6c754aa3ff0acb2add01365b,0,contract_or_token,etherscan_labels
0xeac8265b4bccebe3c21e5162295eb0b1c8f5c002,0,contract_or_token,etherscan_labels
0x8c9ba6f05fad26a21bc4e02d0e8b9030633b168d,1,scam_heist,etherscan_labels
0x3b9648062c21e3ea44c522c575be15a0e635966b,0,contract_or_token,etherscan_labels
0x40855e1a54464ae868631b6966f64a477d891306,0,contract_or_token,etherscan_labels
0xd0205b4f442a2a4c4fb01cc94f8b5bf1dfd29458,1,scam_heist,etherscan_labels
0x9ce203ad2e38e29ea7eae395cb8b8a7877fa1175,0,contract_or_token,etherscan_labels
0xfc98737f842bfff2f4f8b48589943b52728d7c14,0,contract_or_token,etherscan_labels
0xf16e9b0d03470827a95cdfd0cb8a8a3b46969b91,0,exchange,etherscan_labels
0x864ba7f98750ff42cbf07e1f47fd8636d251dfe0,1,scam_heist,etherscan_labels
0xeaf0077376439f212895a42f7ce79808d4f2df64,0,contract_or_token,etherscan_labels
0x83d3f1c4254add08b2861f05e57bbace45407e53,1,scam_heist,etherscan_labels
0x3106a0a076bedae847652f42ef07fd58589e001f,0,exchange,etherscan_labels
0x7d77169b0231a8a2a2f1b6e4449c6588bc01e7ba,1,scam_heist,etherscan_labels
0x5e6531d99e9099cb3936c048daf6ba0b3f79b9e2,0,contract_or_token,etherscan_labels
0x9cda63eba764922f71f4159658c9891043dc86fd,0,contract_or_token,etherscan_labels
0xbe83943d5ca2d66fb7ba3a8d4a983782f31a42dc,0,contract_or_token,etherscan_labels
0x5d5b5dafecbf31bdb08bfd3edad4f2694372d0ef,1,sanctioned,ofac_sdn
0x7a367305fb0084160b8fb5b185ae24ceac7ad883,0,contract_or_token,etherscan_labels
0x742c15d71ea7444964bc39b0ed729b3729adc361,0,contract_or_token,etherscan_labels
0xc9e8de00d65c30e979764ec7463e650599ec704f,0,contract_or_token,etherscan_labels
0x569771ecc10741302dfd4119249ba0e739144e97,0,contract_or_token,etherscan_labels
0x9e7cbc6e96993e7c5abb3ec4cb30aa8275618b2b,0,contract_or_token,etherscan_labels
0x68c74e157f35a3e40f1b02bba3e6e3827d534059,0,contract_or_token,etherscan_labels
0xed3a954c0adfc8e3f85d92729c051ff320648e30,1,scam_heist,etherscan_labels
0x976790fae83f4a6385479019eb2d6e03e9bdebba,0,contract_or_token,etherscan_labels
0xf9ca2babf4092d7646aa9e58cc537075f3ffc28e,1,scam_heist,etherscan_labels
0x98f9df7ad11ee79377e8b0be8680eda0dad35400,1,scam_heist,etherscan_labels
0x7e6c89dc7a11e4f172cf14d7a69c1c4177268557,0,contract_or_token,etherscan_labels
0xea2097986285fc3006d7490985d9b21bc4484460,0,contract_or_token,etherscan_labels
0x8853b05833029e3cf8d3cbb592f9784fa43d2a79,0,contract_or_token,etherscan_labels
0x28b0208a5fd1b7f9cece7a100203ea349d735470,0,contract_or_token,etherscan_labels
0x69e1d2322dcf4a9d1670c67c05efb281c14969c8,0,contract_or_token,etherscan_labels
0x5a70513ec742ebbfb99094c7fd3096a0a3e25b86,0,contract_or_token,etherscan_labels
0xc32e126770734ff7979978658684c5b2423a8d66,0,contract_or_token,etherscan_labels
0xc6000dc01e4839e238c79c03aede4a0e4b505054,1,scam_heist,etherscan_labels
0x2e967c1493fa3a8a405a9b8d5ca5e39a6bb5f338,1,scam_heist,etherscan_labels
0xe05f3f81ebe4183f60efc41c1fe978cf63f2832c,0,contract_or_token,etherscan_labels
0xe43d6aafce76f53670c4b7d6b38a7d8a67a4b670,0,contract_or_token,etherscan_labels
0xb6ccab4082be3aeff751d014000f3d70f73816e7,0,contract_or_token,etherscan_labels
0xeefb11ca05c6f0d5252757dbe35ffc4458108e89,0,contract_or_token,etherscan_labels
0x418a65784cfc14c72d7679d24091904fd4216d2f,1,scam_heist,etherscan_labels
0x8e066d77080a9903785854e502e2aa9b6b9d099b,0,contract_or_token,etherscan_labels
0xa4261609f1ebd7cc132096567ae0fe686d328de3,0,random_sample,bigquery_random_sample
0xe877e701986bd682da4dcbf2262ca232ad2360c3,1,scam_heist,etherscan_labels
0x09c21c9ffb4df1a156e2791118f13bdd0345ebb6,1,scam_heist,etherscan_labels
0x45984a0eecf1580fbe4156901892dd2ac655c83d,0,contract_or_token,etherscan_labels
0x77777feddddffc19ff86db637967013e6c6a116c,1,mixer,etherscan_labels
0x871297aeb7da0770b96af5f8a8947f5a88eb0052,0,contract_or_token,etherscan_labels
0x94ee34cff0fa5e7998f17980201f2f140f61f7a6,1,scam_heist,etherscan_labels
0x6d38574be6c230272daad16fa5f291f825bd0da1,0,contract_or_token,etherscan_labels
0x6908cca1b4da0cd6e9fd909bb8b7ea4763ee1651,1,scam_heist,etherscan_labels
0x85582ac85b16ee8658579fdbfef438b7d9920001,1,scam_heist,etherscan_labels
0x50e367d208ab5458907ae57f366104133533c817,0,contract_or_token,etherscan_labels
0x3d1253006567ad7b679fb951fbf4b651707c3270,0,contract_or_token,etherscan_labels
0xf9a0483b7ace75319cb78c0f1c69a04d581f3d1a,0,contract_or_token,etherscan_labels
0x0b595ad24462dfe46e9aaaa891904f021577ca91,0,contract_or_token,etherscan_labels
0x27b7b1ad7288079a66d12350c828d3c00a6f07d7,0,contract_or_token,etherscan_labels
0x8fc64d789b06d6ab52889c42d1dd6a2abed540e1,1,scam_heist,etherscan_labels
0xaa014726f5b18c3624fa66516468a5da80f05d0c,1,scam_heist,etherscan_labels
0x5ad0c78f559e261d38a2b589f9cf0a868662a733,1,scam_heist,etherscan_labels
0xcbe6b83e77cdc011cc18f6f0df8444e5783ed982,0,contract_or_token,etherscan_labels
0xaa278d256d053d9ba6dbc0479fc9701aad5aa956,0,contract_or_token,etherscan_labels
0xdd14f3b17c08f9183d5390c31280bbb321491bda,0,contract_or_token,etherscan_labels
0x5c9d6000904da123df6eb2b500cdbae59b062050,0,contract_or_token,etherscan_labels
0x35fb6f6db4fb05e6a4ce86f2c93691425626d4b1,1,sanctioned,ofac_sdn
0xbcebc053f8a155d41bd1da73335e3c90f6f69bf3,1,scam_heist,etherscan_labels
0x5a43f0d6c472420cb075b5df4a249eaafceb3040,0,contract_or_token,etherscan_labels
0x36568560081ce0770bb199856cb9263d44d6caa2,0,contract_or_token,etherscan_labels
0x239eec9ec218f71cef5cc14d88b142ed4ff44110,1,scam_heist,etherscan_labels
0x63dcafd6b547e7cfb2e67386db3d06d67aa71c49,1,scam_heist,etherscan_labels
0xf3cbd1eaf632f692a261e03d9db7a02033cd6097,0,contract_or_token,etherscan_labels
0x69ffc29d46ab560fdf99aa9919fa6fee0fb08801,0,contract_or_token,etherscan_labels
0x7600977eb9effa627d6bd0da2e5be35e11566341,0,contract_or_token,etherscan_labels
0x28722dea6ade9b2d78500f99aa44fb319c297250,1,scam_heist,etherscan_labels
0xdfe32b73d552c72c1f29eafa652a273b4a8eb67a,0,contract_or_token,etherscan_labels
0x3a5747cf4e21861e2d0d3d51a0e8737ab4dfadc8,0,contract_or_token,etherscan_labels
0x6c46489194bbc861723049b27ee563995b85bba1,1,scam_heist,etherscan_labels
0xcd985687ec3c1c898eef9379b111cb617029fbb2,0,contract_or_token,etherscan_labels
0x2fe68a80441644e499ba62e5d4b5b419ed1ae6c8,1,scam_heist,etherscan_labels
0x625699f04521179e2a5ea43a34441828094fd832,0,contract_or_token,etherscan_labels
0x19b80a02798feeaca61274104fd7047a6e569ba1,0,contract_or_token,etherscan_labels
0x7c82e7415f8f9a0801e1964e79c70fb680e7ccdd,0,contract_or_token,etherscan_labels
0x6724f3fbb16f542401bfc42c464ce91b6c31001e,0,contract_or_token,etherscan_labels
0xc91a71a1ffa3d8b22ba615ba1b9c01b2bbbf55ad,0,contract_or_token,etherscan_labels
0x2240ef04bb3e2601977d2d47aa3287628ad71156,0,contract_or_token,etherscan_labels
0x938625591adb4e865b882377e2c965f9f9b85e34,0,contract_or_token,etherscan_labels
0x54ec6c10966fb91e606ab35ce770999face6cc0e,0,contract_or_token,etherscan_labels
0x6cea2153231443fa5f9eae65f26f30422b499af5,1,scam_heist,etherscan_labels
0x796b242eff02ec40c084c01e9413acdd495a6df4,1,scam_heist,etherscan_labels
0xeaaeb4c2ff66e60f01041044e0c267383600d0dd,1,scam_heist,etherscan_labels
0xccce147b32eeb5defd2980748e1a2008308a75bf,0,contract_or_token,etherscan_labels
0x8576acc5c05d6ce88f4e49bf65bdf0c62f91353c,1,sanctioned,ofac_sdn
0x1ce7ae555139c5ef5a57cc8d814a867ee6ee33d8,0,contract_or_token,etherscan_labels
0x63b642819845f3edacedd4cf614a4ac0a7950cb0,0,contract_or_token,etherscan_labels
0x502371699497d08d5339c870851898d6d72521dd,1,sanctioned,ofac_sdn
0xd4bdb7a07108f3c3d0d84c5f799fd42a582f9e3a,0,random_sample,bigquery_random_sample
0x09bc559189d309695804cfe0ed64d8fa23128206,0,contract_or_token,etherscan_labels
0xa81f6d301744cc2a1b5a86c7ee1c57e551ec7856,1,scam_heist,etherscan_labels
0x1542326f181340ea035687c604f2c99803c62c32,0,contract_or_token,etherscan_labels
0x075b5b7cbc3addb9d8ce86629ceb066da8617bb0,0,contract_or_token,etherscan_labels
0x3abac1b04b07e2cb352af541e2b9ed36018e98b3,0,contract_or_token,etherscan_labels
0x2a93167ed63a31f35ca4788e2eb9fbd9fa6089d0,0,contract_or_token,etherscan_labels
0x289214bda166160a5837caa3faff1c560a5d3413,0,contract_or_token,etherscan_labels
0x076a0f7e97450a82cdd2584301fcc6a04fe9dd05,0,contract_or_token,etherscan_labels
0x4b9b5448a063f6887862c9334d9f10a30f7ccf65,0,contract_or_token,etherscan_labels
0xc5817a4c5e8ec6488c9a26c6862ff3060757b498,0,contract_or_token,etherscan_labels
0xbc62701ebd44e9c2c604ecb5f6a7454376474236,0,contract_or_token,etherscan_labels
0x1fea0cc370a93b3ed9f85c0b8ab76d4bb476c092,1,scam_heist,etherscan_labels
0x7f032763009b53c7dbbc72697724ca83c1c239b1,0,contract_or_token,etherscan_labels
0x564f10f2e5deb8d475c20b418c5b6ed071855f2b,0,contract_or_token,etherscan_labels
0x87bdbb2e6cdacd72e147d48e9f3659e0ac665aa5,0,contract_or_token,etherscan_labels
0xd7165b512658d8eb1581087062ddcc4a66ec21e5,0,contract_or_token,etherscan_labels
0x8524dd8ce31d5fcbfb1b2115a57414bcced633ea,0,contract_or_token,etherscan_labels
0xae1e59402a3f483f0bbb663800ff21a0f2b1701d,0,contract_or_token,etherscan_labels
0xa04197e5f7971e7aef78cf5ad2bc65aac1a967aa,0,contract_or_token,etherscan_labels
0x8473ccc4b5bde008920af3be1f903eaecb3e40c0,1,scam_heist,etherscan_labels
0xe0552564a62ef5c10095c9e91dea25bd8823364a,0,contract_or_token,etherscan_labels
0x21258e2641c9e221e61678b07d8b2459dc3ff603,0,contract_or_token,etherscan_labels
0x3c76da96b95184906a860e6bd6686d1c6b6589f2,0,random_sample,bigquery_random_sample
0x2bb0ceed9083ab2bb1ff5270608d642835ddf864,0,contract_or_token,etherscan_labels
0x65b4d7f670f1de65fea43949be6bac2d58997483,1,scam_heist,etherscan_labels
0xb17b779c7524bf8299e18495c4d5757bcd5ad982,0,contract_or_token,etherscan_labels
0x66c57bf505a85a74609d2c83e94aabb26d691e1f,0,exchange,etherscan_labels
0xcb0c347e0ecb7c1033ed1abb2dc1aed385e22e10,1,scam_heist,etherscan_labels
0x6bee77149d078c99d78b94455e20a6d8af9c7eec,1,scam_heist,etherscan_labels
0x2eca88111f9bcce951407daa247628c1a3eaec97,0,contract_or_token,etherscan_labels
0xc43efc75bad8f68a957fa636796e2b8497f1bcdb,0,contract_or_token,etherscan_labels
0xc7a9b022f69acc638717a25ebe3d2692bb881803,0,contract_or_token,etherscan_labels
0x4d10cafedd2d22dc4d01c5e246822e362c717b81,0,contract_or_token,etherscan_labels
0xc5e5551e7434484adbf2ccd9669befecb1273eb4,0,contract_or_token,etherscan_labels
0xee73d7642d4c8db833b15b77a76025db5cb105fe,0,contract_or_token,etherscan_labels
0x3c01e625b4931121713d558c9165fb3c89b91394,0,contract_or_token,etherscan_labels
0xdbf4dfe190a0abc849f69a6c01f505846d48e276,1,scam_heist,etherscan_labels
0xa75d888542fff1d119eb7228be960e6f0322f25a,0,random_sample,bigquery_random_sample
0x0077732357ac0f29e26ea629b79ab3b266ddb796,0,contract_or_token,etherscan_labels
0xe429ef58b72f483d416cec2505904b9b033fdb9a,0,contract_or_token,etherscan_labels
0x03c580f8d260afbf42c8e65cf48154bad2915b5e,1,scam_heist,etherscan_labels
0xf73b31c07e3f8ea8f7c59ac58ed1f878708c8a76,0,contract_or_token,etherscan_labels
0xc5b4254866e02f95094b2c15790424b7bd460421,0,random_sample,bigquery_random_sample
0xa06309f9c62a9a457d72e88f0f70945a6dc420d4,0,contract_or_token,etherscan_labels
0xd39621fb695cda8d2da042696cb1002e3d4f0b1a,0,contract_or_token,etherscan_labels
0x7e79c6211c12318ab3904757ad83cf07816cf5b0,0,contract_or_token,etherscan_labels
0x5a52e96bacdabb82fd05763e25335261b270efcb,0,exchange,etherscan_labels
0xfafe74a73a9cf44dd11d866ad87dffc7dc3a0a3a,0,contract_or_token,etherscan_labels
0xdc759745fcd3c58b66cf5dcfc04ba1d784b83e83,0,contract_or_token,etherscan_labels
0x41ca2d9cf874af557b0d75fa9c78f0131c7f345c,0,contract_or_token,etherscan_labels
0xf8c8c95ecebb39cb97587685254df6a9123d923d,0,contract_or_token,etherscan_labels
0x2faf487a4414fe77e2327f0bf4ae2a264a776ad2,0,exchange,etherscan_labels
0x4428f7216266bc8275c9589b34eef77ecf476e7e,1,scam_heist,etherscan_labels
0xbba271e4d9141ee6a54807ee65b350221d2c8167,0,contract_or_token,etherscan_labels
0xd008335e0f77eeaca0e09513dfaa95c7b811fc89,0,contract_or_token,etherscan_labels
0x74312363e45dcaba76c59ec49a7aa8a65a67eed3,0,exchange,etherscan_labels
0x2356b8958b5d8605d7ccf9987491efed6925b8bf,1,scam_heist,etherscan_labels
0x7cb3a0876bc051596dd7c575dd34a323b9b61106,1,scam_heist,etherscan_labels
0x8e249b94a6df92dd33c56b623de3109c3eb867c9,0,contract_or_token,etherscan_labels
0x3d27dcc521d0c2cfadbbdcb03ae38dde17bff772,0,contract_or_token,etherscan_labels
0x343e3a490c9251dc0eaa81da146ba6abe6c78b2d,0,contract_or_token,etherscan_labels
0x3a4e7ce5a8ccb87ba3208256a8c5922e95fa366b,0,contract_or_token,etherscan_labels
0xf403de79c834746c721211158e47f8795214babe,0,contract_or_token,etherscan_labels
0xc37799c61de873e08e9f8920a2c251aee6953356,0,contract_or_token,etherscan_labels
0xcb5cde8da12555bf770e185e8e323290e5c443d4,0,contract_or_token,etherscan_labels
0xe651afd30be9e6a0bcf8aa12b7c0c8254f5fa9ed,1,scam_heist,etherscan_labels
0xca428cc1418e08188342fd3dd392ba9dd572e21d,1,scam_heist,etherscan_labels
0x1d754edc24d233f78862aeb07306e84489c17efd,1,scam_heist,etherscan_labels
0x905c619c121349ca900b274da39ee64ec43b4b4f,0,contract_or_token,etherscan_labels
0x48c1d1d43f2a2267dacdd06bd6c63f3696073ed4,0,contract_or_token,etherscan_labels
0x70b8d52f87fe940fec1a8c0980afa7213ba1d19a,1,scam_heist,etherscan_labels
0x3992e5321586e012cbf9f4940cbadb0e8438d678,0,contract_or_token,etherscan_labels
0xe65909786cbf0fe01e82a5f9b3c6a4c20fe56609,0,contract_or_token,etherscan_labels
0xa79eec6c4f48637a8f7b8e1e0fc4eb56423c0b48,0,contract_or_token,etherscan_labels
0xc5e32d5bb8526e07b7f60653509a74266c98f020,0,contract_or_token,etherscan_labels
0x9109379511407bca629de8d8fe06c748ae49b499,0,contract_or_token,etherscan_labels
0x3f8f2acb85100f5f294f7605e5f26dabe652cf1d,1,scam_heist,etherscan_labels
0x702ec835c92866b7205a1676a1816d0f18d86b53,0,contract_or_token,etherscan_labels
0x41b5e1c5b4d164bf9a01127db4aef2c86ae678ed,1,scam_heist,etherscan_labels
0xefb73e47099485c72b7678cb59fb0da7dacf173f,1,scam_heist,etherscan_labels
0x6b5535346d6e8620285b8ee08d2f3651e6c75d68,0,contract_or_token,etherscan_labels
0xd05ff22bd4d3be3f7b4a680280c9f3578126e5a1,0,contract_or_token,etherscan_labels
0x53bfd162c558f54446dd78ad86ff1450e47bc6a5,1,scam_heist,etherscan_labels
0x7adb368141248d6c50b614aee3b6a9ef9f8c20bd,0,contract_or_token,etherscan_labels
0xd4baa5b1cfd74512a4243b09b544e6fb19832389,1,scam_heist,etherscan_labels
0x67e69808fbe2398f3063b7855f916c65e493674f,0,contract_or_token,etherscan_labels
0xe93907af6143d90683133df6d33042f6dda34ec7,1,scam_heist,etherscan_labels
0x3dd9b6759ad355eae8cd770f717ee6ae187826f0,0,contract_or_token,etherscan_labels
0xa7669662d4b9ec1f8a269cd98d03fbdec8cd0c9d,0,contract_or_token,etherscan_labels
0x510da2dba9e5ad5ab07e872c5b24394073cc502c,1,scam_heist,etherscan_labels
0xa3149708cb9d9bd31cb5c8f5c107d94395b7ba64,0,contract_or_token,etherscan_labels
0x63e4c1d480a373f2d66c68c1a1a406bd7c60a73e,0,contract_or_token,etherscan_labels
0x1e2da0aa71155726c5c0e39af76ac0c2e8f74bef,0,contract_or_token,etherscan_labels
0x59fafd690551988390ce76ec681359a5e30f5708,1,scam_heist,etherscan_labels
0x2e2118178d2f3a6ac10e2126f68f731fefdfda0a,0,random_sample,bigquery_random_sample
0xd1d66e023c52971f5501dc155dc9f945f3c0b9bc,0,contract_or_token,etherscan_labels
0x1c202616105a0c11ec3a86cbc5affa1a1c3206ad,0,contract_or_token,etherscan_labels
0xeb0bc2816e8dcee567ffd634447eabf471e2dcfd,0,contract_or_token,etherscan_labels
0xdbf445fef1cd6e0a33bf2c4c19658c6632eba3f2,0,contract_or_token,etherscan_labels
0x59be44e9489674267224cb24f1a12bc6bb099d92,1,scam_heist,etherscan_labels
0x87f50152f41971cd8519ee35db4774a3b96b51ab,0,contract_or_token,etherscan_labels
0x95cfa1f48fad82232772d3b1415ad4393517f3b5,0,contract_or_token,etherscan_labels
0xfd8d7dfd34265436f7e34d8feccbd40db76da145,1,scam_heist,etherscan_labels
0x799288c51f8e5d25788dd155d37e439444ac1d9b,1,scam_heist,etherscan_labels
0x18a29da57b7d95e63057457a8f76f069f625a45f,1,scam_heist,etherscan_labels
0x56240f02728f98698f6e277d94ee78cb1b39129c,1,scam_heist,etherscan_labels
0x5967be3d7b38cea1f3e5f8d7deb7860ccfa21cb2,0,contract_or_token,etherscan_labels
0x8c7d3bfe7abbe80959897cbf5b84fe0a8fe0b35a,1,scam_heist,etherscan_labels
0x71d950591807865bacfef554f0d7b9c14d40511e,1,scam_heist,etherscan_labels
0xfb23a5806c7beeeb13a2519fae6253eec9239617,0,contract_or_token,etherscan_labels
0xbec8d059c7f72a92a11ad885d67214b54691c6b6,1,scam_heist,etherscan_labels
0x752a5b5bb4751d6c59674f6ef056d3d383a36e61,0,contract_or_token,etherscan_labels
0x7388aee9f01c15ffcb4b90ff8833a7bc546ff893,0,contract_or_token,etherscan_labels
0x0838b3353b16e50a749ec2424f3476b4ab067943,0,contract_or_token,etherscan_labels
0x248f60e9df5816111e613e08a6b7deb1ec8eda4d,1,scam_heist,etherscan_labels
0xd2ba23de8a19316a638dc1e7a9adda1d74233368,0,contract_or_token,etherscan_labels
0x09b9e7c7e2daf40fcb286fe6b863e517d5d5c40f,0,contract_or_token,etherscan_labels
0xc75fde3677146915573b30474d6eb9f43e7aa2d8,1,scam_heist,etherscan_labels
0xfaab3f8f3678f68aa0d307b66e71b636f82c28bf,0,contract_or_token,etherscan_labels
0x1a31c3af1f3ff99b8ca8cc5f4d217c0556adb3ef,0,contract_or_token,etherscan_labels
0x8f9b862267ed25b0ffcf3a1fb7fe43e7d99cdfaa,0,contract_or_token,etherscan_labels
0x4f06041114a33a3cf8eb48fd27db0821d51e7dde,0,contract_or_token,etherscan_labels
0xefbd50ce06b29bbd32df4df8a09cd07963573420,1,scam_heist,etherscan_labels
0x837b42c47d602fd63bbeed55a44e7cee16b12002,1,scam_heist,etherscan_labels
0xcfcffa82bedb1731ba26f02585a8d2c73302bfcb,0,contract_or_token,etherscan_labels
0x5f713b21508731565cfec0a8f540f1d32a992ba2,1,scam_heist,etherscan_labels
0x5d26d3a36db0d28336331cb58d96d17cde3d0655,1,scam_heist,etherscan_labels
0xf2de888433c0bc77a8c984501a5bb5af43b9942a,0,contract_or_token,etherscan_labels
0xe1c3623b20c1bacc6d6cb91c6425edcf1bc84571,0,contract_or_token,etherscan_labels
0xadb2b42f6bd96f5c65920b9ac88619dce4166f94,0,exchange,etherscan_labels
0x01f51b3e51196a0c656ce6f99ea639bf57cd0920,1,scam_heist,etherscan_labels
0x7198aa25eb398e190a5698a96b420e54db39f62b,1,scam_heist,etherscan_labels
0xa344c7ada83113b3b56941f6e85bf2eb425949f3,0,exchange,etherscan_labels
0x164fe0239d703379bddde3c80e4d4800a1cd452b,0,contract_or_token,etherscan_labels
0xbd5e3fd2e6dda114cac77bab8b7e00a72d7c4d9a,1,scam_heist,etherscan_labels
0xe80b07ab7f216ffe716f35cf47b401b71c826f41,1,scam_heist,etherscan_labels
0x91610d89b7039041e0d3fd92f6e1e5cb5b45edb3,0,contract_or_token,etherscan_labels
0xa2de8b99b45bb701915472d1c259a89e6ec75993,0,contract_or_token,etherscan_labels
0x90b5d2be8fc624890a08ba3d9b5069274ae3006c,1,scam_heist,etherscan_labels
0x9b773a68566fe31615fa79c38557161cfbca5a57,1,scam_heist,etherscan_labels
0x015fb9b6472e2bd2eab6ba64c7b003ae138847f9,1,scam_heist,etherscan_labels
0x96b968b2257276cc6f19cfda927a08a73b98ba6c,0,contract_or_token,etherscan_labels
0x64c2d41f6a25b529792a05031de6080d3c1f49ec,0,contract_or_token,etherscan_labels
0x9f8e7685c6cb9c27b3609316cc8264eba81fb3b6,1,scam_heist,etherscan_labels
0x998bf04788c1c631c0e02bd1eed3d945308bf0a3,0,contract_or_token,etherscan_labels
0x8fb285a6f7e5c29ac40378900df2a1ea258b5647,0,contract_or_token,etherscan_labels
0x3a1237d38d0fb94513f85d61679cad7f38507242,0,contract_or_token,etherscan_labels
0x6f58a1aa0248a9f794d13dc78e74fc75140956d7,0,contract_or_token,etherscan_labels
0x17708db79926d44cb7adadd7b5b70c6250e86749,0,contract_or_token,etherscan_labels
0x86090c6f53dc0cc6b1ae82a68242071dd113ec24,0,contract_or_token,etherscan_labels
0x30b9a68c13939f877316e1f8558c8e3ec0fa6246,1,scam_heist,etherscan_labels
0x8ed26a97ca17ae8f652f182091475ffa9b07b084,0,contract_or_token,etherscan_labels
0xc7ce88395235a3179b7b5f06fe76eb372c129383,0,contract_or_token,etherscan_labels
0x26bf6c43120f8f5ca7af89190172220834eb5d9b,0,contract_or_token,etherscan_labels
0x335ed00b59c84ee578baad1e40b21aee4ca3c7a8,0,random_sample,bigquery_random_sample
0x3cc315c4c6d3ad7710f4f98014a1804c21ee5bb7,0,contract_or_token,etherscan_labels
0x3cceba645566a30869651c14f567f26cc1a98ef8,1,scam_heist,etherscan_labels
0x70642a383d79dc85d603d64f687d7e533b005723,0,contract_or_token,etherscan_labels
0xf1f5de69c9c8d9be8a7b01773cc1166d4ec6ede2,0,contract_or_token,etherscan_labels
0x4cc24a82018f5985b7c1339fe5e44f71bcb877ac,1,scam_heist,etherscan_labels
0x2751e2fbb84f119575abd56ef652ba8f1f6445b8,0,contract_or_token,etherscan_labels
0xbd68d831e04479fb8293b862c3bb091a4dcdad3f,0,contract_or_token,etherscan_labels
0x695503b13dfe5a57dfca91cc9e00e6ad17c460a8,1,scam_heist,etherscan_labels
0xae95d3198d602acfb18f9188d733d710e14a27dd,0,contract_or_token,etherscan_labels
0x23b3f0132fdb897323a7ed4e88fa4ccbb8efa57d,0,contract_or_token,etherscan_labels
0x2a0c0dbecc7e4d658f48e01e3fa353f44050c208,0,contract_or_token,etherscan_labels
0xcce41676a4624f4a1e33a787a59d6bf96e5067bc,0,contract_or_token,etherscan_labels
0x52086ef7800bb9779be98e6f5e635842486b4528,0,contract_or_token,etherscan_labels
0x30c364a6ae680f01f7964648500fb2da53dfa6db,1,scam_heist,etherscan_labels
0xeb2dbc07df5f9313008141f088a7a308e715520f,0,random_sample,bigquery_random_sample
0xaa6e8127831c9de45ae56bb1b0d4d4da6e5665bd,0,contract_or_token,etherscan_labels
0x41c9ed0dd85adaa8fb960a26c4934032df3a0754,0,contract_or_token,etherscan_labels
0x0698fa3b48313c5160619bdb970deb98e558ea75,1,scam_heist,etherscan_labels
0x5faf6a2d186448dfa667c51cb3d695c7a6e52d8e,0,contract_or_token,etherscan_labels
0x551b19cb7b1a232dd8767c0ef9b424a8dec65e74,0,contract_or_token,etherscan_labels
0xbfe0b78cf81589eb0ae9e114ac32b1960b70420b,1,scam_heist,etherscan_labels
0xbebcc2e25f72d50f39cf5957600c3b7641db07bb,0,contract_or_token,etherscan_labels
0x75f9c6ca2d3dad50585f4289ea6db622d5db7072,0,contract_or_token,etherscan_labels
0x4bd29e37cad04947b60bf10977c0a955cdfb5099,0,contract_or_token,etherscan_labels
0x6c3a1f3a8f7dff1c79ed9734dfd9317e1a7ec979,1,scam_heist,etherscan_labels
0x408329a24c6a3ae7dbab6e12237e921b1cb9450f,1,scam_heist,etherscan_labels
0x5efe4930b58b9efc54874cd97d728f5114b98818,1,scam_heist,etherscan_labels
0xa73d442fc0783e91a5b0c1b557aeea344e0146b6,0,contract_or_token,etherscan_labels
0xbda380cda4eb3fb0a62c729c4940a63e44acca53,0,contract_or_token,etherscan_labels
0xd793281182a0e3e023116004778f45c29fc14f19,0,exchange,etherscan_labels
0xf62bc39e99763f3df81c49f711c16e625388c64f,0,contract_or_token,etherscan_labels
0x663242d053057f317a773d7c262b700616d0b9a0,0,contract_or_token,etherscan_labels
0x745da4e854773338b36d9b2553ede7ad793b5af2,0,contract_or_token,etherscan_labels
0x17ec352286d1a8117d39674b6fd20f1e06969408,0,contract_or_token,etherscan_labels
0xfd18f126eabfe70d3c30912986fb5bdb95a02c6c,0,contract_or_token,etherscan_labels
0xa9dcd1a86f9eb64ed5505001a5ca794cda449f66,1,scam_heist,etherscan_labels
0x42d8b2224ac3f395234d4c51cc7c4ab35c11de72,1,scam_heist,etherscan_labels
0xc786ab4704e6b79c6bfedfefd0e0d7f0b0abfa73,0,contract_or_token,etherscan_labels
0xec9002f69788730fcb0049095b0352f166fc97e8,1,scam_heist,etherscan_labels
0xd384cc029b537503895fe252f94fba87a05d677e,1,scam_heist,etherscan_labels
0xb1035d946d6548feca96341485d28eba463ad9cb,0,contract_or_token,etherscan_labels
0xb9efee79155b4bd6d06dd1a4c8babde306960bab,0,contract_or_token,etherscan_labels
0x8cde63a5ab5f46b227ab4dc3781b8120b6026a9c,0,contract_or_token,etherscan_labels
0x9f617e6f8433b2ec4c6e48c89f36614df4ce938f,1,scam_heist,etherscan_labels
0x5b84174e567d141d9029a5e369c3dbc415bfecb0,0,contract_or_token,etherscan_labels
0xff45b5b5d6b89894398a9793f3fd53895c306ba0,0,contract_or_token,etherscan_labels
0x4e7d78c857bbeeff264ff0f9ec6a0f3e20e41e3f,0,contract_or_token,etherscan_labels
0x882f5f0493b7d351a7aad864688b475e8a50a311,0,contract_or_token,etherscan_labels
0x63ff978734146a4aa2330c36365280094cbe9079,1,scam_heist,etherscan_labels
0x9228bc7ae1a4aef75039dbadc15b4300e45f6e5d,0,contract_or_token,etherscan_labels
0xf126f2eba3ba89138ab951bdde01cc7881a80a89,0,contract_or_token,etherscan_labels
0xbdcd4dcc79ba2c4088323ca94f443a05a23ca372,0,contract_or_token,etherscan_labels
0x99f85be46fefed4f506e55b54491793318746c0e,0,contract_or_token,etherscan_labels
0x2145be33d894b9374963e1abdd835a7cc93d131c,0,contract_or_token,etherscan_labels
0xc351648240e9fc9213e8b6016e566f95c5fa7909,0,contract_or_token,etherscan_labels
0x38505b190a83383d4e75a6ac36fb3cd790389fff,0,contract_or_token,etherscan_labels
0x81c487380f32cc993e643e10cfd40f37a12a9e74,1,scam_heist,etherscan_labels
0x0c657cb612ceb66b51065184a74ff3cfa70b6aca,0,contract_or_token,etherscan_labels
0xcb1f8f7588451f969beb4e3456bda03ec6801de9,1,scam_heist,etherscan_labels
0xf7b31119c2682c88d88d455dbb9d5932c65cf1be,1,sanctioned,ofac_sdn
0xcb8288a79c5d194c38aa976cd0249804100c0c6b,0,contract_or_token,etherscan_labels
0x55d3675f1511ce34b4ed12af62a0fa430b88586a,1,scam_heist,etherscan_labels
0x0905bc5780a2a17001cf1257e77e5ef81a9f6c14,0,contract_or_token,etherscan_labels
0xe2df17e6227a271c05e003cf20170eea913333d3,0,contract_or_token,etherscan_labels
0xf9d495744b007036b08d3892f8bc70327d7a7c3a,0,contract_or_token,etherscan_labels
0xe01048478f3955d91de4db4c5592294e4d879371,0,contract_or_token,etherscan_labels
0x78cea5ef876187e44ace4d8c3bbeb4bd45e91355,0,contract_or_token,etherscan_labels
0x69d460e01070a7ba1bc363885bc8f4f0daa19bf5,0,contract_or_token,etherscan_labels
0x3cd1c02666461141e264439f3fedf2c5a8030fc3,0,contract_or_token,etherscan_labels
0xa57b4745b96e6a3e94b4ae8ba8b027c177d69767,1,scam_heist,etherscan_labels
0xfbaf885b8c2f74f989b38573e0a4d8b429cb841f,0,contract_or_token,etherscan_labels
0xde9d5a9471d355ad352ff297be4b1a7f60301c5b,0,contract_or_token,etherscan_labels
0xfd2523cf580f76e73d88bf4c8051c871ecdc9b6c,0,contract_or_token,etherscan_labels
0x0a73573cf2903d2d8305b1ecb9e9730186a312ae,0,contract_or_token,etherscan_labels
0x5b96b3523e8bfe9bddf4b42af3e548e9ee5b3cfe,1,scam_heist,etherscan_labels
0x96c41c30fd6749c798b0a6f3c1f11b7b86944e10,0,contract_or_token,etherscan_labels
0x72f88ce4f894fe6f3e0103911d65ebc3de1981a3,0,contract_or_token,etherscan_labels
0x6aa00ff6877d0d657cd95d792766ef3c9d75410e,1,scam_heist,etherscan_labels
0xfad94a60eda54f7fd3106bea8f82b8f2aac8c8cb,0,contract_or_token,etherscan_labels
0x56c000131ff00067f4ed6c7fb87ba1592170c0ab,0,contract_or_token,etherscan_labels
0x48b5e5fd1cdd1ef6f8d54fe4868bdf7915d15dd3,0,random_sample,bigquery_random_sample
0xd0496969d8b0ca0827bc3d96ba985ed36b822e9f,1,scam_heist,etherscan_labels
0xab62cc21cdc6eb61ff42d73fac0c6da5ab4d1fd1,1,scam_heist,etherscan_labels
0xe3c29ce0c36863fd682f1afe464781df6bebaa0a,0,contract_or_token,etherscan_labels
0xd10240e5365d4b86821d746a91ee1dcc84c3eff7,0,contract_or_token,etherscan_labels
0xe49a6762135236348663b90fba515e5b3328c173,0,contract_or_token,etherscan_labels
0x7be8076f4ea4a4ad08075c2508e481d6c946d12b,0,exchange,etherscan_labels
0xff94cafeb6abd7c93c2250d3641a6dd9e2fb6019,0,contract_or_token,etherscan_labels
0x3b201e27acfde1989984b422c49b4dd27a5795ad,0,contract_or_token,etherscan_labels
0x9b1ff090dc06d3bf95baa83e9963cfd53ca24f1c,1,scam_heist,etherscan_labels
0x022a500470a03659a88bd20e9e36c3d0195f76fc,0,contract_or_token,etherscan_labels
0x76ddfc8f4df3ba2fb7cb47fb7b1db7ca66cddb60,0,contract_or_token,etherscan_labels
0x3e04863dba602713bb5d0edbf7db7c3a9a2b6027,0,contract_or_token,etherscan_labels
0x2f37df1a175019357bca8b4f608cecac4f1a7f49,1,scam_heist,etherscan_labels
0x4de965ffa1b721d62ccaa2c53d44bc316c55aa98,1,scam_heist,etherscan_labels
0xe969991ce475bcf817e01e1aad4687da7e1d6f83,0,contract_or_token,etherscan_labels
0xf3e28acc815432fa337665e0d6321c3e8c7dd552,1,scam_heist,etherscan_labels
0xab67297548d3d5dc37308cf614f37e2523a5607e,0,contract_or_token,etherscan_labels
0xff4ab3da6f68a97a14233159e7b852704ca4c1dd,0,contract_or_token,etherscan_labels
0xc381253500041171185455b52e5990f36e504527,0,contract_or_token,etherscan_labels
0xa58ea428f327f8cb44d948d43ad4fbd1cb244b86,1,scam_heist,etherscan_labels
0x1be4c2afd3705cbe6dbbe45b1f87a637616683f5,0,contract_or_token,etherscan_labels
0x1d709998b90c83c8eb2a22b06cc4e180898bf213,0,contract_or_token,etherscan_labels
0x23acc850b30a07dcd9fb87e36da111b9b301b3e5,0,contract_or_token,etherscan_labels
0xa80700d93a90cd178255f9a2ed79e6b67b91a6d7,0,random_sample,bigquery_random_sample
0xaba88769c2abd3c5acb01fcf3eb136acab2ab7ec,0,contract_or_token,etherscan_labels
0x69d4f0e72a9de650dd3fe1f185ed3bf1e9e7e3ed,0,contract_or_token,etherscan_labels
0x610acf637010cbed2386d4d9755ef317eb361b5b,0,contract_or_token,etherscan_labels
0x7a2b036046557e8fff7fa84be5a0b3f7ba808f16,0,contract_or_token,etherscan_labels
0x8aa25ef2c43f0afc214ed7263b6abd189dc18594,1,scam_heist,etherscan_labels
0x7d2103aab2612fdfb7fc0fcb3a879a36b7802ef9,0,contract_or_token,etherscan_labels
0x9e309c439c118804d9c2cf5eac4dfc62cc6f95c2,1,scam_heist,etherscan_labels
0x0d02e26f50dfdc188dbb2cc0753cb1c54b580a96,1,scam_heist,etherscan_labels
0x9bc1ac4ea91501faf21cbc095e833a978d997660,0,contract_or_token,etherscan_labels
0xa3dbfc7f87c67525041cc5a8385ec7c05c5562f7,0,contract_or_token,etherscan_labels
0x199875a951f1c7779933b7fcd3051fb4040d9497,0,contract_or_token,etherscan_labels
0x05f2972cd67705e7f2dcbffd0daa3f939b61020b,1,scam_heist,etherscan_labels
0x13727bb3e95ab4809664bcb74fb70608f4213fdb,1,scam_heist,etherscan_labels
0xd45afa3649e57a961c001b935ded1c79d81a9d23,0,contract_or_token,etherscan_labels
0xc158a58c2c196673d7ca3ac62eb11703eb2c4577,0,contract_or_token,etherscan_labels
0x06b53d3dfe33d0a67547c12fc5c61b7692941739,1,scam_heist,etherscan_labels
0x3fc91a3afd70395cd496c647d5a6cc9d4b2b7fad,0,contract_or_token,etherscan_labels
0x803fd1153c1e90e25c427ab28deb196294748a1e,0,contract_or_token,etherscan_labels
0x61bdd07f51aecfcbec22d94a6219d6f072ed6961,0,contract_or_token,etherscan_labels
0x7c637cd8ec560bce46f9f603c3386848682c6abf,0,contract_or_token,etherscan_labels
0x2e41132dab88a9bad80740a1392d322bf023d494,0,contract_or_token,etherscan_labels
0xff3ab8989bf275ce128ca69481bdabbe93055876,1,scam_heist,etherscan_labels
0x26545fd70c44e6d7025a554d5bbcffdb3e457cf7,0,contract_or_token,etherscan_labels
0xed008e3455d7382357e0e8258368dc7c8a235a6d,0,contract_or_token,etherscan_labels
0x532bec27edb276498b8bccbbe65fb70935ca303b,0,contract_or_token,etherscan_labels
0xbc805ab40a7805d49b9f3de1d7be637090f74863,0,contract_or_token,etherscan_labels
0xd4ee113548dd66913dff6743e9b89e9fca7e4ead,1,scam_heist,etherscan_labels
0x721f102c76c32ef094f11912d046541f90e1821d,0,contract_or_token,etherscan_labels
0x47eb158da3b5fb72b4840170ccbccae200f36473,0,contract_or_token,etherscan_labels
0x7ed6d9724951688f5dfdf9463568890a71e8730e,0,contract_or_token,etherscan_labels
0x873d82a97ca0cfd168d9b15345a2f1e3732ee62c,0,contract_or_token,etherscan_labels
0x0bd7ca7c102435521c2ff0c549f8a28b5c972248,0,contract_or_token,etherscan_labels
0xc60c650bf09226feb8646dbabb1b35b5332e3fd2,0,contract_or_token,etherscan_labels
0x9676985b1398576ae1cb023e24947012ecf6e9dd,1,scam_heist,etherscan_labels
0x22e7086e37dcd1e9400986d5e2ebace86c0a9f08,0,contract_or_token,etherscan_labels
0xc1a11d0b7a4937ba41901a119628f8750c6605af,1,scam_heist,etherscan_labels
0x8bf6bc162a314b7576da52953828534ec2af9257,1,scam_heist,etherscan_labels
0x5ff7794c06f79fa476d54492c1b82bf5a76b06ee,0,contract_or_token,etherscan_labels
0x1cfebaf7db3b9e77d987cce04581177ed9f8083e,1,scam_heist,etherscan_labels
0x74037f22b6fe1682eec9810965dd05ab4fc9ec7e,1,scam_heist,etherscan_labels
0x99e582374015c1d2f3c0f98d0763b4b1145772b7,0,contract_or_token,etherscan_labels
0x2f5a7b563e6c4761d478273f5f9b4a444bdd2e3c,0,exchange,etherscan_labels
0x83814f705fac7316941c1f3de38766a64425fed7,0,contract_or_token,etherscan_labels
0xf8ebb0fce9a62677c0ce7dfd322d8855f81d667f,0,contract_or_token,etherscan_labels
0x691c87223b60156141ffc1b19cee7960cb5d274b,1,scam_heist,etherscan_labels
0xa845771fbac58d88f8976feebe8dbd904fa3ac05,1,scam_heist,etherscan_labels
0xdb2116d075c02800db6c4a71f06cd3da64e2f30f,0,contract_or_token,etherscan_labels
0xbb3f0ea003703ff6bd95dc60f32935ee2b869645,0,contract_or_token,etherscan_labels
0x1f4238b27284c47ef9963100ed8149a93217d423,1,scam_heist,etherscan_labels
0x652bd4d7daa00a690abf404837ca0d163209d66e,0,contract_or_token,etherscan_labels
0x04fc84d0b2914005cd16fa377ae889d768b2e7ff,0,contract_or_token,etherscan_labels
0xcc5913b8fc2256cf378c4e1bd34e99a2a8bb7362,0,contract_or_token,etherscan_labels
0x6caa616c0cb8aeb7fa14233d6bdde13d582c94ad,0,contract_or_token,etherscan_labels
0x1eff8af5d577060ba4ac8a29a13525bb0ee2a3d5,0,contract_or_token,etherscan_labels
0x555ddd7c3999010cff0ae3671d31cb376fa638f0,0,contract_or_token,etherscan_labels
0x6974c792eda292fd40030f83d13d5e015a28406b,0,contract_or_token,etherscan_labels
0xc64236ed504d0fd2f0acff11e5aca11140f22147,0,contract_or_token,etherscan_labels
0x6118d8eb6b34d285f8a60c6b8cf0f0a37968ffe7,1,scam_heist,etherscan_labels
0xbd5db362e58da9425d344cc60b33c02cecb6fc96,0,contract_or_token,etherscan_labels
0x864ed564875bddd6f421e226494a0e7c071c06f8,0,contract_or_token,etherscan_labels
0xffc9f438189467f2ca21a5072ec52cd215365b9a,0,contract_or_token,etherscan_labels
0xb13289695fcdaeb14124e4d89adc8bbce5ea845b,1,scam_heist,etherscan_labels
0x986584714ef27e6cb34788dd5e538ae467ddde8a,0,contract_or_token,etherscan_labels
0x5dbdebcae07cc958ba5290ff9deaae554e29e7b4,0,exchange,etherscan_labels
0x09c4c9dc17fe0ac408c5dfa784912fb9c0c95b25,0,contract_or_token,etherscan_labels
0x882f91647821ee34fe928c2743f48a79cafd0934,0,contract_or_token,etherscan_labels
0x97d845bd646ae626f01c69a5ada56e6dfb7de7e2,0,contract_or_token,etherscan_labels
0x58e808e472e5113860339bcd2b5266a47c04305f,0,contract_or_token,etherscan_labels
0x6dd0c5b278a2111aa828edb8e695e40b2d5dc6c7,1,scam_heist,etherscan_labels
0x7058cdcf4c910dae9f611889ed717c4014750d3b,0,contract_or_token,etherscan_labels
0x1151314c646ce4e0efd76d1af4760ae66a9fe30f,0,exchange,etherscan_labels
0x35ab779a07bfa4a187ef9022b994fccb6e98cc69,1,scam_heist,etherscan_labels
0x4add71348f750b038869ab0ce6c3309a922d1892,0,contract_or_token,etherscan_labels
0xbf5f83f5749689c746f3be1184337caac9f74aa4,1,scam_heist,etherscan_labels
0x3cbded43efdaf0fc77b9c55f6fc9988fcc9b757d,1,sanctioned,ofac_sdn
0x6fe59b5b74c3a0fce48624beecc81b6e734754b2,0,random_sample,bigquery_random_sample
0xc39ec90bcd61ad6b490d20d02b3ffde063d3aec2,0,contract_or_token,etherscan_labels
0x349388dafb463ba2bc5cedc8ebc55c25d70f61bb,0,contract_or_token,etherscan_labels
0x7047f90229a057c13bf847c0744d646cfb6c9e1a,0,contract_or_token,etherscan_labels
0x72c51f0c7891e3db1a19d3c8ced19c0d73c69b76,1,scam_heist,etherscan_labels
0x934b936e6fc1d833c85fc600efe985ff3d8b7c7e,1,scam_heist,etherscan_labels
0x904b5993fc92979eeedc19ccc58bed6b7216667c,0,contract_or_token,etherscan_labels
0x0ba1d7092ad70aaf175924ab39412d5528ef3311,0,contract_or_token,etherscan_labels
0xe95ef4e7a04d2fb05cb625c62ca58da10112c605,0,exchange,etherscan_labels
0x5d78037e90a0866ad9a00a3aa0afc7066610f1b5,1,scam_heist,etherscan_labels
0xee76a05476c7b46cba209f1ad746b383f90e0f08,1,scam_heist,etherscan_labels
0x21a31ee1afc51d94c2efccaa2092ad1028285549,0,exchange,etherscan_labels
0x10727df77a9a2fcd966d742dde633239e38dd11d,0,contract_or_token,etherscan_labels
0xc73ee6632b08d890e67aa30e667b55cfdf281d96,0,contract_or_token,etherscan_labels
0x36a57f5ea6cceb75523639aba3224036e5f8231d,0,contract_or_token,etherscan_labels
0x9dc62be6e2db3271fb493cd922ad68422878a5e2,1,scam_heist,etherscan_labels
0xded7f6e1a59e4c879d9724bf6cc4f1144ccd354f,0,contract_or_token,etherscan_labels
0xa98321b8e554d426dbec05987af0441ae0e87910,1,scam_heist,etherscan_labels
0xffbac21a641dcfe4552920138d90f3638b3c9fba,1,mixer,etherscan_labels
0x110492b31c59716ac47337e616804e3e3adc0b4a,0,contract_or_token,etherscan_labels
0x647758e42fe6a5dfe6704feee58209170da7625b,1,scam_heist,etherscan_labels
0x42feec5c7e7d3c725864a2716ca357fa9993ccc0,1,scam_heist,etherscan_labels
0x02a89c6fc427efb54da02ea09e14392b7e912cc4,0,contract_or_token,etherscan_labels
0x0c7ccf61bf3d21561ca28ea2d522c324bf0d6111,1,scam_heist,etherscan_labels
0xdd2159548c8e6f0c773ce978b0cb4c9cc8e7d4ea,0,contract_or_token,etherscan_labels
0x668d052775ca6f11a07fafe7859db777e253eaf9,0,contract_or_token,etherscan_labels
0x6db999a01568542d35f5526921b5b7862704187b,1,scam_heist,etherscan_labels
0x69d07c2791923a800076541299e966d1f300f93e,0,contract_or_token,etherscan_labels
0xb349822f567e8bce0d6f0784a893f58b4a6669e0,1,scam_heist,etherscan_labels
0xd82ed8786d7c69dc7e052f7a542ab047971e73d2,1,mixer,etherscan_labels
0xe5e632d45b37ee4682de95edb6a9819bae43665f,0,contract_or_token,etherscan_labels
0xab664da38f0d99a78d6fb65baf12d5f6cad501c2,0,contract_or_token,etherscan_labels
0xe4b9de5905731ce0aa00572b994ad0a4783893a9,0,contract_or_token,etherscan_labels
0xedcbad088e7f6418ecac3bf352f401709b388ca1,0,contract_or_token,etherscan_labels
0x055db9aff4311788264798356bbf3a733ae181c6,0,contract_or_token,etherscan_labels
0x9fe350dfa5f66bc086243f21a8f0932514316627,0,contract_or_token,etherscan_labels
0xb670373863ce64f040b7c10bee79c40ce12cacba,0,contract_or_token,etherscan_labels
0x7561dd6a3676a74e0e7533cea42e4a406774ebee,0,contract_or_token,etherscan_labels
0xb739ad71bb7a405534541fda5aa6027647d4621a,0,contract_or_token,etherscan_labels
0x195e8262aa81ba560478ec6ca4da73745547073f,0,contract_or_token,etherscan_labels
0x05de6882d8e18f148ed474719ab3f8eeb0da59d4,1,scam_heist,etherscan_labels
0x3557f7445f8214f4c17da94dc9d81e884d210439,0,contract_or_token,etherscan_labels
0xea9cec98c2c7e8344b8c9a892f1531c62d18da1e,1,scam_heist,etherscan_labels
0xa699ee42d2c998f97df8897e580c45a46d4fdfa7,1,scam_heist,etherscan_labels
0xd39b35a0dac6d213ef592638ea978e91ed1b8a7a,0,contract_or_token,etherscan_labels
0xab7c74abc0c4d48d1bdad5dcb26153fc8780f83e,0,exchange,etherscan_labels
0x55f06ed45606c78370edddcb85ef7141ad2033d1,0,contract_or_token,etherscan_labels
0x45df84c216f3175d0dc39f06dee7571e72540a29,1,scam_heist,etherscan_labels
0xf24a132fb79352f80f44ff01eac4d80ccdf5390b,0,contract_or_token,etherscan_labels
0x8c8e819f7209fc668e9cb4d33677fd24e4ed8d75,0,contract_or_token,etherscan_labels
0x278d33a37c206966cb6447963cca9246c137a036,0,contract_or_token,etherscan_labels
0x11d42966bb1921faec8744b71f64e5ed762308fd,1,scam_heist,etherscan_labels
0x02e91ba955f005daafb29607bfa7403c0bd01c18,1,scam_heist,etherscan_labels
0x9fa4a28a31147fe40dd0ac516576f31a3a7b4548,0,contract_or_token,etherscan_labels
0xd27b7d42d24d8f7c1cf5c46ccd3b986c396fde17,0,contract_or_token,etherscan_labels
0xfac58bcb27dabe2077aa807fc47b91f6646d4b90,0,contract_or_token,etherscan_labels
0x07b18c2686f3d1ba0fa8c51edc856819f2b1100a,0,contract_or_token,etherscan_labels
0xb1ed41dc1fe9b723a31137afdd1201d17917fe91,0,contract_or_token,etherscan_labels
0xffe8c31fb0ab62c99fc6e8c724d0f1949dbaa44f,0,contract_or_token,etherscan_labels
0x3af33befeb667fd27eab4238926b08819659d15e,0,contract_or_token,etherscan_labels
0x6c9a9b251f6f7615dbe9c9bd39e9ea74ce1a9c97,0,contract_or_token,etherscan_labels
0x9a01a227d7a6b6f0a821abcce7c4415abeea90a0,0,contract_or_token,etherscan_labels
0xed3012336805555d94196db7013e6441d95720a5,0,contract_or_token,etherscan_labels
0x6137a55b535b98e26c5ca5c9cb329022bf1b9318,0,contract_or_token,etherscan_labels
0xffe4417a996374f3aa4963ef795ae9676ed898f3,0,contract_or_token,etherscan_labels
0x8ba3743b709abd0ed8c454028325b059c58901ac,0,contract_or_token,etherscan_labels
0x9f4d9c8b277ecd5b5a8c0062ea5a97ac944e43e7,0,contract_or_token,etherscan_labels
0x589897e6c2c1705e9a9d69c50765c25993665e45,0,contract_or_token,etherscan_labels
0x466dcd831585f7b70f0b337b50d13b0e061220db,0,contract_or_token,etherscan_labels
0xed201fc1d50a49ecf8b6e99730012dfff4daf8d0,0,contract_or_token,etherscan_labels
0x67f8afd5ffe6a01d71984d462604356c2273a013,0,contract_or_token,etherscan_labels
0xd6a10e777d5e16cb7ff0a1d6e11f901a0ccdd9c6,1,scam_heist,etherscan_labels
0x2a9d033414bd5a0002cbdb72077a21c84f70e848,1,scam_heist,etherscan_labels
0x4cbb6a5ec00ceec252a7091559484f7adb83165f,0,contract_or_token,etherscan_labels
0x336eb7fb7f53a287d384ad12826a32f82c5e4d78,0,contract_or_token,etherscan_labels
0x2959129fe2f1cad86222ceff339de18a1ff50a2f,1,scam_heist,etherscan_labels
0x92356cc4cf0657c0ec293d98abf5728da88014b6,0,contract_or_token,etherscan_labels
0x4ddd7761fe6266c0e0e97380ebe8ca3b7074ac0d,1,scam_heist,etherscan_labels
0x3b0f0aae0fbc53173db9e39f9fd46df805518f62,0,contract_or_token,etherscan_labels
0xd47140f6ab73f6d6b6675fb1610bb5e9b5d96fe5,0,contract_or_token,etherscan_labels
0xa55b28c07bc43feb42119e83f5b56de89eb54712,0,contract_or_token,etherscan_labels
0x59bd610fc410f9624b1136191bce91c229279381,0,contract_or_token,etherscan_labels
0xdcd0272462140d0a3ced6c4bf970c7641f08cd2c,0,exchange,etherscan_labels
0xd31d134990af4142d12524303dba3c76a0b2699c,0,contract_or_token,etherscan_labels
0xfa619eb88409125c0b214c4ea2352ea472ea8c5a,0,random_sample,bigquery_random_sample
0x2af1df3ab0ab157e1e2ad8f88a7d04fbea0c7dc6,0,contract_or_token,etherscan_labels
0x5a178c6b72eaa4c1e5dd30a23cdb608eb4626209,1,scam_heist,etherscan_labels
0xf5319601cb8f81ad10e8343347cdb25af82d5f20,0,random_sample,bigquery_random_sample
0x94942eb0b61b9f7e706e024bc2b4ffb1bb087826,0,contract_or_token,etherscan_labels
0xcc24ab42f153d51fc7a48f3159d00d2d65ab9e67,1,scam_heist,etherscan_labels
0xc51c1138d811133fbd164e1bfcaa814d04295af5,0,contract_or_token,etherscan_labels
0x1de6cb5b085ac84bd247b8176c781e913166aa6b,0,exchange,etherscan_labels
0x8b758d7fd0fc58fca8caa5e53af2c7da5f5f8de1,0,contract_or_token,etherscan_labels
0xa56086fdf0f7a32e6b7d9eb49c0ac6774d2e2251,0,contract_or_token,etherscan_labels
0xe1a24535d1dd36c2b1508e11138960c3950ab161,1,scam_heist,etherscan_labels
0x8180b2629d6589ef40fb566b14d8cdccc3e51ae4,0,contract_or_token,etherscan_labels
0x60bce13608701789ab9c8faa9b82de115ea8744d,0,contract_or_token,etherscan_labels
0xe0e6b25b22173849668c85e06bc2ce1f69baff8c,0,contract_or_token,etherscan_labels
0xe93527d1f8c586353b13826c501fa5a69bce2b0e,0,contract_or_token,etherscan_labels
0x2dbc7dd86c6cd87b525bd54ea73ebeebbc307f68,0,contract_or_token,etherscan_labels
0x7c8926b61021f847bdee1c639c3ce3bf98545502,1,scam_heist,etherscan_labels
0xfff82910d352abe04d00d542f0ded0bfc8516f78,0,contract_or_token,etherscan_labels
0x78740436893c9bbb09634ca04d82c4f88c1219cc,0,contract_or_token,etherscan_labels
0xba13afecda9beb75de5c56bbaf696b880a5a50dd,0,contract_or_token,etherscan_labels
0xa7fc6796ecac3a2117730cc663e50a55938e5e28,0,contract_or_token,etherscan_labels
0xbe9bf871c99015374e8aecfc711eca09cbb7ca5c,0,contract_or_token,etherscan_labels
0x86fb29aa717c90fa3386977d1b77e3d4257a9b94,0,contract_or_token,etherscan_labels
0x5e440c0b8952a029812be6eb66456fc61460676f,1,scam_heist,etherscan_labels
0xe701a169182d20106bc1a0889a0ce8f0867565ce,0,contract_or_token,etherscan_labels
0x0c860ee3c53932afbab4ac0b31f5fded66fc8293,0,contract_or_token,etherscan_labels
0x7f59d23faf5a8ba0b83636e5702d13662e0c603a,0,contract_or_token,etherscan_labels
0x6405c734c29e9bcad71393d9fb13e016b68841dc,1,scam_heist,etherscan_labels
0x7b3d72154a50f8cf625d72fc8c9c7ea47c6d2795,1,scam_heist,etherscan_labels
0x28a5b95c101df3ded0c0d9074db80c438774b6a9,0,contract_or_token,etherscan_labels
0x1a2ebf505cb83dffb31ca86e8ebd8b7978f2f305,0,contract_or_token,etherscan_labels
0x2ea42739a48d8bedf772ba519c9beac56864243b,1,scam_heist,etherscan_labels
0xc0c435b1324512a484d541171cdb533c8db2ff58,1,scam_heist,etherscan_labels
0xce339986489f0eb81fc65b4b19f7025a1b6a5c09,0,contract_or_token,etherscan_labels
0xb4ddbf7ff548f861f35dded148281a1b91d9404a,1,scam_heist,etherscan_labels
0x5a0a6310c13375892cf64331008dd038f28b8e1d,1,scam_heist,etherscan_labels
0xf9c2b5746c946ef883ab2660bbbb1f10a5bdeab4,0,contract_or_token,etherscan_labels
0xafe3cf7af47646ce4477d4288d9be76a8bd05c13,0,contract_or_token,etherscan_labels
0x89714d3ac9149426219a3568543200d1964101c4,0,contract_or_token,etherscan_labels
0x034207332f4091d43e4823908cacc739f8fc043e,0,contract_or_token,etherscan_labels
0xca810f64a0bbc8498dd0d714113c8518feeb8d29,1,scam_heist,etherscan_labels
0x30be6bed9307844ba5fcc8ea269fa72d84b4ee75,0,contract_or_token,etherscan_labels
0x7f00853ad928abd68feaf4072a11a9587b974041,0,contract_or_token,etherscan_labels
0x3ec2c2c3c4628a01ab511acbb8a49d121e6ea7be,0,contract_or_token,etherscan_labels
0xecd8b3877d8e7cd0739de18a5b545bc0b3538566,0,exchange,etherscan_labels
0xf5da34e43fbe70ed9e9842958f67cbeb530c1557,0,contract_or_token,etherscan_labels
0x292b405e64d7b64964ac01d1a47d26c28a55a88e,1,scam_heist,etherscan_labels
0xc00889fa539512a941677c38b29320ea15607de8,0,contract_or_token,etherscan_labels
0x7c28366e62d0dc3e2629d8e048b371f247f90857,0,contract_or_token,etherscan_labels
0x3431b0d30c491be25f6b76a3fb573c45f1118c66,1,scam_heist,etherscan_labels
0x41c677a110caa27ce813a877ae5b5f60546fc9b2,1,scam_heist,etherscan_labels
0x80675cffb2b16080b71699b57a0f60e177a2242c,0,contract_or_token,etherscan_labels
0x55031f623152cfb63c60a152238b9b3b28c568b0,0,contract_or_token,etherscan_labels
0x2e8e20c594197a7471ed531899b0fa1a0e15cd2c,0,random_sample,bigquery_random_sample
0x9a13fe8e0842124187c4f00b2b31e070e6cbb9ff,0,contract_or_token,etherscan_labels
0x7a2787cf58db79c50831a15bca4d6d209df9035c,0,contract_or_token,etherscan_labels
0x8031bcb8bbae620f17fbc88e800633a69664ad62,0,contract_or_token,etherscan_labels
0x8a052f3b2346f71edbe2ea7adbf08a90fa973e4c,0,contract_or_token,etherscan_labels
0xbaa35c7a1f0bdf7ea92fd9ecaa72539c6f0c564c,0,contract_or_token,etherscan_labels
0xd5d49459afdc2540896836eadbf0ed08acac0abd,1,scam_heist,etherscan_labels
0xe9c989b0e75ab088889647664b6add8205ca73c8,0,contract_or_token,etherscan_labels
0xabfa810f2a690d13225995f53fece174f392637a,0,contract_or_token,etherscan_labels
0xe953314101f27d5e4e8221d371894a8c1865c8f4,1,scam_heist,etherscan_labels
0x6aee9dc09702dffab334f3f8e6f3f97c0e7261f4,0,contract_or_token,etherscan_labels
0x680a025da7b1be2c204d7745e809919bce074026,0,contract_or_token,etherscan_labels
0x1cde424e2999cb87e68221b136f04bf87fe8012c,1,scam_heist,etherscan_labels
0x2cdfd9e12e482d0238a2e1db8d1ae11cb47c4515,0,contract_or_token,etherscan_labels
0x78f12a3d3f101809efd678fe79170d0ab434afe4,0,contract_or_token,etherscan_labels
0x6ad47fab380bd4ac6c3bb60aeb8e67167c970953,1,scam_heist,etherscan_labels
0x11e4857bb9993a50c685a79afad4e6f65d518dda,0,contract_or_token,etherscan_labels
0xe87352f80cf096584d473d7821ffb220ffcceedd,0,contract_or_token,etherscan_labels
0x2e60cf74d81ac34eb21eeff58db4d385920ef419,0,contract_or_token,etherscan_labels
0x22d2380f3d396fb9ffb3523f1d570138b404a4e2,1,scam_heist,etherscan_labels
0x09344477fdc71748216a7b8bbe7f2013b893def8,0,contract_or_token,etherscan_labels
0xcf58f8777f8723264690f5ca7ffda9cf0ffbaa74,0,contract_or_token,etherscan_labels
0x7e283b6953415de0b3bc44f6249d71772dba878b,1,scam_heist,etherscan_labels
0xa7a4aae030aa3c4e3e85ecc5900870027fb1fa9a,0,contract_or_token,etherscan_labels
0x8ae2135519a691992eeee0c48c08748390e26f57,0,contract_or_token,etherscan_labels
0xab66a116265e7edc76426ef7c14739424ad80159,0,contract_or_token,etherscan_labels
0xaffcd3d45cef58b1dfa773463824c6f6bb0dc13a,0,contract_or_token,etherscan_labels
0xfdef5cfe60c3b97de7478a97185310f75e11bf8b,0,contract_or_token,etherscan_labels
0xf99d58e463a2e07e5692127302c20a191861b4d6,0,contract_or_token,etherscan_labels
0x33b0d02e91f304f22e62679cbf777ff05f651042,0,contract_or_token,etherscan_labels
0x454a659e822138275dee3e0741db03304efddfb4,1,scam_heist,etherscan_labels
0x01c1adb4ad6678d2bf2b772301f111d257b7b109,0,contract_or_token,etherscan_labels
0x4556c4488cc16d5e9552cc1a99a529c1392e4fe9,0,contract_or_token,etherscan_labels
0xa61acf9201beefcac507b76d9395937ec286dcd3,0,contract_or_token,etherscan_labels
0x9cf72eebd6155250bce0dc71506579e8ee44764f,0,contract_or_token,etherscan_labels
0xae7f21c0dfe5481ca77d538b5609938a51850942,0,exchange,etherscan_labels
0xd1ed660fbaacc2aeaa612aa077c8ccb0b949026e,0,contract_or_token,etherscan_labels
0xb60e8c3fed84ac332f58060730eff5a752845860,0,contract_or_token,etherscan_labels
0x5e37419f5b87eb6911dc53f63f5a412522eca0c2,0,contract_or_token,etherscan_labels
0x32f951c0eaa875fa945e99f95791149b9d1ec13e,0,contract_or_token,etherscan_labels
0x958b3091ccbfb099fc483f69c5567ea7485376fb,1,scam_heist,etherscan_labels
0x82aa4d6c3c37d235fe1c83d93a40d10e1bcadd0f,1,scam_heist,etherscan_labels
0x967d3ca661727484b459452bd498f0cf48f1da9c,0,contract_or_token,etherscan_labels
0x3888739b69d5984af2b5b65cc31b6b108b320566,1,scam_heist,etherscan_labels
0x3c10ec87d7fb9f2fb1b03878fe73876bd0abcd2d,1,scam_heist,etherscan_labels
0x22356b87082c59be4fc8c81b3e037b0a3b47d0a4,0,contract_or_token,etherscan_labels
0xbeca0c3da712b24d2c885a55591b5c1975f1f3bc,0,contract_or_token,etherscan_labels
0xbecc4ec8f91758b038d61b9a8ba9eb936dc84866,0,contract_or_token,etherscan_labels
0xc713a87f7bf292466e22d8df4d430c17ee2d5945,0,contract_or_token,etherscan_labels
0xf1f7c71cb81ceba1dc5fd659eeb144301df0dbb4,0,contract_or_token,etherscan_labels
0xb3f3b0335e3881846e8a6da2d7125165b6993793,0,contract_or_token,etherscan_labels
0x3144cb33fbfc0877d66e7733d5d7302bf9ee87a8,0,contract_or_token,etherscan_labels
0xd667b72ac231f415dd24cac9ad1c5076f420d29a,0,contract_or_token,etherscan_labels
0x5bdb9e0e098c9c715c551863a2adfc9be37c4e83,0,contract_or_token,etherscan_labels
0x56983afc748ee88d695f1bcf8d8fa25831a71a21,0,contract_or_token,etherscan_labels
0x358abccb4f5bb715482271890929fdabb3015878,1,scam_heist,etherscan_labels
0xd04993f167c3c18781437b6899e7f719f680ffac,1,scam_heist,etherscan_labels
0x57c7bf29ecd4ffe50cbb93694f74c157b239ba8f,0,contract_or_token,etherscan_labels
0x4c91a6442191144d2b977596ec145ddd6d925f45,0,contract_or_token,etherscan_labels
0x741d77acff94e50d7b1e4e00e95a681449bcadda,0,contract_or_token,etherscan_labels
0x60653d736a02110ae5b8aaba0ad12deb704e9e9e,0,contract_or_token,etherscan_labels
0x74368b510837c06b1b475d270618ecdf0c380577,0,contract_or_token,etherscan_labels
0xb32922d2b81fd6075192bbe9f52d89101e39c1c5,1,scam_heist,etherscan_labels
0x52a56685eefc648f01f97ece0184da416410b0da,0,contract_or_token,etherscan_labels
0x79a65003073717d7cd04131e267eb55740af0d6b,0,contract_or_token,etherscan_labels
0xf7df6dbb318069c3c01c5b6ba83b1f39b3500b93,0,contract_or_token,etherscan_labels
0x13c2153a340998baf644785bbaf7803708f04683,0,contract_or_token,etherscan_labels
0xca478b3a869f6f6a10f684cb38cd3e28f0134077,1,scam_heist,etherscan_labels
0x463457d978e1c3184800c673399599eff6c44f5b,1,scam_heist,etherscan_labels
0xe42c37f8f382fe2f2e042b518c5e72d3247100e8,1,scam_heist,etherscan_labels
0xa3dcacaedc9790ae91a925dc72610c5593efebc9,1,scam_heist,etherscan_labels
0x797bc66624daf33000703360fa069acc6fa3afc6,0,contract_or_token,etherscan_labels
0xfb6a2b175ca45c707dd94b160621471a3192938c,1,scam_heist,etherscan_labels
0xe8620e0f1867a657b0e32b9e123873d5e84f4ec5,0,contract_or_token,etherscan_labels
0x708396f17127c42383e3b9014072679b2f60b82f,0,exchange,etherscan_labels
0xad708682fc3c3397f3a51fc9e460bd525db9a99f,1,scam_heist,etherscan_labels
0x4f127918c2b366d829256771ca636f7250c627ca,0,contract_or_token,etherscan_labels
0x91a48c69ec3f3ce855fe5054f82d2bef8fd66c43,0,contract_or_token,etherscan_labels
0x4a2a4011a75b6c66174c55f9b6335d9dffd7cb5f,0,contract_or_token,etherscan_labels
0x1b7aa6b97525b4437a557f1cf974249bb4f4eaf4,0,contract_or_token,etherscan_labels
0xcfa897e2c4e0a64eaa9ca41f607820a09134353a,0,contract_or_token,etherscan_labels
0x283d433435cfcabf00263beef6a362b7cc5ed9f2,0,exchange,etherscan_labels
0x4a2129544da5a011cb0959df30e212bd61d0bb13,1,scam_heist,etherscan_labels
0xc7e9bf6c2f64573fe7c86735b54c49a1d3c3aab8,1,scam_heist,etherscan_labels
0x189269be3efcffe4d963618ef39b02dbd00e572f,1,scam_heist,etherscan_labels
0x3170e61ea09e5365bc12d808e26735a7613d387e,1,scam_heist,etherscan_labels
0x258691dbc90e8d725e341300cd22b5f58339a96d,0,contract_or_token,etherscan_labels
0xb2b9335791346e94245dcd316a9c9ed486e6dd7f,0,contract_or_token,etherscan_labels
0x689c56aef474df92d44a1b70850f808488f9769c,0,exchange,etherscan_labels
0x8f65f6091781a38c65de0dee79a9f15db314c981,0,contract_or_token,etherscan_labels
0x54c3c925b9d715af541b77f9817544bdc663345e,0,contract_or_token,etherscan_labels
0xeccc56af1827a8ff51692efa6c60b0996babcf3f,1,scam_heist,etherscan_labels
0x1c34c1d24bba5ccdb173f203dbff6cfcc92c8699,0,contract_or_token,etherscan_labels
0x45689c8c26b4214e0813e934ebdc4bc9193f5ba0,1,scam_heist,etherscan_labels
0xd5761bdc54024a6a45c36112a35ff63481e9b23f,0,contract_or_token,etherscan_labels
0x45dbd33d80c820674b271646ab3b9ad1bdbce9e4,0,contract_or_token,etherscan_labels
0x17ee74d9ec913fd7044bf8e91560b0e3cd12b8f8,0,contract_or_token,etherscan_labels
0x6514e86d1d0cc8fee0a4c4a6cd443a60f438e067,1,scam_heist,etherscan_labels
0x6d15bffb357c523469e8f54d3ff46e2f3e570a85,1,scam_heist,etherscan_labels
0xeec606a66edb6f497662ea31b5eb1610da87ab5f,0,exchange,etherscan_labels
0x5b6c7a918182682c1592389b1c4595af158cdaab,1,scam_heist,etherscan_labels
0xe1ac653ea8187fdda6ef869cdfc6de3720f35327,0,contract_or_token,etherscan_labels
0xc882b111a75c0c657fc507c04fbfcd2cc984f071,0,exchange,etherscan_labels
0xe07aae62b117625426a3caf07730a4934e648b37,0,contract_or_token,etherscan_labels
0xbc49be4ec145f4f2d0b3971986fd723b20658997,0,contract_or_token,etherscan_labels
0xe7ab45162f5979f09b0bda1cc7dfc97c270ea3d5,0,contract_or_token,etherscan_labels
0x58c2cb4a6bee98c309215d0d2a38d7f8aa71211c,0,exchange,etherscan_labels
0x0593fd9d59a63f23599272a28ae3f7a2fbbf98fd,1,scam_heist,etherscan_labels
0xf7a8af16acb302351d7ea26ffc380575b741724c,0,exchange,etherscan_labels
0xb301d7efb4d46528f9cf0e5c86b065fbc9f50e9a,0,contract_or_token,etherscan_labels
0xc33dbee1b0bd759425e4c23cbe0a905c0652bc94,1,scam_heist,etherscan_labels
0xf8f907a30e50394881d53fb30f0f2fa109f46d7c,0,contract_or_token,etherscan_labels
0xb580528b439bc4ba9f0ba6f19b1bb2926740adc6,0,contract_or_token,etherscan_labels
0x7a2e2ff58ac4531a80beac0ea61921ac929d8b9a,1,scam_heist,etherscan_labels
0x6fd84ba95525c4ccd218f2f16f646a08b4b0a598,0,contract_or_token,etherscan_labels
0xd057b63f5e69cf1b929b356b579cba08d7688048,0,contract_or_token,etherscan_labels
0xb7a8c198e5e91504abdebf6b8339b8a315e741e3,0,contract_or_token,etherscan_labels
0x8470f7bcb8ce90fd2481c273d4b8620baa78043a,1,scam_heist,etherscan_labels
0xa54f3adc3cc4b65ada92fcbfea1c0d74f5591564,1,scam_heist,etherscan_labels
0x75e751509ef6aa0325452a8c039003565b630f89,0,contract_or_token,etherscan_labels
0xf977814e90da44bfa03b6295a0616a897441acec,0,exchange,etherscan_labels
0x2a8d66fbd0efb5f72e9b1d0dc9912d4456ac6b55,0,contract_or_token,etherscan_labels
0xeaf7df5648586d4b4865e483e7e7b43b579c278e,0,contract_or_token,etherscan_labels
0x9d5db11111f57facf918d1f4e009d39fcd781f31,0,contract_or_token,etherscan_labels
0x98bbd8f72a342dedcccfb8fe58210464647d10d8,1,scam_heist,etherscan_labels
0x7af8385b9e1a42169ac2d13fa72c079f60d9d782,0,contract_or_token,etherscan_labels
0xedddedfc8b37b20e650c28fd33764c72c6f32c55,0,contract_or_token,etherscan_labels
0xed3d99d838ab16e8a0543bb91f254139a0fcb8dd,0,contract_or_token,etherscan_labels
0x25c47364e34172a17e436f24074f2658344e3d5a,1,scam_heist,etherscan_labels
0x7b5aca5b3ccf079b12ff8aa010d7fe1ab65dd4e1,0,contract_or_token,etherscan_labels
0x24f598f7df68f663bcac6f94bec005a48570d7a4,0,contract_or_token,etherscan_labels
0xb0e7c0ea48f4d1bf187ee64795e1adc180dbd889,0,contract_or_token,etherscan_labels
0x5309ccead59405eabece0bddfd93e4a981522da7,1,scam_heist,etherscan_labels
0x9c051f8a6648a51ef324d30c235da74d060153ac,0,contract_or_token,etherscan_labels
0xc3d499807eddfae56297f745391fc345e672da19,0,contract_or_token,etherscan_labels
0x6f4b2cea32fafbbf03f86ccd78886db0bcda6091,0,contract_or_token,etherscan_labels
0x8f7867f87b1bc1adb4074136e81b9cf36a465307,0,contract_or_token,etherscan_labels
0x8cc913de289ebd872aab62f9f1ef30fb0b4b2c6a,0,contract_or_token,etherscan_labels
0x17c8a445edee2fa43b44da1adea0d01c81f9c63a,0,contract_or_token,etherscan_labels
0x0733fa59da07f23fd0004ac38f7308189e95828c,0,contract_or_token,etherscan_labels
0x18c552c0abf29bc7d0dbb9664d090ccbcf940c1c,1,scam_heist,etherscan_labels
0xecda563991035af334ddba25bd41b82aa81bbdb7,1,scam_heist,etherscan_labels
0x04a76d48bee726e5d8215586a33441ec902d08af,0,contract_or_token,etherscan_labels
0x4e97fbf878bfc623b184b811d894b1471c386b6a,0,contract_or_token,etherscan_labels
0x9f2a763a3db7b12005157aa9b41894ff96215c3f,1,scam_heist,etherscan_labels
0xfed8e81bd0fba2664e9bd9abfaffb77828f959b7,0,contract_or_token,etherscan_labels
0x110c19cee85c5606c5a44341ee06fc651b995780,0,contract_or_token,etherscan_labels
0x09369765a7e31051a8066570ae9b2d49b11e0c7f,0,contract_or_token,etherscan_labels
0x9a13867048e01c663ce8ce2fe0cdae69ff9f35e3,0,contract_or_token,etherscan_labels
0x877d2a28ba931964b3479c23191c72a63993c2e7,0,contract_or_token,etherscan_labels
0x599778fc4557017f6afa3ed045101ea0d3cc9e9d,0,contract_or_token,etherscan_labels
0xf824aecdb5c30b03f78a06b5c01847d055dda6f1,1,scam_heist,etherscan_labels
0x10e5b0ef142cb28c2b53305f1a22db55fc23c72a,0,contract_or_token,etherscan_labels
0x2927b7bfc4d9ece185865310b07e4f00c0df3e94,0,contract_or_token,etherscan_labels
0xf2b16510270a214130c6b17ff0e9bf87585126bd,0,exchange,etherscan_labels
0x2fcfbea4b3c42fc7ee20eb6abe74ea3f8b1809a2,0,contract_or_token,etherscan_labels
0x63b6c2c79addc3c7ac15d34ff0bfeb85f9af93d4,0,random_sample,bigquery_random_sample
0x3ea023b07d1fbf0e12e33283b3c55a829eb9067a,1,scam_heist,etherscan_labels
0x0ae767aa8b1562010b5d924e7dbcec9fc0f764bc,0,contract_or_token,etherscan_labels
0x68db00670f44710bce6283624cb8ba9376674cad,0,contract_or_token,etherscan_labels
0x666f01e7dc9d33ebb01d82d1043f2d17da8d68c9,1,scam_heist,etherscan_labels
0xa67cf7357e47d5396bb1d31978f0ff81e1b0d4ec,0,contract_or_token,etherscan_labels
0xeb0ee10dd6fce64e64867abc216a531dd68bcd47,0,random_sample,bigquery_random_sample
0xec78bd3b23ac867fcc028f2db405a1d9a0a2f712,0,contract_or_token,etherscan_labels
0x26607ac599266b21d13c7acf7942c7701a8b699c,0,contract_or_token,etherscan_labels
0x52830877e3d6365471fb47adbb3a63c136d33064,0,contract_or_token,etherscan_labels
0xdd2f8d990d7352bb38bd0340c394af4691d9957c,0,contract_or_token,etherscan_labels
0x27622f0c5f1a3f3eae1bdc2158b7462f5cb259db,1,scam_heist,etherscan_labels
0xb6ea90210963d5b2de0bf7e5d04af2488db09089,1,scam_heist,etherscan_labels
0x503828976d22510aad0201ac7ec88293211d23da,0,exchange,etherscan_labels
0x393df73bd8913ed4654bd9f97640083668fe62f4,1,scam_heist,etherscan_labels
0x23afde2e516525aff8e85c0e95bcdfeff3ae9b95,0,contract_or_token,etherscan_labels
0x9f40bf47de06005411aefebf0863fef41740fbf9,0,contract_or_token,etherscan_labels
0x6f909c277a1e9391930b0075d4d03b745e700d94,0,contract_or_token,etherscan_labels
0x8f9ef75cd6e610dd8acf8611c344573032fb9c3d,0,contract_or_token,etherscan_labels
0xb9083dee5e8273e54b9db4c31ba9d4ab7c6b28d3,0,contract_or_token,etherscan_labels
0x6d60867e7da9c4caa8f905fc8ca915e826d57557,0,contract_or_token,etherscan_labels
0xf65fc1506c7bc90499195b0e47673e2c7b6cac43,0,contract_or_token,etherscan_labels
0xd574b8b29dcddca36f8fa0713e3536d0a785b4d9,0,contract_or_token,etherscan_labels
0x293257b771a43da650fcba80bc83249ada198449,0,contract_or_token,etherscan_labels
0xcf2fc6761eeeceb070422d2e5df481b25c2800bf,0,contract_or_token,etherscan_labels
0xf227494f11fdcfe35b49dcce220928c86c62a571,0,contract_or_token,etherscan_labels
0xf27d485bab658b997336490db311dae2b11a2989,0,contract_or_token,etherscan_labels
0x9a98cdb2099e2bdc0245130c8f64fff746046d7e,1,scam_heist,etherscan_labels
0xb1d38026062ac10feda072ca0e9b7e35f1f5795a,0,contract_or_token,etherscan_labels
0x90a6c095b8a37101849327d6a09c0ac5fdc77d18,1,scam_heist,etherscan_labels
0x7ab0248f31d1c6847f12702bb693cf7ba2d85b7d,0,contract_or_token,etherscan_labels
0x960c437e2a9a9a25e0fedc0c8a5899827b10f63c,0,contract_or_token,etherscan_labels
0xfc3ff3e4a4a3b2aebef6d7971ec05c9b640e9e05,0,contract_or_token,etherscan_labels
0x12672cd54643b4881635b898ea9f7a21f014b360,0,contract_or_token,etherscan_labels
0x3693c085332013e096e22d4e8e0395c1ebf19eb7,0,random_sample,bigquery_random_sample
0x3e36b511ded67fc82f5fbafddbe54952615d876f,0,contract_or_token,etherscan_labels
0x3a7f34dc5428902343ec0313abd28658778ff157,0,contract_or_token,etherscan_labels
0x3570ee231b283d2a7130c888de73027c6166d5f1,0,contract_or_token,etherscan_labels
0xba87dc891945dbb3caeeaf822de208d7ea89b298,0,contract_or_token,etherscan_labels
0x6d7ae4ab00471daa4151b59181dabddc00646e2f,0,contract_or_token,etherscan_labels
0xf59d66c1d593fb10e2f8c2a6fd2c958792434b9c,0,contract_or_token,etherscan_labels
0xb021606e37e0ee6682bfdef7db0f7dd07e7f0dc6,0,contract_or_token,etherscan_labels
0x0e6315c8ebfe50542c5794d3c3a4ce20a202079e,1,scam_heist,etherscan_labels
0x84756edc6ee4db014d34086e0c4760dc0f0cf24b,0,contract_or_token,etherscan_labels
0xa7a8edfda2b8bf1e5084e2765811effee21ef918,0,contract_or_token,etherscan_labels
0x811f49abfac6355c44c7e7aed89d28c072b535f1,0,contract_or_token,etherscan_labels
0x8d90113a1e286a5ab3e496fbd1853f265e5913c6,0,contract_or_token,etherscan_labels
0x8e1cb3b299285011f265dfdc153fc1a31c6c341e,0,contract_or_token,etherscan_labels
0x0446f087fb2ed2bc4d39fc6fc8b787534bc5874e,0,contract_or_token,etherscan_labels
0x588752b7b30e9e8a5708c2a1219c940467c014a4,0,contract_or_token,etherscan_labels
0x1c4a2052e46667c7f94b6863939b9ee2b4126865,1,scam_heist,etherscan_labels
0x8194efab90a290b987616f687bc380b041a2cc25,0,contract_or_token,etherscan_labels
0x69455bbab2928943e238e7b3a6b0ca804b4fc60f,0,contract_or_token,etherscan_labels
0xc1e5b8f8e77e2bf7e849113c03e462ead9ac838e,1,scam_heist,etherscan_labels
0x66840d5c7b99a0b133ea982915ad24e5ee78bd64,0,contract_or_token,etherscan_labels
0x93cff799f255eda2089cfb3f05696b5b66873c1a,0,exchange,etherscan_labels
0xc286c8b4bf8e29ad049a42b17ddf4a7c3248bbe1,0,exchange,etherscan_labels
0x938c72008e66843f64bec86e1dce2ba6641bbc17,0,contract_or_token,etherscan_labels
0xd21ae4b071055a3294a9f41b34fa0b7f1ffba647,0,contract_or_token,etherscan_labels
0x9823c071aad9b3a72ca9ee0aae1a2b8bbfef5ad3,0,contract_or_token,etherscan_labels
0x46f0469a56bea9487851fa0bd5228ee793ceaebb,1,scam_heist,etherscan_labels
0x376f9b8238ed3c8c68f9b99f2778ebd821342d80,1,scam_heist,etherscan_labels
0x143f59c155e2d932957c3f942611dba4216b070b,1,scam_heist,etherscan_labels
0x8ffbfa6f1c1812fa71e38489728918db7c9823e9,0,random_sample,bigquery_random_sample
0xe42237f32708bd5c04d69cc77e1e36c8f911a016,0,contract_or_token,etherscan_labels
0xe41c0fee99277809fc1b4adcaad0242c313ddc0e,0,contract_or_token,etherscan_labels
0x015fb943cb01957d5ed06483ee915eba1505ab69,0,contract_or_token,etherscan_labels
0x7234324a3aa1dd3cc5f2485d26a8a635ccb72d3e,0,contract_or_token,etherscan_labels
0xeb413988a42cb359603d42bf3a6b6e5b24c69346,0,contract_or_token,etherscan_labels
0x6cbf2320860d0de8d4b9993e2ec6f7fda6739e18,0,contract_or_token,etherscan_labels
0x8a649274e4d777ffc6851f13d23a86bbfa2f2fbf,0,contract_or_token,etherscan_labels
0x2ad2c62ef824fac4f2f352bac68ab28ab02c6884,0,contract_or_token,etherscan_labels
0x08a2f472096848ae465055caa14fdab94679e000,0,contract_or_token,etherscan_labels
0x273ea6c7b6b3a76a85ee93d8194389724ecd55a9,0,contract_or_token,etherscan_labels
0x509de3af291c186fbd833576c33de78c7bf0dad5,1,scam_heist,etherscan_labels
0x8029a238c0584b0b058862331e528417315e43fe,0,contract_or_token,etherscan_labels
0x5a82503652d05b21780f33178fdf53d31c29b916,0,contract_or_token,etherscan_labels
0x36a85757645e8e8aec062a1dee289c7d615901ca,0,exchange,etherscan_labels
0x35a7752ac77eec08ddc59125abd996f6a8d569aa,0,random_sample,bigquery_random_sample
0xac48a86e60911546842e8af4349dedd623bf3083,0,contract_or_token,etherscan_labels
0xa2024fe21dc915e298f3cb368561d3660639fc65,0,contract_or_token,etherscan_labels
0xeeb82fa092e3cecb1ba99f8342775b70efb40cf8,0,contract_or_token,etherscan_labels
0x91996f8cc2622319c684e2206edfe71887a8ac1d,0,contract_or_token,etherscan_labels
0x4c5be0fea74c33455f81c85561146bdaf09633da,0,contract_or_token,etherscan_labels
0xe16bcccb5292ce8be7cb09800fa435c45b6798d1,1,scam_heist,etherscan_labels
0xb3f7512af7ca7d940a1b03c493069cc4c0879198,1,scam_heist,etherscan_labels
0x5385e9b6c3200d639171f257282ca139bbd5573e,0,contract_or_token,etherscan_labels
0x3599bc197909c520a254d6057a29baa17403dce5,0,contract_or_token,etherscan_labels
0x66a0a03b12beddd6b98174f0a1bc2129b25b42d8,0,contract_or_token,etherscan_labels
0x85aef2c70d83739ad7f8b1a66ca1b1878a0ebf6c,0,contract_or_token,etherscan_labels
0x0236586cde6063d6c15b56f6bbe08e5246e35de1,0,random_sample,bigquery_random_sample
0xd9cedc999be891d7fc65996c708fd827959f4c8a,0,contract_or_token,etherscan_labels
0x0438a9524fd89f0ec6a66b82c0c9627b7de46728,0,contract_or_token,etherscan_labels
0x4936f33b7b060c7336fd0e4c61316ea248da6827,1,scam_heist,etherscan_labels
0x1678df44f7b3dab87dcebe0d9468875ae98f5739,0,contract_or_token,etherscan_labels
0xf06a11acd6b6f685ea013ea88dc0df0be9a3f6b2,1,scam_heist,etherscan_labels
0x8372b43a3d2d39d00d8f66d7f98e51e6d0d7da25,0,contract_or_token,etherscan_labels
0x611cde65dea90918c0078ac0400a72b0d25b9bb1,0,contract_or_token,etherscan_labels
0xa553c12ab7682efda28c47fdd832247d62788273,0,contract_or_token,etherscan_labels
0x9ef88559171f6b335c5708c7f8d93f6c5b0f5510,0,contract_or_token,etherscan_labels
0xe880d3d7fb17c5759d1d18c0de5751b3ea133afb,0,contract_or_token,etherscan_labels
0x65c4963faa4e755bae75d0ae7735c875d6cfa6b1,1,scam_heist,etherscan_labels
0x9aefa3afc4134f4c94ca5c97d25cd0d0b037d2af,0,contract_or_token,etherscan_labels
0xbfb4b21887ebb3542bde0a9997d481debc6e072b,0,contract_or_token,etherscan_labels
0xe1b9431e9fa8fd50511406684b9e6b21d7952730,1,scam_heist,etherscan_labels
0x9b237fe80652b6bb6e7932751106374e2437c53d,1,scam_heist,etherscan_labels
0x62324e96a825a94420ed8984c3d3735983a605b6,1,scam_heist,etherscan_labels
0x93f5b2eec4846f2e53a52288239bf41d408b6e2c,0,contract_or_token,etherscan_labels
0xbdd75a97c29294ff805fb2fee65abd99492b32a8,0,exchange,etherscan_labels
0x17885f631a681753c1d7ee79469338c12f6d88b3,1,scam_heist,etherscan_labels
0x8486c538dcbd6a707c5b3f730b6413286fe8c854,0,contract_or_token,etherscan_labels
0x8ea198b47a3abd30a10c0df4ccd7036cf96cc4e2,0,contract_or_token,etherscan_labels
0xa4510c8c51df94487e743ea10a5559a3e033c921,0,contract_or_token,etherscan_labels
0x0866239695188a9289ae52a55941dbc84b936d77,0,contract_or_token,etherscan_labels
0x4630094c27d68836b3e7808529c7cc868b49fd60,0,contract_or_token,etherscan_labels
0xd9a13cf1c0a61ffc2e82cbdc641f45f37c2b1c1c,0,contract_or_token,etherscan_labels
0x05d3870513ef032d245441fad75a2d19bbb917f7,1,scam_heist,etherscan_labels
0x793b7c7ea9e70e8f3162e93b665b4cfa74285ef1,0,contract_or_token,etherscan_labels
0x95a43cc58675aa29dd51ec68e8bc16bb760a81af,0,contract_or_token,etherscan_labels
0x43d6a102db838943cc8e77ac6fb4f3565dceb8df,0,contract_or_token,etherscan_labels
0x9ff54fdfee314c3c404409d6c1b48220a736c5b7,0,contract_or_token,etherscan_labels
0xc03c05c1dda2acc1a26b8e2f72ef9a00aa218154,1,scam_heist,etherscan_labels
0x7bf125a8f9b0cf519f2410d1e6bd6104d1dd965b,1,scam_heist,etherscan_labels
0xf952c614486fbce4d28398a415893da0d314ee3b,1,scam_heist,etherscan_labels
0x571087108f9d266f0967f66db8a5d3888aee297e,1,scam_heist,etherscan_labels
0xe47acbd609ddecdd77dab56b930dee7b99a51704,0,contract_or_token,etherscan_labels
0xdda42f12b8b2ccc6717c053a2b772bad24b08cbd,1,scam_heist,etherscan_labels
0x3bf1a7c42efdee4dc1522cb129be2c682569466a,0,contract_or_token,etherscan_labels
0x4923ac06dea5725b61b6c7ae58d1299b9336ca24,0,contract_or_token,etherscan_labels
0xa7f0230091727c6953b87bb8511e117c622b5e65,1,scam_heist,etherscan_labels
0x72a405c7aaeece45ec830fc9de84464f92fc6051,0,contract_or_token,etherscan_labels
0x8420ef5cba0d8f6bd8e7fd29b9654fce9099f150,1,scam_heist,etherscan_labels
0x64f0004ca8af7d9b510cedf589a26ed35cd3f5b7,0,contract_or_token,etherscan_labels
0xd975b774c50aa0aeacb7b546b86218c1d7362123,0,contract_or_token,etherscan_labels
0x443fd22ab5f10a30824ef40e03c49b374bea3c51,1,scam_heist,etherscan_labels
0x95c8e1ca28779259f0fa7264ee3ec765f372f847,1,scam_heist,etherscan_labels
0x7777777777697cfeecf846a76326da79cc606517,0,contract_or_token,etherscan_labels
0x90e4ccd73bb850754d4324ca65e00753fb41da51,0,contract_or_token,etherscan_labels
0xc3d4a6b3bfe187d7e328514f46db9928c569da21,1,scam_heist,etherscan_labels
0x3d4a4a3536099ecb78250441f5919255821ea493,1,scam_heist,etherscan_labels
0x725e6d38243561110aa2f64d42b57a2a13c92b2b,0,contract_or_token,etherscan_labels
0x3d82261f729e2c02102fe02f5aeae9dca97bd5b8,0,contract_or_token,etherscan_labels
0x4f21734ad1c41affc712da0ed4a43edd1fc9219b,0,contract_or_token,etherscan_labels
0xf6e31c30d26a1f9c9475864149e3fa50efb4b522,0,contract_or_token,etherscan_labels
0xfb44d6ebd1c659ecdb199111f9dce55a8b4d5df1,0,contract_or_token,etherscan_labels
0x71b50dd6ca7433b5d528f472b93f115ce00af9c8,0,contract_or_token,etherscan_labels
0xf8f470300625f1370cddb36a865f06c2936456c7,0,contract_or_token,etherscan_labels
0x7106edcf55235ff621d310f464984868836ba874,0,contract_or_token,etherscan_labels
0x5fef986ca13ec8524c1805e2687b93c1fb78f913,1,scam_heist,etherscan_labels
0x975d37e1b1a61554ce2dcead6ad577a5fa5b7868,0,contract_or_token,etherscan_labels
0x371a47394006224e38c9da28c17738e4f9a7900e,0,contract_or_token,etherscan_labels
0x35e39b05ad4080a18a893d2b2737060ee313d80a,1,scam_heist,etherscan_labels
0x77a628c54d70784afa988bcc1f49920e3d8f43af,1,scam_heist,etherscan_labels
0x0a29500ccc6af0b11c72d4e171d925eb0bb7ee15,0,contract_or_token,etherscan_labels
0x7c8c098f2ec099e860fb568de2f30ddced2d9546,0,contract_or_token,etherscan_labels
0xdc8165809f46d79f119e4bee1e368c8d9dfdf8b5,0,contract_or_token,etherscan_labels
0xacf33cb6d3552d64cb664304722014863b643c20,0,contract_or_token,etherscan_labels
0x94086b58c38723e488573a61cd4d785841c13387,0,contract_or_token,etherscan_labels
0x92926b403cb81f5c4c16535cd44543994268fa6b,0,contract_or_token,etherscan_labels
0x40d07d8711f8c294e28c4d0ee2a36a23b898910a,1,scam_heist,etherscan_labels
0x07198e158c787cee594cd941e1d9bdfac81f7764,1,scam_heist,etherscan_labels
0x63bbf938025289fe65cf5e956e8dbb55fe3f92b5,0,contract_or_token,etherscan_labels
0x814a3ce8ef597eedfbeeb9d4716a87a8bb2d6e5e,0,contract_or_token,etherscan_labels
0x747afb5c7a7fc34b547cd0fdebf9b91759c5a52b,1,sanctioned,ofac_sdn
0x6e939360196c7f044871b17770268e8a04556121,0,contract_or_token,etherscan_labels
0xa6f144aa00c7a95e29f485015f579c339c237549,0,contract_or_token,etherscan_labels
0xe086d23192a0084f972dd8d0502769ed2074e69e,1,scam_heist,etherscan_labels
0x4405da5c774b6e341e88e2c452fed48c8be1dcf5,0,contract_or_token,etherscan_labels
0x8a939151c476a9ca3966fb87e0572a08fcdd14db,0,contract_or_token,etherscan_labels
0x3beacfd8fd342a2c9521054da4d55b00f06ae5c0,0,contract_or_token,etherscan_labels
0x3ebeb90d6ddafa11aeee1e9e2ba644fd3c53d35c,0,contract_or_token,etherscan_labels
0x608410f602ce8967d1e59f599566aed340280efc,0,contract_or_token,etherscan_labels
0xfceaaf9792139bf714a694f868a215493461446d,0,contract_or_token,etherscan_labels
0xaef35d80422a50018f8d240020d22c345888a5c1,0,contract_or_token,etherscan_labels
0x5cac4d8f47baf46102400c003b0f01adf3d58315,0,contract_or_token,etherscan_labels
0xfb07fa808061d5cf17fc324a92f4e0eb753b9f67,0,contract_or_token,etherscan_labels
0x6eb5a538f4ae1dd3f34e2cede975ab6b6ca35d76,0,contract_or_token,etherscan_labels
0x74101c5ebceaaf9550651507149b4cba12656703,0,contract_or_token,etherscan_labels
0xca636760420837f2dccc4d8220ea2b612359159a,0,contract_or_token,etherscan_labels
0x13c2d69b467213f3e0db8b5dd58b58c6610e231e,0,contract_or_token,etherscan_labels
0x5dc46b808639f53d863334e9331bfb562a109313,0,contract_or_token,etherscan_labels
0x3cf393b95a4fbf9b2bdfc2011fd6675cf51d3e5d,0,contract_or_token,etherscan_labels
0x488e3a4bbbb2386ba619eed88319e807c3ddb6c2,1,scam_heist,graphsense_tagpacks:forsage.yaml
0xf6cfe3dd84d114c150e6543d3dda4537cf52d779,0,contract_or_token,etherscan_labels
0x54a2d158c110ad1f1f2287558684e43c114420e7,0,contract_or_token,etherscan_labels
0x7315fea7c18a3bac9695348f9e4679805e82b65e,0,contract_or_token,etherscan_labels
0xc6f888bbfadb89c70d7ac8a2bde5646a21f2afe7,0,contract_or_token,etherscan_labels
0x462a63d4405a6462b157341a78fd1babfd3f8065,0,contract_or_token,etherscan_labels
0x92df60c51c710a1b1c20e42d85e221f3a1bfc7f2,0,contract_or_token,etherscan_labels
0x1f44e67eb4b8438efe62847affb5b8e528e3f465,0,contract_or_token,etherscan_labels
0x4aaa7083535965d1cdd44d1407dcb11eec3f576d,1,scam_heist,graphsense_tagpacks:forsage.yaml
0x4708713b4b6bd32e41bcb2f9c5901d74fedba447,0,contract_or_token,etherscan_labels
0x6fc73b0ac200924f94677e1994453ab1a37ab93b,0,contract_or_token,etherscan_labels
0x8ca16b7dc580ec5303b1cd79df1d988c375af8ed,0,contract_or_token,etherscan_labels
0xc6c68cae4681d7b3b3deb54091d7e10d7ec7757d,0,contract_or_token,etherscan_labels
0x03d1b1a56708fa298198dd5e23651a29b76a16d2,0,contract_or_token,etherscan_labels
0xdef65ad8d16255f838e4c5e9ab25b0ea5425a299,1,scam_heist,etherscan_labels
0x7af7b094039ecb4392477de037e4fcaa1002ae25,0,contract_or_token,etherscan_labels
0x5b15485d54562771f1c33937fe4e86ef0e759ffb,0,contract_or_token,etherscan_labels
0xb129f73f1afd3a49c701241f374db17ae63b20eb,0,contract_or_token,etherscan_labels
0x5696cd9054ce11625141f5ee2c65fc4d57c2a5ca,0,contract_or_token,etherscan_labels
0x2b86e7362148631858d0a478992a3b92de4974e2,0,contract_or_token,etherscan_labels
0xe03a338d5c305613afc3877389dd3b0617233387,0,contract_or_token,etherscan_labels
0x261b1d9c54d20dc5484cc352db9771abbedb3a6e,0,exchange,etherscan_labels
0x65316646638a433d137e0dc65714b4ad8a59ca5e,0,contract_or_token,etherscan_labels
0x9bfa6507f2b0880064026cc0cebce08712738c38,1,scam_heist,etherscan_labels
0xe339c1d0a744053cbceb0d2dc2d13967c8a69586,0,contract_or_token,etherscan_labels
0xaf89678341f78261d1450f8464fb63614b366317,0,contract_or_token,etherscan_labels
0x09a45d7990f2cfcb0f7b428717ee6f316e9eb233,0,contract_or_token,etherscan_labels
0x10dd17ecfc86101eab956e0a443cab3e9c62d9b4,0,contract_or_token,etherscan_labels
0xe436548c8492a3ea4a33b10a95222f17e348c269,1,scam_heist,etherscan_labels
0x1763b02a81c58bfb22f0a80272aa6721fb1a8459,0,contract_or_token,etherscan_labels
0x7634f2a1741a683ccda37dce864c187f990d7b4b,0,exchange,etherscan_labels
0x181f390136ce03dc107012580ca14f0737bc7a53,1,scam_heist,etherscan_labels
0x790a60024bc3aea28385b60480f15a0771f26d09,0,contract_or_token,etherscan_labels
0x6a628abdbc5b4176e4b51e4341c4c5c5ccde76de,1,scam_heist,etherscan_labels
0x5853ed4f26a3fcea565b3fbc698bb19cdf6deb85,1,scam_heist,etherscan_labels
0xf0cabe045ffe7b4de93b3afea6f7ecc312f20e14,1,scam_heist,etherscan_labels
0xecb4dd69a8ef6f772fef566bc14dafddc67636db,0,contract_or_token,etherscan_labels
0x78a7109a753cf5a49cfbca2504e6cd09d3fcf816,0,contract_or_token,etherscan_labels
0x6cdc8d54379da657ec5b3f1aec77a42814e062e5,0,contract_or_token,etherscan_labels
0x14b4e45e0bb92a8c5928710611956ca4a963496b,0,contract_or_token,etherscan_labels
0x096c090e850ca4c098a3854f71f3dd1e32dba1b6,1,scam_heist,etherscan_labels
0xc1bc83f254dfec615679017c6405db8118a6baee,0,contract_or_token,etherscan_labels
0x76645770116aeecb049c51cb1a7d10de4dfb6eb6,1,scam_heist,etherscan_labels
0x377ae6ec0d01ed814c661b0a4e9b3e7664957f62,0,random_sample,bigquery_random_sample
0x74ca0f21819518a698b99f171c9327e4f6e2405d,0,contract_or_token,etherscan_labels
0x817c39c8825e12ea7752483c85dd2c800b78b357,0,exchange,etherscan_labels
0x60332a3263722c380ba8c0a42ff69d8e45498692,0,contract_or_token,etherscan_labels
0x397ff1542f962076d0bfe58ea045ffa2d347aca0,0,contract_or_token,etherscan_labels
0xa3516488dc016911251c6602c4eeba93e704d903,1,scam_heist,etherscan_labels
0x555cfa34764b47ab930bd100a396ddc3d5e4f45d,0,contract_or_token,etherscan_labels
0x1b1ba0a248d0f052466caf0ed12c70caa1ad2f7d,1,scam_heist,etherscan_labels
0x097db362f672832d27e52c3c3f97d3b0d442abd2,0,contract_or_token,etherscan_labels
0xdbc214008bfd65206baa86273c36d819779097a2,0,contract_or_token,etherscan_labels
0x016037839ac29c9c1b537f52726661bf8f94bdc5,1,scam_heist,etherscan_labels
0x19aa5fe80d33a56d56c78e82ea5e50e5d80b4dff,1,sanctioned,ofac_sdn
0x90a6bffdd64aaa735fd9b96514e97edf0ad92a94,0,contract_or_token,etherscan_labels
0xc6ecc714b8e50a34314244a8165a4aa0f7d16308,0,contract_or_token,etherscan_labels
0x4420e38fca7465b692a4551b156054159013f40e,1,scam_heist,etherscan_labels
0xa5a8e613f82589b50ea6bea93fcc0e5f379485b2,0,contract_or_token,etherscan_labels
0xbe3c68821d585cf1552214897a1c091014b1eb0a,1,scam_heist,etherscan_labels
0x6031a1968169f07e6c1750b437268a46c3b2fe4a,1,scam_heist,etherscan_labels
0x81825e20ae9f27584a4d26a054c9a69a4fcf4f0b,1,scam_heist,etherscan_labels
0x785ada7c9a9ae20886fc84dc762494bd4f7df28a,1,scam_heist,etherscan_labels
0x38305c5d98a081bb7f5401af012e3b8d1568ab39,0,contract_or_token,etherscan_labels
0xad369012c0fc9328a251e98930f17e339e49e21c,0,contract_or_token,etherscan_labels
0x726496deb01afbbe23e314841818ccf0aaddae0c,0,contract_or_token,etherscan_labels
0xf6874c88757721a02f47592140905c4336dfbc61,0,exchange,etherscan_labels
0xa602e3295363489d2e7980d9cce15813d00ec327,0,contract_or_token,etherscan_labels
0x9b84b70f3e2d41677426da48eb3d61f985c008c4,0,contract_or_token,etherscan_labels
0x35f8e2446bfdb0702c881a2664603241240d7ff7,0,contract_or_token,etherscan_labels
0x5c0709fffe14beb14d9d7f6a5610a6c811c28eb0,1,scam_heist,etherscan_labels
0x3d50b31329ab066c9030b793fdc746a7b694c533,0,contract_or_token,etherscan_labels
0xc48b8329d47ae8fd504c0b81cf8435486380e858,0,contract_or_token,etherscan_labels
0xbdc988b74c9d9654d84982575d858262108a937f,0,random_sample,bigquery_random_sample
0xceb0b1bc98a3a10762d4fab9d9490853b58a6305,1,scam_heist,etherscan_labels
0x61fdaf98b220412c0a8b2ac2b0347fd0521580e6,0,contract_or_token,etherscan_labels
0x81e628e566b65af6ebef0c82c41e3fb2b9696b01,0,contract_or_token,etherscan_labels
0x3ad9db589d201a710ed237c829c7860ba86510fc,1,sanctioned,ofac_sdn
0x5378b0388ef594f0c2eb194504aee2b48d1eac18,0,contract_or_token,etherscan_labels
0x8858529e2d2ecda0e065c7120e3ed433717f9b7c,1,scam_heist,etherscan_labels
0x341c05c0e9b33c0e38d64de76516b2ce970bb3be,0,contract_or_token,etherscan_labels
0x1c615074c281c5d88acc6914d408d7e71eb894ee,0,contract_or_token,etherscan_labels
0x268165c73568280c6128bc074be65cb82048aa90,0,contract_or_token,etherscan_labels
0x9f62a4232601d63a1fc819a7ac49d698faeb3ed0,1,scam_heist,etherscan_labels
0xb4d1be44bff40ad6e506edf43156577a3f8672ec,0,contract_or_token,etherscan_labels
0x9299df26a05497400cdae77d698d5fabb1b5d547,1,scam_heist,etherscan_labels
0x79d2d5befceec2da3425a74896a395c238fac85e,0,contract_or_token,etherscan_labels
0x5bfdddef3d0bab839b797d23b35797b107923095,0,contract_or_token,etherscan_labels
0x95c4b6c7cff608c0ca048df8b81a484aa377172b,0,contract_or_token,etherscan_labels
0x96d72223d0a1e7fda04e653320323791654d6a36,0,contract_or_token,etherscan_labels
0x741d794ec94c34143d671d548b174bc237c4245e,1,scam_heist,etherscan_labels
0x948f7b1496de8ad00d6dec0459a62f92ed1200c7,0,contract_or_token,etherscan_labels
0xe929a4a8d3caf884ebf1caee9155acf7b0f490c5,0,contract_or_token,etherscan_labels
0x3f52e4f4800940f6679aed0e8c70bda03cf34ff1,0,contract_or_token,etherscan_labels
0x0f8086d08a69ebd8e3a130a87a3b6a260723976f,0,contract_or_token,etherscan_labels
0x2b0c2b55028f71349d9e471398e0f33a1245eb66,0,contract_or_token,etherscan_labels
0xa740abe94ae661668ca1a60850f0250af2e4a3ef,0,contract_or_token,etherscan_labels
0x82f9f89a6a0daa42a5d065b41e151d2e60c8d16f,0,contract_or_token,etherscan_labels
0xc40d16476380e4037e6b1a2594caf6a6cc8da967,0,contract_or_token,etherscan_labels
0xe71262544ebb7e8bf62be90f71804522724ea575,0,random_sample,bigquery_random_sample
0xde7e006a9583a4cdcbdd0e233155d88d80962b31,0,contract_or_token,etherscan_labels
0x39376719cd74a5eec8b5f726ebfc1be858455088,0,contract_or_token,etherscan_labels
0xdd6d37e29294a985e49ff301acc80877fc24997f,1,scam_heist,etherscan_labels
0xb2ea7aaa54d82f0f864b2e0f8bbb6a7fc58f2129,0,contract_or_token,etherscan_labels
0xb27c7b131cf4915bec6c4bc1ce2f33f9ee434b9f,0,contract_or_token,etherscan_labels
0x9d13fde3e6a3192716eb0c6e93bd9e1580020acd,0,contract_or_token,etherscan_labels
0x1c39155ea3b8b4ec4e645630fb363aa42fb51121,0,contract_or_token,etherscan_labels
0xac92ae734ef64a66cf29f7914f80e545d131ed5f,0,contract_or_token,etherscan_labels
0xcc3925548525549d6959b82977fa30cda91a660b,1,scam_heist,etherscan_labels
0x9a40a4ff06e491897f98d5ef2bbc701d85b83eac,1,scam_heist,etherscan_labels
0x589f567efab3c76a2cfe649cce4e43f818dfa19d,0,contract_or_token,etherscan_labels
0x6dffc67e6e293eb8660f46faaf771f4dc8360d18,1,scam_heist,etherscan_labels
0x8fc158523ca4817459e3f84e4f63d80ef057c4b2,0,contract_or_token,etherscan_labels
0xeed497b8d9c61fc4e362edfab6a3a6565fe6b205,1,scam_heist,etherscan_labels
0x0954906da0bf32d5479e25f46056d22f08464cab,0,contract_or_token,etherscan_labels
0x6596da8b65995d5feacff8c2936f0b7a2051b0d0,0,exchange,etherscan_labels
0x1d789fe176dd5673f2092fdb1659c7d2908fceb2,0,random_sample,bigquery_random_sample
0x1054b3719855b37e9540f82430b46ea113fa21cc,0,contract_or_token,etherscan_labels
0x9d16187d7d8a6adb39d7f373b7e24ea49f97e869,0,contract_or_token,etherscan_labels
0xdfb341093ea062a74bd19a222c74abdcb97c067b,0,contract_or_token,etherscan_labels
0x5edb3df9689c392bdfadcd34520aec6d77dab136,1,scam_heist,etherscan_labels
0x66adc23726809d5a16d71184265bc4e286ece3b8,0,contract_or_token,etherscan_labels
0x5f6c97c6ad7bdd0ae7e0dd4ca33a4ed3fdabd4d7,1,mixer,etherscan_labels
0x0a869d79a7052c7f1b55a8ebabbea3420f0d1e13,0,exchange,etherscan_labels
0x7f367cc41522ce07553e823bf3be79a889debe1b,1,sanctioned,ofac_sdn
0xc071972bb803fcac2bab5b8c6f164eb0e53d9f8f,0,contract_or_token,etherscan_labels
0x46a2279da76198f6742e3f5b1a52fd8535822f93,1,scam_heist,etherscan_labels
0x25840b9e97dfcf3ad9fd09a77d953fd75054523a,0,contract_or_token,etherscan_labels
0x61bd6f3e39c0059d9b3d45f7099f71411794ef65,0,contract_or_token,etherscan_labels
0x2e3e2d13ff250308e3a9eb25739b7eed1316249b,0,contract_or_token,etherscan_labels
0xafe74b75cb3e69263b3dbeb88c9e3d1182c27415,0,contract_or_token,etherscan_labels
0x6180a6effaffcdd8fa0ec9849eda592072888947,0,contract_or_token,etherscan_labels
0x36339b5080a2d4be4bc8b5a48638f7326e093ada,1,scam_heist,etherscan_labels
0xe53dee444aaac930f4eae4264299729ee5181d66,0,contract_or_token,etherscan_labels
0xc5fa164247d2f8d68804139457146efbde8370f6,0,contract_or_token,etherscan_labels
0x6004496108ea4f454562a780fb536f87361a1c62,0,random_sample,bigquery_random_sample
0x0020d80229877b495d2bf3269a4c13f6f1e1b9d3,0,contract_or_token,etherscan_labels
0xb40ec8062518c52151b9c524c131a08e48543ce0,0,contract_or_token,etherscan_labels
0x91666ee21cf7c5edf7cd33401a38feeaf958723d,0,random_sample,bigquery_random_sample
0xbc862a1d9a4f1abe62e2aa5ba58e74a4dc07dedc,1,scam_heist,etherscan_labels
0x6698775b4a6e804c066767607cf78a3f8996c123,1,scam_heist,etherscan_labels
0x0f24b5730e0aedf61d22aabbf0079d517203d48e,0,contract_or_token,etherscan_labels
0x72a8f00913226b49e63cb7f27bc31ee5cfd09646,0,contract_or_token,etherscan_labels
0x5fa266a881e67cf8c2d23e397b8f04ae68e43ab4,0,contract_or_token,etherscan_labels
0x57b9153a4570624b51871217f311074d9cd64bcf,0,contract_or_token,etherscan_labels
0x0833ef368357f983957ee51e58752db23cc8640e,1,scam_heist,etherscan_labels
0x2a7143e0f6e8e51cbde7be26311dc00534f09140,0,contract_or_token,etherscan_labels
0x89b6e6a0c6e7a5df8c43a6a09fa5833b5fe43706,1,scam_heist,etherscan_labels
0xc1f976b91217e240885536af8b63bc8b5269a9be,0,contract_or_token,etherscan_labels
0xaa1a18b1fad3d27b3e56d3c8da8a27d8ec05a405,0,contract_or_token,etherscan_labels
0xb71c39a95040ebb5f4f4534facdb0d84d834721a,0,contract_or_token,etherscan_labels
0xfdf5709d44b26a7dd112556dd1b1ce53c0eaf454,0,contract_or_token,etherscan_labels
0x8414db07a7f743debafb402070ab01a4e0d2e45e,0,contract_or_token,etherscan_labels
0x72a53cdbbcc1b9efa39c834a540550e23463aacb,0,exchange,etherscan_labels
0xa2b8d2d5a74c69f754d4b80d36ab58b41aa04286,0,contract_or_token,etherscan_labels
0xdacea737cc43b8470a3480dd703ed5d8763ddcc2,0,contract_or_token,etherscan_labels
0xc5b395bb1dd63e386345e539cdcad4f7c5f8ec73,0,contract_or_token,etherscan_labels
0x3f5ce5fbfe3e9af3971dd833d26ba9b5c936f0be,0,exchange,etherscan_labels
0x9c2ca79dd02a8bbe880e027654bcbd27f202bef3,1,scam_heist,etherscan_labels
0x6ca4732e385ea5475ac7cd1be3f4d0fb97a498ea,0,contract_or_token,etherscan_labels
0xecdb9b981ea0a430384d0bc87a669b1fbd3095f5,0,contract_or_token,etherscan_labels
0x6b1eed07c31af2dc4bd45d622c425733c94c2665,0,contract_or_token,etherscan_labels
0x5bc86c84118946fc35c950210c7f128f57233e51,0,contract_or_token,etherscan_labels
0x285d6228ca5234edcb127077cd46b492c879760c,0,contract_or_token,etherscan_labels
0x167ab22d8745aacf25eca9d4b6bc49f2e75764ef,0,contract_or_token,etherscan_labels
0x18916e1a2933cb349145a280473a5de8eb6630cb,0,exchange,etherscan_labels
0x96403a2545e022b73812708187c7826d4879bc33,0,contract_or_token,etherscan_labels
0xd08fd3e6c865842bfe6533bba2d8680a7424d1a8,1,scam_heist,etherscan_labels
0xd6199e3ac91049653e0bc2f20abc9083f67c5e6c,1,scam_heist,etherscan_labels
0x060feb082a4aa0424b8ff4fdb769faf9e06e1fb9,0,contract_or_token,etherscan_labels
0x45b6ffb13e5206dafe2cc8780e4ddc0e32496265,0,contract_or_token,etherscan_labels
0x57c3936d5c2545d2ee9afc545868a83f5b52c0d0,0,contract_or_token,etherscan_labels
0x06069297de48af0551da5ae21577a18de80794bd,1,scam_heist,etherscan_labels
0x583e5fef316e9c8638a5657f2a596e4611e56d81,1,scam_heist,etherscan_labels
0xcae5d8229cc9b21d58b8d53422f51b15063e226c,0,contract_or_token,etherscan_labels
0x12c23ee67f7b9f93a1431f8a4bf4fbdb69359fad,0,random_sample,bigquery_random_sample
0xc63df9316e969fc366bff3f8988494e7f02753fc,1,scam_heist,etherscan_labels
0xd4c103fdad587834bb65ed907e29f7fb0303b67e,0,contract_or_token,etherscan_labels
0x76be52fd69e626201ddae454a727114e684a884e,1,scam_heist,etherscan_labels
0xcb702964e87b6a20ab365579a285d841cf40a270,0,contract_or_token,etherscan_labels
0x0ce146864cab48e27d38d624e07c725cccf4e6fc,1,scam_heist,etherscan_labels
0x0bec54c89a7d9f15c4e7faa8d47adedf374462ed,0,contract_or_token,etherscan_labels
0x59ae085bf4fe8dcdb6e1e95299e706b21dae2eeb,0,contract_or_token,etherscan_labels
0x4d8445c4d45e02d50d1c1a2228c00d3ca555871b,0,contract_or_token,etherscan_labels
0xc1fe5ef78707148f8bad18e5b8fccaef985e62f1,0,contract_or_token,etherscan_labels
0x2420b15a57f2f1fd4070a30c399c20b62bc94796,0,random_sample,bigquery_random_sample
0x50a6af8d1b16e9fb18c912562239d65c0ff6724a,0,contract_or_token,etherscan_labels
0xe6273b8d7cca96d6bec4f4ccc0f9e000587c8fcb,1,scam_heist,etherscan_labels
0xad7c57df811afed29dfd1d3b59de81638d8c6be0,0,contract_or_token,etherscan_labels
0xd2b4bce9897329f12e4ec4287d2a675b9c9cb4f6,1,scam_heist,etherscan_labels
0xac3a048040d5d35ffe3959cab1992833fed75864,1,scam_heist,etherscan_labels
0x2efa8d47ca6f9df9e1df8b4452ac112674cbe9e3,1,scam_heist,etherscan_labels
0x562763669ddfc3d7b0d8ee20342ea0ab12df9a97,0,contract_or_token,etherscan_labels
0xafd945e4070a5222be296c9bc8d7a48d392ea65c,0,contract_or_token,etherscan_labels
0xadeaa96a81ebba4e3a5525a008ee107385d588c3,0,contract_or_token,etherscan_labels
0xac4cc4b68ea24bbfaac8fd127b67ed445accce22,1,sanctioned,ofac_sdn
0x958cd6c092e5d6aa5f923ece28fdbe7f2cbe8a67,0,contract_or_token,etherscan_labels
0xe8b52fa12fc1a5db915683a887f972ab69b1773d,0,contract_or_token,etherscan_labels
0xbacd80b88104586d1cc9bcea999781f3d393c332,0,contract_or_token,etherscan_labels
0xed4dd6aeaecfc4d289a9578db12100b9a247df2f,0,contract_or_token,etherscan_labels
0x850aaa1698d8bd8c74fded9f44f0f2d24e3dfc8a,0,contract_or_token,etherscan_labels
0x9631200833a348641c5d08c5e146bbbfcd5367d2,1,scam_heist,etherscan_labels
0xfd58eade18b473cefe6d6ea9438ae0e31e22c2b3,0,contract_or_token,etherscan_labels
0x2bae491b065032a76be1db9e9ecf5738afae203e,0,exchange,etherscan_labels
0x4ac685580c9c848f3bab4c10ae0e3792b37cfffb,0,contract_or_token,etherscan_labels
0xe04046b4e097615d18f26b3fb4f383aec5435ed1,1,scam_heist,etherscan_labels
0x031fb4796d311f1663e4035bce2f86ae8ebb63e5,1,scam_heist,etherscan_labels
0xf9f2df6e0e369145481a32fcd260e353aa20c1a6,0,contract_or_token,etherscan_labels
0xe867be952ee17d2d294f2de62b13b9f4af521e9a,0,contract_or_token,etherscan_labels
0x4f1824c1ad20c6528374a964d7656e71074db150,0,contract_or_token,etherscan_labels
0x3cc5519fb7f811159f30ba21dc2258341872dd67,0,contract_or_token,etherscan_labels
0x767be428d8bf8fa99bc0b84d96d6f135845a11ff,0,exchange,etherscan_labels
0xd8113a68310d2e989ccc847782c48552affb1b41,1,scam_heist,etherscan_labels
0x366e49ef26ce3142213113898d2a2e171a4ae8f3,1,scam_heist,etherscan_labels
0xfafd604d1cc8b6b3b6cc859cf80fd902972371c1,0,contract_or_token,etherscan_labels
0x29abcf5d911bba7ea9200b8b31bed9c0ca9eb32a,1,scam_heist,etherscan_labels
0xe6d38b6481e6b01cb5f72f64d8ff1b8cdfcbe62a,0,contract_or_token,etherscan_labels
0x5b2351b77b629cc85cbb5534be8af73627037a53,1,scam_heist,etherscan_labels
0xaaac8434217575643b2d2ab6f12ce8600c625520,0,contract_or_token,etherscan_labels
0x8e8afe4e2e8343431c82acf3853d367a22b430b8,0,contract_or_token,etherscan_labels
0xe036cce08cf4e23d33bc6b18e53caf532afa8513,0,contract_or_token,etherscan_labels
0xca054c84ea710f7e0b71c781cf1809b2a261ab99,0,contract_or_token,etherscan_labels
0x1f5afb5c491881b391ed145d3ade814cc57f1b4a,1,scam_heist,etherscan_labels
0x8704850232ab7f3490f64b14fd8c8b3e6e411914,0,contract_or_token,etherscan_labels
0xb302c4f59d0bd05894ca46ffbc1b718672c9dffc,0,contract_or_token,etherscan_labels
0x03c4d0d9fd15c2874badc4c559783ced210bd100,1,scam_heist,etherscan_labels
0xf5d5c8125192c7968540e0718a883874a9038c2d,0,contract_or_token,etherscan_labels
0x153d3a12c886448478dd2b348f601c0249a89ed6,0,contract_or_token,etherscan_labels
0x37b5dc43ae54790e9e2dad87da147524b5994e2c,0,contract_or_token,etherscan_labels
0x812dcbf51f5a7a000df6e7aaa8557290fd41cf41,0,contract_or_token,etherscan_labels
0xbe9ad35449a5822b0863d2deb3147c2a42e07c06,1,scam_heist,etherscan_labels
0xcb8308fcb7bc2f84ed1bea2c016991d34de5cc77,0,contract_or_token,etherscan_labels
0xd403f13ece656f8b8aec9f85f67fe995886a503c,0,contract_or_token,etherscan_labels
0xddfabcdc4d8ffc6d5beaf154f18b778f892a0740,0,exchange,etherscan_labels
0x031c3ada568bacc1c4831813489dff949862511a,0,contract_or_token,etherscan_labels
0x0bc891bdb728143bbdf630d80c9f33cebbe1ec1e,0,random_sample,bigquery_random_sample
0x597fab2b2cc3f22134d2f01a08fcff65b0bb1544,0,contract_or_token,etherscan_labels
0x31254e02310f01433f3f80a10940b0d3f67c1ac1,0,contract_or_token,etherscan_labels
0x9e844d9115a0af3c1fd31c0e82c682b85da8a8e8,0,contract_or_token,etherscan_labels
0x81b8e33648232c4d8dd932382abb5703f8f91dad,0,contract_or_token,etherscan_labels
0x4122c41c48f8817f691ca4fe4134b07e54e95c10,1,scam_heist,etherscan_labels
0x71dcac9cc1411980e73ba330bb89d006c24587d3,1,scam_heist,etherscan_labels
0xc8a686baad6437bbb0f2ebf62ce9642054083334,0,contract_or_token,etherscan_labels
0x7d6f7a7a5363686b07bee834e49d4c8bc99ef4e9,0,contract_or_token,etherscan_labels
0x2f0642ab4a2fe7583416d54a6894c2c720c0e106,1,scam_heist,etherscan_labels
0x844aa51d309bdc4a44146192f8d4097cad51d96e,0,contract_or_token,etherscan_labels
0xba38eca6dfdb92ec605c4281c3944fccd9dec898,0,contract_or_token,etherscan_labels
0x6c0dd4ddebac30137e512b83fc54ac802d4cce87,0,contract_or_token,etherscan_labels
0x617c69250f678215f39ab00328ea9d06d77ab778,0,contract_or_token,etherscan_labels
0x5a75a093747b72a0e14056352751edf03518031d,0,contract_or_token,etherscan_labels
0xa076c0d5855e209fa7f46164dff1116639cb8c58,0,contract_or_token,etherscan_labels
0x9e5712193240526ac51cf8fe98c2ac3e8e51e77b,0,contract_or_token,etherscan_labels
0x3d8364e4650b4f0f028208d6b21edbd838713eb5,1,scam_heist,etherscan_labels
0x4d77a1144dc74f26838b69391a6d3b1e403d0990,0,exchange,etherscan_labels
0xd3bed3a8e3e6b24b740ead108ba776e0ad298588,0,contract_or_token,etherscan_labels
0x454c1d458f9082252750ba42d60fae0887868a3b,0,contract_or_token,etherscan_labels
0x707d3f011ffd7eb52f0b9b4ce833913bf80e2dc3,0,contract_or_token,etherscan_labels
0xb95efe67309c3a6abe3279a005152d9d878e72fa,1,scam_heist,etherscan_labels
0xd597924b16cc1904d808285bc9044fd51ceeead7,0,contract_or_token,etherscan_labels
0xf663fa62890f73fc808c7eb1aea04263c9738510,1,scam_heist,etherscan_labels
0x0581092f7704b95f589daaa03bc28aae0cdebdd9,0,contract_or_token,etherscan_labels
0x2281f85992ae2aab4f20abc2f6fda9cb29e538e7,1,scam_heist,etherscan_labels
0x17ad2380b56ae615c04a237154cf89ac09f9aa33,0,contract_or_token,etherscan_labels
0xd6b22a11d99b5caaa6fe6aac2eb9a221f46b6473,0,contract_or_token,etherscan_labels
0xd45209a888fc362d6ef1e7bee5f7209a0a077889,1,scam_heist,etherscan_labels
0xb18b3f388517cf06720693b90c55b8650d4d4e0b,0,contract_or_token,etherscan_labels
0x6db89dbdd9ccf8ff7e1932835ef61fbdf26f7930,0,contract_or_token,etherscan_labels
0x7bb13fefaceef093837d504f2e92d7b7dba5aa58,0,contract_or_token,etherscan_labels
0x9350badf6a9c0302fca69a1416d41c80711fb9db,0,contract_or_token,etherscan_labels
0xed8885a1e77b5d679544b06196fe8ecc69367ebd,0,contract_or_token,etherscan_labels
0xbc22f8353bf9ad0a14d4fbec9fc9ec3c910c0c8b,1,scam_heist,etherscan_labels
0xf92c1ad75005e6436b4ee84e88cb23ed8a290988,0,contract_or_token,etherscan_labels
0xc49f975c313bd2c5893eb7d8aa769f67636c5148,1,scam_heist,etherscan_labels
0xeb64770efb8249233a2124f5f7edb0226d9516e5,1,scam_heist,etherscan_labels
0x38ca50c6e3391a5bf73c2504bd9cd9c0b9d89053,0,contract_or_token,etherscan_labels
0x6b60fa51122237aad5a7b4db24e4d4462b507118,0,contract_or_token,etherscan_labels
0x472b23b2c77135de118ea72b442d2fc5df8fe16a,1,scam_heist,etherscan_labels
0x2eb18f11cac16823173be3d93c83bc764197e012,0,random_sample,bigquery_random_sample
0x4afe271aa56b31744019f10b56a31238f7419367,0,contract_or_token,etherscan_labels
0x279d5dc5780cca7a8e11f0080995582e5d8c01aa,0,contract_or_token,etherscan_labels
0x5ad8953a279e6d6dc4330cfb345cbf5b1eff81f1,0,contract_or_token,etherscan_labels
0xe2e998f6f498cf9acdeda38de77ca95d1d8288f6,0,contract_or_token,etherscan_labels
0xf7ba8103a1430c2b51415a7948ca8cac5941a27d,1,scam_heist,etherscan_labels
0x36049d479a97cde1fc6e2a5d2cae30b666ebf92b,0,contract_or_token,etherscan_labels
0x99199a1ac7a4687690a5cd4fcb14a08647298671,0,contract_or_token,etherscan_labels
0x3095e402cd9f6b34158a537217976fd7eb9eef84,0,contract_or_token,etherscan_labels
0xf39ffeb5ae6feab322bd2fbbcba78429030f42e9,0,contract_or_token,etherscan_labels
0x95f0aa355f4251291e6413dd0174488f0ca8d2db,0,contract_or_token,etherscan_labels
0x0e377733f9303565824c47ef2b0ba188d90c9223,1,scam_heist,etherscan_labels
0xafa6426ad874388d1c48a7b365f366a224c6bc3b,0,contract_or_token,etherscan_labels
0x8cdf57760be305f32e03b3d231e5a81e550c6295,0,contract_or_token,etherscan_labels
0xd82def026ec724ab8b06a117f69aa32a125e0dbd,0,contract_or_token,etherscan_labels
0x697a306f0452290134cb665ad52b02543c86b5c9,0,contract_or_token,etherscan_labels
0x2cd9e6e76725739208f5cc7b4b2d7629bf006c0d,1,scam_heist,etherscan_labels
0xb5cf2731c5f0a27d066cc9e6007016043a0b56a0,1,scam_heist,etherscan_labels
0xb82b6e4d84e7ef74f7c07e2d2c9971315d453929,0,contract_or_token,etherscan_labels
0x39043f4a27e4a030ad4bf33132d9d1535cd91ef6,0,contract_or_token,etherscan_labels
0xb056fdf8942adf6eaefd235f4f257eb23494dc64,1,scam_heist,etherscan_labels
0x0313ba7d9b5e1df207aca261cf381405a0e31a52,0,contract_or_token,etherscan_labels
0x9bc704eb237f0b165bb6c0d6d22e2854577b584b,0,contract_or_token,etherscan_labels
0xf8cc687f4744f47781b5742a6c029fccfbdbeffc,0,contract_or_token,etherscan_labels
0xb7650e2665b3c106332b05ed9ab60ce48ba04f37,0,contract_or_token,etherscan_labels
0x61d07e2fecbba2ec59b296a46d631d41a223201b,0,random_sample,bigquery_random_sample
0x175f81ff0091e6f36e1697875f92986d03871574,1,scam_heist,etherscan_labels
0xe364992388319410c62eb4595d848c8ceb41172b,0,contract_or_token,etherscan_labels
0xea2b2abec815a2782b25ea2b3d998e1a5eafc259,0,contract_or_token,etherscan_labels
0x9469313a1702dc275015775249883cfc35aa94d8,0,contract_or_token,etherscan_labels
0x821808a9e5bce37bf7cdb92516da9fab4ea86c5f,0,contract_or_token,etherscan_labels
0x57c9821179a4d94657161eeaad9dfdf5280f86db,0,contract_or_token,etherscan_labels
0x27374a3836ff960b2c8311a30915d408e13c8c47,0,contract_or_token,etherscan_labels
0xf5b6f0a7fe60bc7d7debd6212789018efb63bc24,0,contract_or_token,etherscan_labels
0x1811a719a05d20b6447ca556a54f00f9c14578be,0,contract_or_token,etherscan_labels
0xe81f49ee584132e01011f898b352e6993d954dd5,1,scam_heist,etherscan_labels
0x8c62aef5bbaf8afb321a458eec7a8652739f48c1,0,contract_or_token,etherscan_labels
0xfb3eff152ea55d1bfa04dbdd509a80fd7b72cdeb,1,sanctioned,ofac_sdn
0xd989f9aca3dff9db16d3b0cebc252596bb8aa63e,0,contract_or_token,etherscan_labels
0x078e7b87b0d61100a594f1eaea4a4122042d200b,1,scam_heist,etherscan_labels
0x533f1164facaf30bbe8cc5900fb4f505df3412f7,0,contract_or_token,etherscan_labels
0x50b0b87fce65eab386469a76d29dc637cb9c6c17,0,contract_or_token,etherscan_labels
0xebf935354f03876388db96cbcc35eac3bf14ea72,0,contract_or_token,etherscan_labels
0x22cbe89b62f6279e5ea3a12316aa7e8e5adbef8c,0,contract_or_token,etherscan_labels
0x86ab29b8c7fe1e95f687acdc4ac0b1ec43013989,1,scam_heist,etherscan_labels
0xd7a4244f3a17468f7b0568d6a43fde94b11c9c11,0,contract_or_token,etherscan_labels
0xa506758544a71943b5e8728d2df8ec9e72473a9a,0,exchange,etherscan_labels
0x6e18ae0ba987bcdae3b3c037a963a5feb7cc1197,1,scam_heist,etherscan_labels
0x6415abf9f47d776d05b1b02383ab39efffbac25a,0,contract_or_token,etherscan_labels
0x08597122e8bffb7a5bc4992e9a57240aae578392,1,scam_heist,etherscan_labels
0xcdcfc0f66c522fd086a1b725ea3c0eeb9f9e8814,0,contract_or_token,etherscan_labels
0x89a34c9fa1e2d7831af360fe6eff4153798ae0ea,1,scam_heist,etherscan_labels
0x1da6c472e556e5b214995b49fc73d43f4a9e4c18,0,random_sample,bigquery_random_sample
0xcac7a8aec77372449412ca7c1fc945b615eaa957,0,contract_or_token,etherscan_labels
0x91345e8e0828a3270d104213e7821b6cdd0fda32,0,contract_or_token,etherscan_labels
0x04c1f863aad0604119c78fac46e74f5a1d65368d,1,scam_heist,etherscan_labels
0x97424388a67dc0d4dfd51e90e1b507d85da3bd52,1,scam_heist,etherscan_labels
0xdccd38183204fb984a7599c13aa77309dee72c76,0,contract_or_token,etherscan_labels
0x211c852e190a15eb95a47988d4fc51ba4e3759fa,0,contract_or_token,etherscan_labels
0x6b326944e8c99d6226e9986dec29c5d789b84482,0,contract_or_token,etherscan_labels
0xc99d7688a4e0e9ba6a3491e7d175c9abcd914f93,0,contract_or_token,etherscan_labels
0xf422789998b4e155e519656af4e74df03d02f3c7,0,contract_or_token,etherscan_labels
0x54b9c0ac4ae52412e774e3df128eb5fa04219653,0,contract_or_token,etherscan_labels
0xb02e0922e65b754f92a3ec3cae3ccbcef5207725,0,contract_or_token,etherscan_labels
0x6007b2de053c4b72abe1aadb04d54d9d44236fd4,0,contract_or_token,etherscan_labels
0xc4f924179cf67caff2745d9e76541f1a15d2434a,0,contract_or_token,etherscan_labels
0x944ea550300af366c6cd53ccaf982489f912ccf1,0,contract_or_token,etherscan_labels
0xfa8c3f98debf3d0a192e2edf9182352332def35c,0,contract_or_token,etherscan_labels
0x19db8e1a8553955757e87bc2620b76cca4262577,0,contract_or_token,etherscan_labels
0xb0a523591d14510f68d23326806897be5da18051,0,contract_or_token,etherscan_labels
0x83f4ace3b3fae1be6daf73531a77944eb472b28f,1,scam_heist,etherscan_labels
0x4b7af3c7ed85b0a96f477c1299061674ced94332,1,scam_heist,etherscan_labels
0xd2f210a17cb3dd38b65777f570b0cac33d096e43,1,scam_heist,etherscan_labels
0x8e53de9ad7ebe0b4a114eee6a956dec863258451,0,contract_or_token,etherscan_labels
0x4567fc23d02fc4ba0b960639d43ecfe8cac6e68f,0,contract_or_token,etherscan_labels
0x71c05909c0ee8b6dcc2a65c96334d1b6edd8b26f,1,scam_heist,etherscan_labels
0xb21e53d8bd2c81629dd916eead08d338e7fcc201,0,contract_or_token,etherscan_labels
0x73b172756bd5ddf0110ba8d7b88816eb639eb21c,0,exchange,etherscan_labels
0x3f4f22b2f3741d3d7adef18d3d9faeeb1fb86e56,0,contract_or_token,etherscan_labels
0xfb46fd84ccc311e30e5ccacf29520c64ff503d50,0,contract_or_token,etherscan_labels
0x5c2293032830ef9daaf4a665100ade6ec29c1227,0,contract_or_token,etherscan_labels
0x58ce2e98a050925d99b209799d10f413c729f6fc,0,contract_or_token,etherscan_labels
0xcf6a51106f1ab4889a462c34cf31933ed5298df3,0,contract_or_token,etherscan_labels
0x4b656fab214d2e493534764e4074e2881a7a5f16,1,scam_heist,etherscan_labels
0x02769cf8a9c84002f727d707c2fc5bb09342fba8,1,scam_heist,etherscan_labels
0xc52b3c8470c7ef848c3ca273a944f35e86e25737,1,scam_heist,etherscan_labels
0x47e2bc7475ef8a9a5e10aef076da53d3c446291e,1,scam_heist,etherscan_labels
0x0531fae259675dfc5833c388dbbae2f7a7b0f81d,0,contract_or_token,etherscan_labels
0x1f0d1de1558582ad6f13763f477119a1455502af,0,contract_or_token,etherscan_labels
0x42f31c326b045c24300be88d50d3386a3792ff58,0,contract_or_token,etherscan_labels
0x905ba44aac84d9191fe829e237ade71821ff30bb,1,scam_heist,etherscan_labels
0x63e6f8f55531de22fd8152b93a152f4125fcec11,1,scam_heist,etherscan_labels
0xc218001e3d102e3d1de9bf2c0f7d9626d76c6f30,0,contract_or_token,etherscan_labels
0xd1fc6718c5b5f5ccd1e840b00a874bd56ffd0534,0,contract_or_token,etherscan_labels
0xf19024b592323b1ec640f3b270f3579895a55040,0,contract_or_token,etherscan_labels
0x1025b1641d1f23c289412dd5e5701e9810103a93,0,contract_or_token,etherscan_labels
0x4ca628edb7e776a85f4b29fd9c6c3513ac90ab23,0,contract_or_token,etherscan_labels
0x5bc40976041e2f133577cffeeb8dfbafb3ac0375,0,contract_or_token,etherscan_labels
0xbe1f98c407e7030904fdac86219f5c9fb7029ecf,1,scam_heist,etherscan_labels
0x2aaba2a54b72bc8a93521c2dd9c6b4354906b764,0,contract_or_token,etherscan_labels
0x7628bf5fa74d532afc7c48d6e9a04b3cab8ec290,1,scam_heist,etherscan_labels
0xee5e493d6b1f1819e41ddc6f6f55dbf73b6724a9,0,contract_or_token,etherscan_labels
0x39e66d549a0015bac34e834b270afd45b22e199b,1,scam_heist,etherscan_labels
0xc888d39c8559c1cac519869e8129f29e8739b208,0,contract_or_token,etherscan_labels
0xceff51756c56ceffca006cd410b03ffc46dd3a58,0,contract_or_token,etherscan_labels
0xca2ae9c5c491f497dc5625feaef4572076c946c5,0,contract_or_token,etherscan_labels
0x356d3207cdefb1232387406534a6f530e2718a92,1,scam_heist,etherscan_labels
0x783c5f422224cea4b4bc7900943738f88fe7a10e,1,scam_heist,etherscan_labels
0x418e7ffb6bffef44125adb4101a1f8585c55154b,0,contract_or_token,etherscan_labels
0xbc98c5fcbb923a6b52c448d6c4e00acc04e84920,0,contract_or_token,etherscan_labels
0x05009e44f99ca88843dc8ab50c1705c722de139b,0,contract_or_token,etherscan_labels
0xb39ce7fa5953bebc6697112e88cd11579cbca579,0,contract_or_token,etherscan_labels
0x51c93ad0bf371a9f9ecbde6aea93cd8c8191fa93,0,contract_or_token,etherscan_labels
0x49860f806aa71884cadc3956cf7de76e096e2407,0,contract_or_token,etherscan_labels
0xf58a2153dd7d77354fcf38b975522ec6d5027390,0,contract_or_token,etherscan_labels
0x0e6b3e185130d738444cb3c287a7fbaea4384145,1,scam_heist,etherscan_labels
0xcd1db8272063ccda40554bca782299c191eb560b,1,scam_heist,etherscan_labels
0x6ed7d6a93f8cd1c8f240089c4d94f3ab14b77fc9,0,contract_or_token,etherscan_labels
0x07f30eea759728c447791d888dd6a9ec593ab3cf,0,contract_or_token,etherscan_labels
0xec51614e1306488033bd9128d7887cbc6166c5fe,0,contract_or_token,etherscan_labels
0xd421a1bc893fe963b1c69ff24fc37befc0a32f0c,1,scam_heist,etherscan_labels
0xf96cd1cf416b50b60358a17bc8593060148de422,0,contract_or_token,etherscan_labels
0xed641d0a5a87d34167990a457c80023d4343dde8,0,contract_or_token,etherscan_labels
0xb8b8148ab0203ba0d58ea158306ee8ddca87a0bd,0,contract_or_token,etherscan_labels
0x69e92e881aa0e90218c45622d50f26073782e0c9,0,contract_or_token,etherscan_labels
0x0463a06fbc8bf28b3f120cd1bfc59483f099d332,0,contract_or_token,etherscan_labels
0x110ba807550eb898ce84330bec7ce8ede4dfb50e,1,scam_heist,etherscan_labels
0x0788c2389bfc44f8cf6eb95fbb6f4bf0078bd4e1,0,contract_or_token,etherscan_labels
0xf01d9f08fdd1daa58904710f8d23c54f924e32e0,0,contract_or_token,etherscan_labels
0xe423ad6a602043ee8ccf8386ddb5e3c8bc996c42,0,contract_or_token,etherscan_labels
0x30164a89d34b780a3bc521ba85f9355cc1c6b9a9,1,scam_heist,etherscan_labels
0x73b1183940297ce6ecb772ae9cedaca7fcdc30a5,0,contract_or_token,etherscan_labels
0x60de8916b089663869892fbdaae93fbe2f7b952f,0,contract_or_token,etherscan_labels
0x4a9c7b98c1a92db0ad33b31b549fb1820fe571ff,0,contract_or_token,etherscan_labels
0x1b5daafaff1e2c614a705440526fcb28becc691f,1,scam_heist,etherscan_labels
0x0ba379053f92bd46b0e21cb1f971b842ecb87008,0,contract_or_token,etherscan_labels
0x252d166d00273c4101d4b9f75113e44c35be535a,0,contract_or_token,etherscan_labels
0x57deed1a0e86b92bd30037317f61aa76bf000a94,0,contract_or_token,etherscan_labels
0x9dfed4bbe9aded6ae70ae68bd9fc815756d5993f,0,contract_or_token,etherscan_labels
0xdc6524f9dce9840895d46dda1fac432ed81182b8,0,contract_or_token,etherscan_labels
0x3e2a1d869132f5e0ea7aa0227e933418db244445,1,scam_heist,etherscan_labels
0xf7c5c8659938e04c961564905a3918161ae46d9a,0,contract_or_token,etherscan_labels
0x6d1e2348d76887101b8b434008c3831affa65476,0,contract_or_token,etherscan_labels
0xecb2830b2c6f5795620eec08bdd29acda10d8af0,0,contract_or_token,etherscan_labels
0xbbfbdb4d3136903cf628fafb8e30c8f9f1d0abd2,0,contract_or_token,etherscan_labels
0xc7003a647c0a896387b3d025b3cd9eec427e9cde,1,scam_heist,etherscan_labels
0x4a1b08e8f4687cc1819c576e8c4d872b1899e488,0,contract_or_token,etherscan_labels
0x99148e35213a564f5fa2dcf37528cae1d457ed60,1,scam_heist,etherscan_labels
0x97ac20e918e4a7819991f8654aa26868db6440de,1,scam_heist,etherscan_labels
0xfa405a40d3fe345e3d5e460c8d9da39ac0fb13bd,0,contract_or_token,etherscan_labels
0x1c6a9783f812b3af3abbf7de64c3cd7cc7d1af44,0,contract_or_token,etherscan_labels
0x29460f8bfc8d11ed533e0b329e23bbe23c053157,0,contract_or_token,etherscan_labels
0x1c14d5f5f85e546939660531d1d4e40094055f98,0,contract_or_token,etherscan_labels
0x31f3e33a3b5d1eb264b8e4023f9f76b7cc09bbd0,0,contract_or_token,etherscan_labels
0x49c44f4890600a1f6053781e6d89a20b817f0d27,1,scam_heist,etherscan_labels
0xd453d48aca428fd718bc0e1ad238bfc009eff1d0,0,contract_or_token,etherscan_labels
0x78ddb8d270eb5017e4e4d26b2afd107fb42c0c68,0,contract_or_token,etherscan_labels
0x6c0ce6e21accb5c113811801924de088bdbb45d1,0,contract_or_token,etherscan_labels
0x776d04e0448d0111f66d36cc422fd0caad6352a2,1,scam_heist,etherscan_labels
0x31a18476454230c7d29f43dd54671d75e430cb03,1,scam_heist,etherscan_labels
0xf72c5cd4e5859878d23b38e02642ca90d2a110eb,0,contract_or_token,etherscan_labels
0xe9a889e6963f122a98f8083d951c71329c726c0a,0,contract_or_token,etherscan_labels
0xfec8a60023265364d066a1212fde3930f6ae8da7,1,sanctioned,ofac_sdn
0xe0a0de6a56a79f45669f15b467dbeb4649ae67e2,0,contract_or_token,etherscan_labels
0xeb6de8ab833649b411b662d8102f427298af4e14,0,contract_or_token,etherscan_labels
0x58f29a32b0e58eb57d7b58c0764dc5713858b5b7,0,contract_or_token,etherscan_labels
0x73607eeec8db83cfbe2c0eb1893a91e61486dfe6,0,contract_or_token,etherscan_labels
0x527103a60c609118f1fc47c542447052cc383f2c,0,contract_or_token,etherscan_labels
0x257384c65344315723f4c120854bc3a8851d7ea3,0,contract_or_token,etherscan_labels
0xe757ee3827aa7f56fe22a347a9daf57612174645,0,contract_or_token,etherscan_labels
0xe84f9064f2abeee460186598a2c80f086b915c51,0,contract_or_token,etherscan_labels
0xc0c79f1726d6537bd662a7a17149864c22be09da,0,contract_or_token,etherscan_labels
0xac98d36783266bc4fbae14751c69aff811406932,1,scam_heist,etherscan_labels
0xbc9bf17f37b5dd6df961233240ade103b41c521e,0,contract_or_token,etherscan_labels
0xf515b2dc3410b41ed27cba187316b924ac6878d9,0,contract_or_token,etherscan_labels
0xe1e10e343c0b20a11130f933266ccbf5b15a5e0d,0,contract_or_token,etherscan_labels
0x286c0936c7eaf6651099ab5dab9ee5a6cb5d229d,0,contract_or_token,etherscan_labels
0x2f0685160be462da5b673b7f509663b685d88a55,0,contract_or_token,etherscan_labels
0x961c5be54a2ffc17cf4cb021d863c42dacd47fc1,1,sanctioned,ofac_sdn
0x320674623a2211c1375d8bcd32f95f8771609701,0,contract_or_token,etherscan_labels
0x75151fe35dcf0c9835aa99e4c9693e9d43c97d95,0,contract_or_token,etherscan_labels
0x6a62d58e0843fb74bcbff9e2cc3cf895c24f04e7,0,contract_or_token,etherscan_labels
0x934f2329ea2f9201819fae40764c5e2ef2e94bef,1,scam_heist,etherscan_labels
0xe2eb726bce7790e57d978c6a2649186c4d481658,0,contract_or_token,etherscan_labels
0xc93346db859efcec0b15e930ffb76ab9c5610cc5,0,contract_or_token,etherscan_labels
0x07ee55aa48bb72dcc6e9d78256648910de513eca,0,exchange,etherscan_labels
0x32da24ca413f3e7b53145d4737e172c3bdf81e3e,1,sanctioned,ofac_sdn
0x03e86d24c462fa6ad88568053361186e4a5af68e,0,contract_or_token,etherscan_labels
0xf24829c68b7817a157de1d5c5f87f2b8baafe590,0,contract_or_token,etherscan_labels
0x9a352103a69ec25d8ff4527bca3b804bf67e18cc,0,contract_or_token,etherscan_labels
0xa4a8438a40070bc5af16a0b6d9ee666d6390d11d,0,contract_or_token,etherscan_labels
0x9be89d2a4cd102d8fecc6bf9da793be995c22541,0,exchange,etherscan_labels
0x36d5bae99888582590f2d78e9551f2b48d263fda,0,contract_or_token,etherscan_labels
0xde8e61a203c1a1e30eaee0483725232895b93f60,0,contract_or_token,etherscan_labels
0xbe42b174ace0a2330821dcb9ff493304e57b8c42,1,scam_heist,etherscan_labels
0xabe82d12eaad0a3fa0275d74a58cbaadc11c2f95,0,contract_or_token,etherscan_labels
0x23f92b02fb1274746df11d6778eb3bcd1d0e4996,0,contract_or_token,etherscan_labels
0xad5d1d9e7f4cae4f1609d7a283b87756a71af549,0,contract_or_token,etherscan_labels
0x2cb4fc021b02197a903db2086be1435e267dc820,1,scam_heist,etherscan_labels
0x53ccd621abbf292426b2921fe91e7adb4ba36d26,1,scam_heist,etherscan_labels
0x47cf1810f1cf545e5483a98faa4ebfffd78e7d7b,1,scam_heist,etherscan_labels
0x5e496b7d72362add1eea7d4903ee2732cd00587d,0,contract_or_token,etherscan_labels
0xfcff3b04c499a57778ae2cf05584ab24278a7fcb,0,contract_or_token,etherscan_labels
0x378b700506b11e090f4700dabc08d24f26e5f81c,1,scam_heist,etherscan_labels
0x47d2029643227c52bfce0f7be4405fdf97d0d0a6,1,scam_heist,etherscan_labels
0xc3f1f6d583fa0465e7433b5f9f05fee401e41ad2,0,contract_or_token,etherscan_labels
0xdb5367734df4aae8427b4064b15adc12ceae8f0b,1,scam_heist,etherscan_labels
0x9c803c103ef2db0a58f4efbf67e442f9e542dcc8,0,contract_or_token,etherscan_labels
0x9fac59309a0e632f316ac690c183e7ce0ffcf9d3,0,contract_or_token,etherscan_labels
0xa2a031b137452986b0e8fa32c9430d29b9b0494f,1,scam_heist,etherscan_labels
0xe4275e185074afa0b760a6b0787ef42f4b030813,0,contract_or_token,etherscan_labels
0xb86b7a79a9b8ca2fafd12a180ac08d4ee4135e41,0,contract_or_token,etherscan_labels
0x3b570118b74fa0a39ad7c7fcfd75ef7a7a3e3301,1,scam_heist,etherscan_labels
0x954645b1534f22ef6ed69d291e1988470785361f,0,contract_or_token,etherscan_labels
0x9b0c6299d08fe823f2c0598d97a1141507e4ad86,0,contract_or_token,etherscan_labels
0x68749665ff8d2d112fa859aa293f07a622782f38,0,exchange,etherscan_labels
0xf9551f1dea1e2aec80a9c9dad6251e0de531551f,0,contract_or_token,etherscan_labels
0x59b2cfd0f538bd901e9594cde67c83b0ff60bb32,1,scam_heist,etherscan_labels
0x2064deedbaec01188ace587c9eb3466ac4c12436,1,scam_heist,etherscan_labels
0xbb19141e045b133169d7c7160c5e54a54cc821b2,0,contract_or_token,etherscan_labels
0x6041c6866cfff77db037a3ed72464f9b6b930edd,0,contract_or_token,etherscan_labels
0x05f3698f2c66022ba07369ea361c51f46bcc5b67,0,contract_or_token,etherscan_labels
0x655408becfe884b43a43c722db0aea7519ad1f90,1,scam_heist,etherscan_labels
0x2a72011e4e83258d78839e60c622770f3fe64950,0,contract_or_token,etherscan_labels
0x479315be986941004aab8842b0ecdcb4b3694b43,0,contract_or_token,etherscan_labels
0xb1d4a2cfd23211b2cd5cdee626ff4ca2068e3805,0,contract_or_token,etherscan_labels
0x1559714e583137f75cbe6418079e4f95b9d2fe17,0,contract_or_token,etherscan_labels
0x276715628b9863a94037a03b79ef9374ea773053,0,contract_or_token,etherscan_labels
0x58a82bbbc14e2ab8e3b24d65b73d569bce94a06d,0,contract_or_token,etherscan_labels
0x6d97dee5909f693031e6c953bf6f8db528292431,0,contract_or_token,etherscan_labels
0xa6bf0abbd282ff8af0f85f5f5f59e6e1fd6d01d7,1,scam_heist,etherscan_labels
0x24d97eed6e171e70c82bc60afd37c7d1e549a0ad,0,contract_or_token,etherscan_labels
0x4cdfe65f19d045b7cacfd074f246e48119064a79,0,contract_or_token,etherscan_labels
0x576f2ce03f9dec176fc2a6cd5b2cfd9bda146a35,0,contract_or_token,etherscan_labels
0x1ba8952098c9cd95f1a1358e9d0dc2f73849441c,1,scam_heist,etherscan_labels
0xc9677a599bf6e1c59589c3648f30422c237ca87d,0,contract_or_token,etherscan_labels
0x46ee7bea049cd2d728fa8267be826c6953362af7,1,scam_heist,etherscan_labels
0x69e20fd21d931f289aa7cc0f08db1415d3dc13cd,0,contract_or_token,etherscan_labels
0x61eb53ee427ab4e007d78a9134aacb3101a2dc23,0,contract_or_token,etherscan_labels
0x66e5dbc7fece1d31eb60af8cfa0563ec0d1a81bd,0,contract_or_token,etherscan_labels
0x1d37986f252d0e349522ea6c3b98cb935495e63e,0,contract_or_token,etherscan_labels
0xe5b11f98f8a16480cfe33029da27884719d1573b,0,contract_or_token,etherscan_labels
0xdf290293c4a4d6ebe38fd7085d7721041f927e0a,0,contract_or_token,etherscan_labels
0xf03538e0b9b1218e9ed175d88abd98d58e2e84b4,1,scam_heist,etherscan_labels
0xef3859463a3455cf473100c21ec8d12f4be3dc83,1,scam_heist,etherscan_labels
0x8c7fed3d60a63abcebf6808835f6c6552af930a5,0,contract_or_token,etherscan_labels
0x0e8dac0498625fd4c9496123c651a40cfa17829d,0,contract_or_token,etherscan_labels
0x0f384ad5503424966e689b6a8c68b53549d8b7e5,0,contract_or_token,etherscan_labels
0xf27abf05f2e3abf375cc8efad1830d66d7c899fc,1,scam_heist,etherscan_labels
0x65a61353639eca7236d2fb12f6812c6eaf976fe3,0,contract_or_token,etherscan_labels
0x71ec423ab64fcb9e001a2b8e0b06c8e226a2e396,0,contract_or_token,etherscan_labels
0x69bfdd497c609384d39dd03b86e25da13081b134,1,scam_heist,etherscan_labels
0x896169a4c23ac03461157c734e5cfc1cfec7d6b3,1,scam_heist,etherscan_labels
0xcfea022285f87080535c07769ac2ef7aef3308ce,0,contract_or_token,etherscan_labels
0x2901fbd84f9f56794c1d0a96b9749e96c5477b2d,0,contract_or_token,etherscan_labels
0x32fdb63ac07682d012255d359299246f7d5fdfa4,0,contract_or_token,etherscan_labels
0x2c5b2e3c9d6051303ed2f55b99a4d9db2fec4b9d,0,contract_or_token,etherscan_labels
0xeabfd6d736b8bff0a7533c99e6168d5565665151,0,contract_or_token,etherscan_labels
0xc2b070ebab858b2e638b21ceae937146f9cb6d2b,0,contract_or_token,etherscan_labels
0x7f9426c6dd90cabf06e2eb6c1fb1c2b4b0c516af,0,contract_or_token,etherscan_labels
0x71fcd8ec340677d02ebc2be62042d8b3d00c0590,1,scam_heist,etherscan_labels
0x391b8802cbb7d31405c5cb5354beed1f90e8f1ec,1,scam_heist,etherscan_labels
0x0bc7f48e752407108c0a164928df7c65aa4de31f,1,scam_heist,etherscan_labels
0xa71fffef0156f7397b0ab0e5fc7468f6f9e325ff,0,contract_or_token,etherscan_labels
0xacb3b787d4d1f0055c17f3f526ebcd25f8f14220,0,contract_or_token,etherscan_labels
0x713b68aa7ec0a35e015d2d1e5a88e92d7dfca245,1,scam_heist,etherscan_labels
0x1d561f5cda759e131046665b8b571e59cf1564e6,0,contract_or_token,etherscan_labels
0xfd645094bee2cc18fba9b2753cdaf45f16a811bf,0,contract_or_token,etherscan_labels
0xcc28e99376845d94364771d281c9d4842796cbc9,0,contract_or_token,etherscan_labels
0xe9fbeda7281f64fc570595cd0bfd951b0b4cfa1a,1,scam_heist,etherscan_labels
0x60a26a50fc427ec56baac31515e33654d86dfb42,1,scam_heist,etherscan_labels
0xff13cd08c3978f45aec42594ac435d68b937d521,0,contract_or_token,etherscan_labels
0x040805f5e3236e5f664aac928a3ec98ac62eaf51,0,contract_or_token,etherscan_labels
0xf9f934403ace836834a2b1c22c753690d61fb6a4,0,contract_or_token,etherscan_labels
0xa540fb50288cc31639305b1675c70763c334953b,0,contract_or_token,etherscan_labels
0x827969f70969bf8ab6a00169ffa5ba59d6b1d6c2,1,scam_heist,etherscan_labels
0x9b1acd4336ebf7656f49224d14a892566fd48e68,1,scam_heist,etherscan_labels
0x4571f3a386d1bd18e25d70d117e7067fa0bd9d08,0,contract_or_token,etherscan_labels
0xc30647f1cfd4ac75e5a3dbb460d1a728a1f67ac5,0,contract_or_token,etherscan_labels
0x654d9f45199d9195dd01a36e0810f6bd8bd75e5d,0,contract_or_token,etherscan_labels
0x1d1e10e8c66b67692f4c002c0cb334de5d485e41,0,exchange,etherscan_labels
0x3c71fad2a1fc9ea1c5f7b87491daae7f1669d21a,0,contract_or_token,etherscan_labels
0xa318713be75c5ac76078b189f85b5e76401646b2,1,scam_heist,etherscan_labels
0xf1ce45eb22f0c51c80abdf39169460fdc8ec5d46,1,scam_heist,etherscan_labels
0x4279ffe314dbf5d8fcced919235a72003f871f14,0,contract_or_token,etherscan_labels
0x9084768e91bbc5759e0f6b1df85e990e7385deeb,0,contract_or_token,etherscan_labels
0xcf19a7c81fcf0e01c927f28a2b551405e58c77e5,0,contract_or_token,etherscan_labels
0x8c43ba2623107f846871366577a8ead5266d7e88,0,contract_or_token,etherscan_labels
0x21c665bbed3455a65afe9aa067724a85a4ced6d0,0,contract_or_token,etherscan_labels
0x729261aba77c79cb92494d621dd5d31c40154100,1,scam_heist,etherscan_labels
0x973b67a5b6c773e7db6c2282cacfe1c8c62d1eea,1,scam_heist,etherscan_labels
0x60db4ee015433a85b52b7df141580497d812d0ed,0,contract_or_token,etherscan_labels
0xd24400ae8bfebb18ca49be86258a3c749cf46853,0,exchange,etherscan_labels
0x288931fa76d7b0482f0fd0bca9a50bf0d22b9fef,0,contract_or_token,etherscan_labels
0x5f0fb6a75787be0d217edc11a0a9a6ce6a6695fa,0,contract_or_token,etherscan_labels
0x1bf24e3e41be96a759f892efa040a14994e24741,0,contract_or_token,etherscan_labels
0x9965dfe46ef0edc1557e5d794f67dce62fad22b7,0,contract_or_token,etherscan_labels
0x1635b506a88fbf428465ad65d00e8d6b6e5846c3,0,contract_or_token,etherscan_labels
0xfe793bc3d1ef8d38934896980254e81d0c5f6239,0,contract_or_token,etherscan_labels
0x35f517cab9a37bc31091c2f155d965af84e0bc85,0,exchange,etherscan_labels
0x489898f20779303b8f23ec98c3803081959dfba9,0,contract_or_token,etherscan_labels
0x67c0bba39a58df19887cd8d567388e54dc3e9a17,0,contract_or_token,etherscan_labels
0xe930f5f15e80220cfea0402d764f9552a273b44a,1,scam_heist,etherscan_labels
0xd0339bf1c4173f2ec7c3ff59f479a7bec98bfec9,1,scam_heist,etherscan_labels
0x4ec9322ed2e8b82c42a6b54eb5549b933d36f4d9,0,contract_or_token,etherscan_labels
0x84b6260c5b7f82914927fae281b67bdae8d89ed3,0,contract_or_token,etherscan_labels
0x43d335dc1749fd22cfdd26ba3540140b802fa7e0,0,contract_or_token,etherscan_labels
0x19f4611c61e2ee6d2fadfccbde1e95cfcfd1e210,0,contract_or_token,etherscan_labels
0x6b914246c146ccf693a97b96996ceb54d49feb62,0,contract_or_token,etherscan_labels
0x4974b3c2c5ac0143fd4a70aed5a262ea075b833d,0,contract_or_token,etherscan_labels
0x3d7d429a7962d5d082a10558592bb7d29eb9211b,1,scam_heist,etherscan_labels
0x335d308b5ff4a279e30c0c4811b6a284e33463c7,1,scam_heist,etherscan_labels
0xf5c6b0f9c44b9d4585a806e0608fbe178abf289a,1,scam_heist,etherscan_labels
0x8dea3d0c882fb30c47e478aa1d1885de68b9978d,0,contract_or_token,etherscan_labels
0x26d125498742b99b521b838f31df87b22947dd5e,1,scam_heist,etherscan_labels
0x7b3d5adccf49c9ebf0972ee1ad560ad9bedd2c67,0,contract_or_token,etherscan_labels
0x65d213b5c04a46f8622aa1d9aac4744986e25a8e,1,scam_heist,etherscan_labels
0x688455764cba7247ed6dc0856c15906f50c58228,0,contract_or_token,etherscan_labels
0x997689f71ef0560d324f57a9bba071ae001cf48f,1,scam_heist,etherscan_labels
0xb14036aa3ce5014f6751d33611e2f47df15d2f92,0,exchange,etherscan_labels
0xd19e1b2f35a17c0f65bba7824b2a73678b30a530,0,contract_or_token,etherscan_labels
0xc1145ad0984ffae34cbfcce305cfa13bb283ad8d,1,scam_heist,etherscan_labels
0xb3f89ed60d5fb8dfec5819444f5cea79abf5d6f6,0,contract_or_token,etherscan_labels
0x6f1a5cdf95a81c9c5fbf825c4a09b5ad94c47318,0,contract_or_token,etherscan_labels
0x7c6bbed6f9d17c54f97b9521f002c272eed2cd9f,0,contract_or_token,etherscan_labels
0x3268125299930de4888273d835a3e74b3c1f6c08,0,contract_or_token,etherscan_labels
0x3bea9785579cfff1fc8231c0d7cb65723ed8df33,0,contract_or_token,etherscan_labels
0x5d217dcc8cb22eafec2dbc372d91e2f6dbb80d26,0,contract_or_token,etherscan_labels
0x845c19211c7d4b42c40f38098b974aec401e44ef,0,contract_or_token,etherscan_labels
0xe589c28ceeb283421f2b0323e610eef0565fb1f5,1,scam_heist,etherscan_labels
0xab6fd57975fa7b3c0cc85b2101e67e841388a53c,0,contract_or_token,etherscan_labels
0x50f237ff08fd3cc32c2f8456dad6800e92fde1de,1,scam_heist,etherscan_labels
0xccd6b4bce14e127627d0dffe2d64c249a461e240,0,contract_or_token,etherscan_labels
0x3df3f7efda7c826db6f2143b8bbe42fb8a112e2c,1,scam_heist,etherscan_labels
0x99b00acfa272abbaba62278ce1fbb380bcc4aeec,1,scam_heist,etherscan_labels
0x35a636300ad52903620bc3964c49bab1c035f04e,1,scam_heist,etherscan_labels
0xa7ec2908cbaf4f338bdaa407942992d6baf26832,1,scam_heist,etherscan_labels
0x5c0d0a9a0c3a0a5b591496ff894686893b69faa2,0,contract_or_token,etherscan_labels
0x2fb2a2df4014a5eba329a9fe6d885b283d06241e,0,contract_or_token,etherscan_labels
0x7e361e4802161b8ae8b73e3b65cd7d7571e0be18,1,scam_heist,etherscan_labels
0xa5c475167f03b1556c054e0da78192cd2779087f,0,contract_or_token,etherscan_labels
0xeee503b78e96f24c47c9ad8c287990e51697a99c,0,contract_or_token,etherscan_labels
0xa5959e9412d27041194c3c3bcbe855face2864f7,0,contract_or_token,etherscan_labels
0x2dab13e07d1261d633953ed7d6271169c9a6ac42,0,contract_or_token,etherscan_labels
0xf13eef1c6485348b9c9fa0d5df2d89accc5b0147,0,contract_or_token,etherscan_labels
0xa7244b1aba9681d7b7ce927228fc72026079191e,0,contract_or_token,etherscan_labels
0x58985d43735a19286a41c5cdd02ed16f85ac9d80,0,contract_or_token,etherscan_labels
0x54e7ba3ab6f32a7624224b9b1e94ae40b5244bc4,1,scam_heist,etherscan_labels
0x818aabff63c84a3e8b385372b8f3710a27d3696a,1,scam_heist,etherscan_labels
0x33682dac3e58eb6d2d0e34a03b3ee70ee83b8dd5,1,scam_heist,etherscan_labels
0x4ec2fc5790e2230c3b6cf09f3d96b694e36008ca,1,scam_heist,etherscan_labels
0x5994962b94d31d459a895457c7eebfe9419faa6f,1,scam_heist,etherscan_labels
0x42e7e3153bfe63ea4f72266b0e963102799de285,1,scam_heist,etherscan_labels
0xe4455fdec181561e9ffe909dde46aaeaedc55283,0,contract_or_token,etherscan_labels
0x3a62f5883534c92ee74021556f235b569934ec4b,0,random_sample,bigquery_random_sample
0x36a62cb58e9a54d682b7aea70a16e03d78dfb845,1,scam_heist,etherscan_labels
0xe3d7e2d92a5158229921c56fb23421093d475bfb,0,contract_or_token,etherscan_labels
0xeecef6a67bb9f935055f27e05808c3632c9e6339,0,contract_or_token,etherscan_labels
0x3751111e652797ffbd6438c754e9c5b35c80404b,1,scam_heist,etherscan_labels
0x3b1ca3ee4e424a3dfab5575ff0344789f5f95918,1,scam_heist,etherscan_labels
0x1b1ed3509716922c05e48d67d87f38436d04086f,0,contract_or_token,etherscan_labels
0x759db0dbe75a4794964ff740c4f7966ab7e17311,0,contract_or_token,etherscan_labels
0xb455da962693c15364bf6e655f778fa1f3157468,0,contract_or_token,etherscan_labels
0xb178fe803bb6ddb649135a33b9b3e7bebf20c49c,0,contract_or_token,etherscan_labels
0xd25b430aa4bd716ed3a1c1be7599cde307fc2960,0,contract_or_token,etherscan_labels
0x3792f7f37b39760acabcfa28eb0f5a7470f96a24,0,contract_or_token,etherscan_labels
0x530dc539771ddbf56a76988b3fd7890cef421e03,0,contract_or_token,etherscan_labels
0xfbe9bad548aa72f98b58416ac09b5828abcf7023,1,scam_heist,etherscan_labels
0x9c3ec0db90cf88f1881cabc6cb0faf0c5aa9f1c2,0,contract_or_token,etherscan_labels
0x2ae0208034c6af83512c34bde52505acfb3062bc,0,contract_or_token,etherscan_labels
0x1123bd6859bd70857acb8105726f9e1f5cf21599,0,contract_or_token,etherscan_labels
0xa4108e0c172b6648d899260b1db884b6741f4eae,0,contract_or_token,etherscan_labels
0x5285d4ea883dbfb753487e1881db6457c4c227e5,0,contract_or_token,etherscan_labels
0xa1edebf397554ff839f3e66a686117ad7aa867b7,0,contract_or_token,etherscan_labels
0x72ea6ca0d47b337f1ea44314d9d90e2a897edaf5,0,contract_or_token,etherscan_labels
0x6317c5e82a06e1d8bf200d21f4510ac2c038ac81,0,exchange,etherscan_labels
0x6d40b9be13ef1c4970df10068893371b86bd2e22,1,scam_heist,etherscan_labels
0x0c0ae462499ab26f0e193015628c215afa95389d,1,scam_heist,etherscan_labels
0x8d7b35c1446f51c67d64f6884aa644c741a16d6e,0,contract_or_token,etherscan_labels
0x0d7a61c28b3ad47bb9dbb139260915e29b6efc45,0,contract_or_token,etherscan_labels
0x93e2f3a8277e0360081547d711446e4a1f83546d,0,contract_or_token,etherscan_labels
0x634b67cb4a8f330510da2ea4e2d11943561dede6,0,contract_or_token,etherscan_labels
0x8dd491ccfefefb49684379cb8fc801c6555fc914,0,contract_or_token,etherscan_labels
0x2223770bb53c44a87de1425e95f20f63def86599,1,scam_heist,etherscan_labels
0x9d33027d8d83c98ebf01c26ddff4e5c847db97a8,0,contract_or_token,etherscan_labels
0xbc9948377625ccae9fe9f18d4b9716ce766a37a9,0,contract_or_token,etherscan_labels
0x1b2cf5418e8982ab13a90820594dc6c870f95730,0,contract_or_token,etherscan_labels
0xd9fbdd1bbc6fe8b45d49a003307c5501b8d8971d,1,scam_heist,etherscan_labels
0xbee7f1bf6ed4d9c6929b8db9a7c1ed4e5bebbb77,0,contract_or_token,etherscan_labels
0x56274ad3d32e1db547483c659491655252669c59,0,contract_or_token,etherscan_labels
0xc5b1f777994113927c27bab89086081a8868b5e3,0,contract_or_token,etherscan_labels
0x3556b021b66d08b3df7e2932e11120a5afdd3aa9,1,scam_heist,etherscan_labels
0x0316eb71485b0ab14103307bf65a021042c6d380,0,exchange,etherscan_labels
0x535e8d94d80e843de8f8d6e7e747e8b4d553bb5a,0,contract_or_token,etherscan_labels
0x1049bbf819885c1834104c7634e27e1975835692,1,scam_heist,etherscan_labels
0xb5e1fc3b87b756634338c6b8c32de14a9a428e63,1,scam_heist,etherscan_labels
0x3fa6ea1c916775077bc702e3b95de08932db8d38,1,scam_heist,etherscan_labels
0xd2e334a566279a7d7858c85dde27e31e14130fb0,0,contract_or_token,etherscan_labels
0x5af10f24dd7add073bfadec08a3ce4c525fb76f1,1,scam_heist,etherscan_labels
0x18bd47a34e8ea03c04a9151fbfc5741ddfcd4e66,0,contract_or_token,etherscan_labels
0x7cffbd1521b57c1b00ba00732d9053d76eef270a,1,scam_heist,etherscan_labels
0x5808345b6cf8a41f02e900f7f8900cb53e7f1a96,0,contract_or_token,etherscan_labels
0x159a2d68c57efa0474d1f322173295e95ecc1e9a,0,contract_or_token,etherscan_labels
0x10a93bc05779c94fbc9b02c9bf18f7992ea95d81,1,scam_heist,etherscan_labels
0x1d3cddc8f3c81a367492184cd5545a04c0a6515d,1,scam_heist,etherscan_labels
0xe625f5923303f1ce7a43acfefd11fd12f30dbca4,0,contract_or_token,etherscan_labels
0x001866ae5b3de6caa5a51543fd9fb64f524f5478,0,exchange,etherscan_labels
0x530ed8b577ce44b17ed53f964299f1c1ca9a382b,0,random_sample,bigquery_random_sample
0x55822996c641aa13653d2372fada3daaa0f25714,0,contract_or_token,etherscan_labels
0x2aa3041fe813cfe572969216c6843c33f14f9194,0,contract_or_token,etherscan_labels
0x460eebde20336aa615370f4b7b7a916e5656d4e6,1,scam_heist,etherscan_labels
0xa8efd138ae836b4e865731e6d4638923f2a32022,1,scam_heist,etherscan_labels
0x42f723b2cd0d9054490d633786df4bd64fb29cb7,1,scam_heist,etherscan_labels
0xa06ae596f52dd3e7f2e288af1c459dc639148f72,0,random_sample,bigquery_random_sample
0x642cb5f3f1bd91c4e0b4bffc9f65e1d0878bd3eb,0,contract_or_token,etherscan_labels
0x7401b004f6e1553e33fd0e7a9eb67cba6daf94db,0,contract_or_token,etherscan_labels
0xb566e883555aebf5b1db211070b530ab00a4b18a,0,contract_or_token,etherscan_labels
0x80edcd40cc2e8045a6dbaca8a6e171fdb6836c4c,1,scam_heist,etherscan_labels
0x228f615b01ef2b4885536f8e3e686a6ef2dbd9c5,0,contract_or_token,etherscan_labels
0x06eb92519f0b76a696e5209bfd7d8a8992bd8f07,1,scam_heist,etherscan_labels
0x627cf30e6a7ae3f9e3425d57e42909b29855b987,1,scam_heist,etherscan_labels
0x38a0469520534fc70c9c0b9de4b8649e36a2ae3e,0,contract_or_token,etherscan_labels
0xe674ae289311ac60164ec99818dadbd3c94d847d,0,contract_or_token,etherscan_labels
0xe79a8f2111fe00bb47da7ef6af8069116940a8c6,0,contract_or_token,etherscan_labels
0xa5aeb446f07926d8d2d47eee9b473caa3ffe0f43,0,contract_or_token,etherscan_labels
0x43ab4c4940b3e618dddc20977f110f83e6e9e7c0,0,contract_or_token,etherscan_labels
0xf1293b1c76cd72f99d43fd08c13b03307dfc6dd6,1,scam_heist,etherscan_labels
0x7c03b887b447313e0db600b63e26874a19eec24a,0,contract_or_token,etherscan_labels
0x457dccaf21b8be9cfb28aef5ad89ddd1f85e9b0c,0,contract_or_token,etherscan_labels
0xcc731f5f1bb960daa0a812e9374688c71f832773,0,contract_or_token,etherscan_labels
0x7006aa4ac0c0210101b7e6e41d9263bcca41924f,1,scam_heist,etherscan_labels
0x020da2cabb4c8ff5637c8180d2755943f442071c,0,contract_or_token,etherscan_labels
0x0ea8803a8b78be271a6196238e817c8ccc83a5d9,0,contract_or_token,etherscan_labels
0xcdbb4d6dbc40387978fb3399a00bfc2afb0fae47,0,contract_or_token,etherscan_labels
0x6d62f1d6b0d829f5bcf177ef5c36ee4b53629cc0,1,scam_heist,etherscan_labels
0x0d627ca04a97219f182dab0dc2a23fb4a5b02a9d,0,contract_or_token,etherscan_labels
0xe2fda5b28e6af63088e66b322e6bafff484c1915,0,contract_or_token,etherscan_labels
0x23d3d0f1c697247d5e0a9efb37d8b0ed0c464f7f,0,contract_or_token,etherscan_labels
0x3048497db630f5cd299da184f009ecf423a1172c,0,contract_or_token,etherscan_labels
0xa270f3ad1a7a82e6a3157f12a900f1e25bc4fbfd,0,exchange,etherscan_labels
0x96b65d37cc183e09232fbb3fdd8a9017709c4d06,1,scam_heist,etherscan_labels
0xaa088fe8d1965970665227668468c3875701b2ba,0,random_sample,bigquery_random_sample
0x9578e426b725e0f7a703d961691999e5203dcc1c,1,scam_heist,etherscan_labels
0x2bcfd3c474484a7b07ca616d70a36c184bbd7ef0,0,contract_or_token,etherscan_labels
0xa5c01eb7d45cd5c416772992b22f1ce5d3f8de68,0,contract_or_token,etherscan_labels
0x089a2c44131b1eb30cc4fc226560163fcef2c288,1,scam_heist,etherscan_labels
0xaaf448d30f01b429fb6e7f9af6a8ff66e694f312,0,contract_or_token,etherscan_labels
0x93a2e909e748e067051258d4e410e58d63557790,0,contract_or_token,etherscan_labels
0x69e876d38b1660ceeac18743f09bb62e2e8984ea,0,contract_or_token,etherscan_labels
0x5a5d4a1fe3114ef5635ce740ff4a9c4d1ba8b463,0,contract_or_token,etherscan_labels
0x518d6ce2d7a689a591bf46433443c31615b206c5,0,contract_or_token,etherscan_labels
0x123a01ae560f7b39f5f649ea40bb13186b72df69,0,contract_or_token,etherscan_labels
0x43aa8a3f64a0d9eee07fe449512cff2a574dd3e9,0,contract_or_token,etherscan_labels
0xe54c1c8867a1e8bfda23fd57e84139aeaf63c042,0,contract_or_token,etherscan_labels
0x360cc45d585804b3f933e2fa4c4c5ecff99e046c,0,contract_or_token,etherscan_labels
0x0bc5ae46c32d99c434b7383183aca16dd6e9bdc8,0,contract_or_token,etherscan_labels
0xc690263d182934acafcc34e5cfc06e3e7f326c0b,1,scam_heist,etherscan_labels
0x697bc31d9dfff35dcd6713a7be94efa83e1d1cca,0,contract_or_token,etherscan_labels
0x1636b0ec69bc63c25809e80ec4318be9a9700e86,0,contract_or_token,etherscan_labels
0xf667db9883f7bcad47c56e25816460811f59912f,1,scam_heist,etherscan_labels
0xc81d50c17754b379f1088574cf723be4fb00307d,0,contract_or_token,etherscan_labels
0x29fc9b71492ec63696cf9cd56e9832a42b0dced0,1,scam_heist,graphsense_tagpacks:ronin_bridge.yaml
0x09b5711ce227e2719f8fb84990db5205271255fb,1,scam_heist,etherscan_labels
0x661ad6f817c1a5bc06e3767aa30c2beed95faa24,1,scam_heist,etherscan_labels
0xd14f2f65915c8c4bb75c78209a53f8d0362997a7,0,contract_or_token,etherscan_labels
0x98538acd76451191803e1550b5ceed3cba4e2289,0,contract_or_token,etherscan_labels
0xb7f09da3e0e75d7342d3ec01649903857f0b5075,0,contract_or_token,etherscan_labels
0x9c520e294920b33674964d69c5ca91ef02e1f009,1,scam_heist,etherscan_labels
0xfbdfe28989d231e70b93c9ed1df0b48ddb6a7b27,0,contract_or_token,etherscan_labels
0x4806301e3565d4e364c22732529d457bc5cf278d,1,scam_heist,etherscan_labels
0xdf58557f78ba1457f3a0069d792135818c11d121,1,scam_heist,etherscan_labels
0x854b54c39c4d8c6c781ad6f7b036338d47f163f8,0,contract_or_token,etherscan_labels
0x4ffe52c99d87da70423adc7b6840cf72e05f3f83,0,contract_or_token,etherscan_labels
0x898e6fbbadab302a55ddadd939cae608d2e79867,1,scam_heist,etherscan_labels
0xe5a4d179d88c8ff6f6d3157944a07c5234f17a8b,0,contract_or_token,etherscan_labels
0x64e85244a7f7d6b9446558ffe26f3239bba467c2,1,scam_heist,etherscan_labels
0x4c2fdd59f8cdf25c5ec60cc3c929e0f81367f147,0,contract_or_token,etherscan_labels
0x94c27db8e8cc339dc3554be4d241392dd58f0251,0,contract_or_token,etherscan_labels
0x48cca8078b2dadcf1c44f69a298e68244dc4d009,0,contract_or_token,etherscan_labels
0x1d60bf7dca28b67f316c9fbb5a64cce167d1743a,0,contract_or_token,etherscan_labels
0xf64251aad731761ba91032534b1bc432f6c243ef,0,contract_or_token,etherscan_labels
0x480433780fc1616fd35158fcb2a7245f08002967,0,contract_or_token,etherscan_labels
0xf5534432bd7da842ff5b005b23527dc27a398cc6,1,scam_heist,etherscan_labels
0x8f3364eb9d8e76f666762e095eddc9b8348c77fd,0,contract_or_token,etherscan_labels
0xb3999f658c0391d94a37f7ff328f3fec942bcadc,0,contract_or_token,etherscan_labels
0x59157c4750b2dfa56047c49a216d7ab56ab0d9ea,1,scam_heist,etherscan_labels
0xc36b1a95531923985ed6763d25e1e63f405b063e,0,contract_or_token,etherscan_labels
0x0126cfa7ec6b6d4a960b5979943c06a9742af55e,0,contract_or_token,etherscan_labels
0x969cac0b7c04ad2f4678d300750a6cf82d438072,1,scam_heist,etherscan_labels
0xe5a3018deb87aee5ef0d75239d5efce3e84b4e09,0,contract_or_token,etherscan_labels
0xc625251c7e66ebef724bda45dfbf8e38a3730c9b,1,scam_heist,etherscan_labels
0x57633fb641bacd59382b0c333d47c1a4aa2d7de4,1,scam_heist,etherscan_labels
0x1a1918cb83ba146a1f4818bf34d92291ac9c0749,0,exchange,etherscan_labels
0x9e256e9df88c8eba7fbcfab753613fbd4b029310,1,scam_heist,etherscan_labels
0x28ab34264aeaab6ad7337c17ced82800af498742,1,scam_heist,etherscan_labels
0xa477dcbd07b5bac67db8f48581842eb3b0ed06fc,0,contract_or_token,etherscan_labels
0xb94510458bf21dc955fa01552bbc5cd7de04c0cf,0,contract_or_token,etherscan_labels
0xa2e5e8a607562b7bda05d5820e569c290b43be6d,0,exchange,etherscan_labels
0xadebdcd456977025bd50e3bf95bfeb3df3561622,1,scam_heist,etherscan_labels
0x75620bb562504a29853c2d1ba3d2c7e6085140b1,0,contract_or_token,etherscan_labels
0x9730dc8327807903844a71624f3b831c20bc6dda,0,contract_or_token,etherscan_labels
0x000000000022d473030f116ddee9f6b43ac78ba3,0,contract_or_token,etherscan_labels
0x4b23d52eff7c67f5992c2ab6d3f69b13a6a33561,0,exchange,etherscan_labels
0x91b9e59614995e13a32e36440ac524825f7ae39e,0,contract_or_token,etherscan_labels
0x9c640ce9205e125c37dbb0353a4eeaf330624ead,0,contract_or_token,etherscan_labels
0xd06726afe91a423afec003fbb2f075ef3adc3cd7,0,contract_or_token,etherscan_labels
0x29db43b3baf46f4abb3c7afdd8d8a923e6b129c0,1,scam_heist,etherscan_labels
0x31d5798577c5652d8b8065a4351589215da562cf,0,contract_or_token,etherscan_labels
0x749e343c033289558a2226ddfda7a0b877a90498,0,contract_or_token,etherscan_labels
0x971d31fac367fb1e9adc05386ba76a2cebafda64,1,scam_heist,etherscan_labels
0x72bc698d85481198ea10b1bee141b8dca910e0d1,0,contract_or_token,etherscan_labels
0x0125345f0f38c6c255e9e9ca8d2dbd2eccef98d2,0,contract_or_token,etherscan_labels
0xf781ce872e5fb878fd1d94bd8d2bf7cc0ccf7e0e,1,scam_heist,etherscan_labels
0x57abfe20cc82f3abb372568474195f955c94ecc6,0,contract_or_token,etherscan_labels
0x46c8d1e7edc17fb9e1e1f3d4d1b95352dc53d8fd,0,contract_or_token,etherscan_labels
0x40ad4546ed6ffd616f2d1afca49e6bd07ccdee87,0,random_sample,bigquery_random_sample
0xecd6894a1649dcc09bad2caede52928d702d750f,0,contract_or_token,etherscan_labels
0xe5f625e8f4d2a038ae9583da254945285e5a77a4,0,contract_or_token,etherscan_labels
0x4503f03384b3c7f7a90a9ab605351ca65b0a4e65,0,contract_or_token,etherscan_labels
0x4e7f32fbd9023e1445ac5bb8d7e00910a5931512,0,contract_or_token,etherscan_labels
0x566cac9e77744c5a037b6d805a78516eddc9cd91,0,contract_or_token,etherscan_labels
0xdecddb31bec772eea4c0dfd6cfd60f5d11dfacd0,0,random_sample,bigquery_random_sample
0x4cc6b0c72f863aaa8b522ea989be33aaf621d415,0,contract_or_token,etherscan_labels
0xbb40f6678606f71de637aa24f3670e8eb3430d42,0,contract_or_token,etherscan_labels
0x5a0d85166a20f9cd27be2cb293e4d10188f0c97d,0,contract_or_token,etherscan_labels
0x7d3d221a8d8abdd868e8e88811ffaf033e68e108,0,contract_or_token,etherscan_labels
0xf90fe27bdc2c0bfa68b08506d6fe2b77a100ba96,0,contract_or_token,etherscan_labels
0xe7fce6c57fedce45f5d4434111109965df2df54e,0,contract_or_token,etherscan_labels
0x5e230cc247de04224280cb8bda168223e23eb0af,0,random_sample,bigquery_random_sample
0x86d2a9f64e7e68850dcf84014c45b0ec3015ae40,1,scam_heist,etherscan_labels
0x6074bfe1927ea0b350e0b4643b03a857b1c2dda3,0,contract_or_token,etherscan_labels
0x3be2e75ec2916b99655d0a581ddf2aabdb1e860c,0,contract_or_token,etherscan_labels
0x865d37d300035462efad26514ccc990a8255e367,0,random_sample,bigquery_random_sample
0x3500358487c7b3ece7d59ecd4f413e16c3919572,1,scam_heist,etherscan_labels
0x8985684f4bad105df1a8604b3c9121bd6e9930b6,1,scam_heist,etherscan_labels
0x3442801e0ddb9a6d06bc232d51725a658c8bfe10,0,contract_or_token,etherscan_labels
0x46d93c99ab7e98d8ec0fc4394f8a30ad5b7398d3,1,scam_heist,etherscan_labels
0xab626fa352287ab4754b7fa1c9e3851d16575a03,0,contract_or_token,etherscan_labels
0xb2b3ca2eb6baef30e2ffb450ab6527615d991814,0,contract_or_token,etherscan_labels
0xbc2bd97825c8985d837966f09a1748891af5c7ae,0,contract_or_token,etherscan_labels
0x2efc4dda7d2c5992aa2c3e56ce7bb777a75df85b,1,scam_heist,etherscan_labels
0xceb809e1fe3997001d0da4b93a838b35b3f5b752,1,scam_heist,etherscan_labels
0x5749e47c81e7d5f9a2e8b90973260c66b5d762c7,0,contract_or_token,etherscan_labels
0xc05af644fd8f97bff355e04be84d1c8097e7bd84,1,scam_heist,etherscan_labels
0xbef5e305bc071bd6526f91731c284b5855c1efbb,0,contract_or_token,etherscan_labels
0xeb69900888e06494a27cf3f048a5b0f8d07efaca,1,scam_heist,etherscan_labels
0x0410c98aa215c2f6d8d4422e07a43313bc725dd0,0,contract_or_token,etherscan_labels
0x732ddc5d0ecf6fb5bfa65b764c47fe5eabc2a22e,1,scam_heist,etherscan_labels
0xa05d29b03b7c31473241c0d71a5366d92cd17d82,1,scam_heist,etherscan_labels
0x47ff5a2ad7a36cfcf7867539f5851a4a573bf4e1,0,contract_or_token,etherscan_labels
0xe29cf71fea7c3d25e3f5927497c076b1421b5346,0,contract_or_token,etherscan_labels
0x3db2a1facaa8a64aecfce306b62232e669c23b03,1,scam_heist,etherscan_labels
0x8d20664094341d124002c24a76a8aa811a12b48f,1,scam_heist,etherscan_labels
0x15a8e38942f9e353bec8812763fb3c104c89ecf4,0,contract_or_token,etherscan_labels
0x2a38b9b0201ca39b17b460ed2f11e4929559071e,0,contract_or_token,etherscan_labels
0x5136e623126d3572933fbafe59ae97f13dd9687a,1,scam_heist,etherscan_labels
0xd5b58830b159d86ddf229a0429817fc7d446b45c,0,contract_or_token,etherscan_labels
0x061ce1bfb5984f360e07b9700fcb996fd92a08ea,0,contract_or_token,etherscan_labels
0xb828505ae60c16a3ee3d060d9c428dc95f53cbba,0,contract_or_token,etherscan_labels
0x1a08e51d571b873e271f56737a90d66a7e77056a,1,scam_heist,etherscan_labels
0x6c2d10ac4666ffbcbe800107d6b6da441e02c68b,0,contract_or_token,etherscan_labels
0xd8fc1c6dc9851bd34d9f41dade9fd2396f8586ca,1,scam_heist,etherscan_labels
0xf27f48415a5909710b0d204b9bdc9e433516e9d7,0,contract_or_token,etherscan_labels
0x7c838df83afaa41e726c46d18e5a63545afb3818,1,scam_heist,etherscan_labels
0x5df74e062b676b208020889c67fb11d9b5f39c35,1,scam_heist,etherscan_labels
0x03739652e539d2c62d79ba75d06a601e23dddaf7,0,contract_or_token,etherscan_labels
0xcba9637a69302184b3cafa69f62030f1a5810b37,1,scam_heist,etherscan_labels
0xbfbe3fdb93adb2d5899ac34cd189bebc86e08f5d,0,contract_or_token,etherscan_labels
0xebfaf557a07351daade4818dd1fb73b25b09868f,0,contract_or_token,etherscan_labels
0x05b9cd8034ebb9cf251012fdff2d77da398362bb,1,scam_heist,etherscan_labels
0x175b55b340c3b0e69b14f34944d8dfd5976cbd2b,0,contract_or_token,etherscan_labels
0xd606d171040f5aae0452e917372cb9fc3a101d0d,0,contract_or_token,etherscan_labels
0xe59cd29be3be4461d79c0881d238cbe87d64595a,0,exchange,etherscan_labels
0x28b5e0090ff9c1192e1134135deb17e0b1c1cdbf,0,contract_or_token,etherscan_labels
0x63abd81b0dbdc35dca424499aac193b118d30ab1,0,contract_or_token,etherscan_labels
0x3143bda87d3b7fdf4d19ccdb79c3020de57b1b73,1,scam_heist,etherscan_labels
0x3a20d8a4e29982b6ee497ed115c0f44adaf109a3,0,contract_or_token,etherscan_labels
0xbc92348b11dcfb6c86de960bbdb55746fe665ab6,1,scam_heist,etherscan_labels
0x311a246119135b0ddb610fec9087b3338c856b07,1,scam_heist,etherscan_labels
0x671e8ed70aa1471e13b24238294a18bdf5fdf1bf,1,scam_heist,etherscan_labels
0x1ed68fc925af66e15be42266e58cc57b996ed7e4,1,scam_heist,etherscan_labels
0xa041043a9be38f760254dd696070eed1f196fb0f,0,contract_or_token,etherscan_labels
0xe06d9aba3b936972e4ba0d65713d9a4a095f92d5,1,scam_heist,etherscan_labels
0x2248dc4aa110c2f84d506c2de1ab6af5dbdd591b,1,scam_heist,etherscan_labels
0xe954ee8b279faa09da222f471a6b531a3d0dde3f,0,contract_or_token,etherscan_labels
0x8b35368ccbadbfbf2d19e8d3d8e58e3ddb63853a,0,exchange,etherscan_labels
0x6be6258fe363288b397882c071531b3623fd5fd9,0,contract_or_token,etherscan_labels
0xb048bbc1ee6b733fffcfb9e9cef7375518e25997,0,contract_or_token,etherscan_labels
0x1db67d560813ea7aba48bd8a9429cbecbeb2118e,1,scam_heist,etherscan_labels
0x1504ad83e7eab80f0962d041f7d802d44ff21d88,1,scam_heist,etherscan_labels
0x35c0842fcb8f6b93e080dbbefe6e8739655b653d,0,random_sample,bigquery_random_sample
0x159e5b61982c0068aad564f85b18e40653ab6576,1,scam_heist,etherscan_labels
0x3961239ed0f5bd6d9b6c9cff23a0a63e0e8ccebf,1,scam_heist,etherscan_labels
0x30cb859317e171832b064c97cc03ccb081954d1b,0,contract_or_token,etherscan_labels
0x62a89ad60eadda8187bb604594e6f91f2004db01,1,scam_heist,etherscan_labels
0x5fa9ebc0d504429509deccb5c9d2147b4ff8cd26,0,contract_or_token,etherscan_labels
0x8496e5f9bfb467841427e4f3183181c2e8dc162b,0,contract_or_token,etherscan_labels
0x33812e984d49ed5b44d75a008c12060e5076238c,0,contract_or_token,etherscan_labels
0x6ac89a0b82767b75d244904b1fb1e68091246cb3,0,contract_or_token,etherscan_labels
0x82991e0d4671275600359d06c6c81d71161d8b34,0,contract_or_token,etherscan_labels
0xdad289fa513eef146ed95ac4dc1896031462b9ec,1,scam_heist,etherscan_labels
0xb9c31afc2df2cd49c2a685ff378c21eb7d115541,0,contract_or_token,etherscan_labels
0x8de21ddd4d510c6044b3fa706b66d36ee7a10a2b,0,contract_or_token,etherscan_labels
0xbcd6a2ddafbaa7f424698ed69e717c0c0f1e99bf,0,contract_or_token,etherscan_labels
0x36709569cde227767840bb91f4b0dfc98a1bcce8,0,contract_or_token,etherscan_labels
0xc0540ad709f5078432cd1b889c62777f85cb11cc,0,contract_or_token,etherscan_labels
0xc315723273313cc6492b6979ba7f8680486dbf09,0,contract_or_token,etherscan_labels
0x18eb2e1f8efcfcb092b700aea3324f00fdba08ee,1,scam_heist,etherscan_labels
0xddc5c572a87e7a513b5c80e52311a8097752fd45,0,contract_or_token,etherscan_labels
0x6285b572c0b038ded76aaa7db94b97432d5b0190,1,scam_heist,etherscan_labels
0x3098cfaaba3795ab98dc2d5066ec4d2584ae7c68,0,contract_or_token,etherscan_labels
0x51290bdd1bb9ccbbe4df711f74203ab70cba4258,0,contract_or_token,etherscan_labels
0x86781ed4229e747580d9173a60dd557427e148cd,1,scam_heist,etherscan_labels
0x6dde994203edf2dec41a2ebf3e27dda12086263e,0,contract_or_token,etherscan_labels
0xfe78cfe392a33486c87bb0570e94cc1076ca30c7,0,contract_or_token,etherscan_labels
0xea8ee005f6d5da975321f0eb7b77620c07923517,1,scam_heist,etherscan_labels
0xf2db9a7c0acd427a680d640f02d90f6186e71725,0,contract_or_token,etherscan_labels
0xa4ff135276ad716a069033619e753c97d6e07e18,0,contract_or_token,etherscan_labels
0xdaa5a8990b0cf4446b006d252bddc832a72fc4e3,0,contract_or_token,etherscan_labels
0xa73226b7856616efafa40dd37cdd0fa3907001f5,0,random_sample,bigquery_random_sample
0xe4a4bf7f211bab30da4f0615cb1aa5ec8294ca1b,1,scam_heist,etherscan_labels
0xa8f51bcc307e62dd19a612905e7eadde2d6cd6ce,1,scam_heist,etherscan_labels
0xf984bb6ca32f452bb21ddbfa99ec62dc4ce35c2d,0,contract_or_token,etherscan_labels
0x1220cccdc9bba5cf626a84586c74d6f940932342,0,contract_or_token,etherscan_labels
0x3a9469b49c96bf2e6af2ae74143ad94b93bc3dd6,1,scam_heist,etherscan_labels
0x375cc6acc38d030f4f3edcfbfb25b4810e5e116d,0,contract_or_token,etherscan_labels
0xc2ce29af8930fc32ca24ccb76c2866fb2bf692fe,0,contract_or_token,etherscan_labels
0xfeb8bcf3f40d6763ea395572963c5e5e3a756e58,0,contract_or_token,etherscan_labels
0xfde6236e842334b10a739a0e29db5a2eb80d299c,0,contract_or_token,etherscan_labels
0x56fbf1a8177ee1674a3d8b13418ab2522b121512,0,contract_or_token,etherscan_labels
0xbebde755ac807799d25c8f0eebc691925420107d,0,contract_or_token,etherscan_labels
0x8d5ea85ffb90679f6d2932a264f01b689031091c,1,scam_heist,etherscan_labels
0x4e9ce36e442e55ecd9025b9a6e0d88485d628a67,0,exchange,etherscan_labels
0x405906bf12452ec996757d9997144ee0042aafec,0,contract_or_token,etherscan_labels
0x6eecdb57774dd3da876ef97295b20d67ac86bd91,0,contract_or_token,etherscan_labels
0x588a41f0f764a335798e0a3e7212a46b5029cc2c,0,contract_or_token,etherscan_labels
0xa40e50343bf7e1ade4fd75cdcec8091a30bf4fed,0,contract_or_token,etherscan_labels
0x0490b8bc5898eac3e41857d560f0a58aa393321e,0,contract_or_token,etherscan_labels
0xc83cc9b039da17fa10829c2538ea9261b3f288b1,0,contract_or_token,etherscan_labels
0xaf6315903ac4dde6de323d09ccbef7a8ae85f877,1,scam_heist,etherscan_labels
0xa03fd7aaefde6d47e133bf9922b72c0b5f2f788e,0,contract_or_token,etherscan_labels
0xca66f0e294a4dd93b8b662e2e415eea5f1221130,0,contract_or_token,etherscan_labels
0xdfb0ce371d4858d2ea247c1d2e07b40daf4e9298,0,contract_or_token,etherscan_labels
0x649f1ff6396159c740af8bfe0f70ca3d41af389a,0,contract_or_token,etherscan_labels
0x64031885d6232f266d20bc5eca2555ed38a742e7,0,contract_or_token,etherscan_labels
0x266e7c553417f5be868dd671adabf69132690158,1,scam_heist,etherscan_labels
0x2da4e3306a69a1f78db81bba0bccd66c57280946,1,scam_heist,etherscan_labels
0x3928c234ba41c0f876531ea224ba61d8c47c8726,1,scam_heist,etherscan_labels
0x13d40c670f6d538ff0777c822103cb2218e2c369,1,scam_heist,etherscan_labels
0x2cf9106faf2c5c8713035d40df655fb1b9b0f9b9,0,contract_or_token,etherscan_labels
0x3b229dc8c1b4731b5d8620481785daeed1e04fe4,0,contract_or_token,etherscan_labels
0xa2a3cfd27b1c7f9b251748df77ce779962d760f5,1,scam_heist,etherscan_labels
0xe97f5d1d35bcca8dfcd290ccd1aa26c95995b77c,0,contract_or_token,etherscan_labels
0xf82b70fe5a41c0d87ae4939de2fc0ecbb13ff5a0,0,contract_or_token,etherscan_labels
0x831dc63790468299c57928809ec4ea34dc8c475f,0,contract_or_token,etherscan_labels
0xba727c69636491ecdfe3e6f64cbe9428ad371e48,0,exchange,etherscan_labels
0xf61b3be93336eef79e948525a8b3cd491e249dcd,0,random_sample,bigquery_random_sample
0x7f49d6b0ad873922cd3285a944deb10d28df9335,0,contract_or_token,etherscan_labels
0xd006804a68c6829885b3bb9225d00f12d3f2219a,0,contract_or_token,etherscan_labels
0xc473dfd2d18caa67559a921231c0654f1a3246e8,0,contract_or_token,etherscan_labels
0x89bd2e7e388fab44ae88bef4e1ad12b4f1e0911c,0,contract_or_token,etherscan_labels
0xf5c0433f9280bc0ce8ffd93d5824142d50cc777a,1,scam_heist,etherscan_labels
0xc2544a32872a91f4a553b404c6950e89de901fdb,0,contract_or_token,etherscan_labels
0x2c2a1766a7940251c5bdae2dae2ba77b5456e11b,0,contract_or_token,etherscan_labels
0x1c8bcb6348c84122e67a50e513a1e183c0e6929a,0,contract_or_token,etherscan_labels
0xbf0b9e1789af521b783bfa4ed6fd834e9bb2add3,0,contract_or_token,etherscan_labels
0x13f4ea83d0bd40e75c8222255bc855a974568dd4,0,contract_or_token,etherscan_labels
0xe888873c6625151a870297540138ad584e9faf9a,0,contract_or_token,etherscan_labels
0xa9bb32d29d9678a296bd5e4860dd8af2b2661c08,0,contract_or_token,etherscan_labels
0x55082fdcc0d3cea1acd51b4f4743ebfe855cc1eb,1,scam_heist,etherscan_labels
0xd09ca75315e70bd3988a47958a0c6c5b30b830e1,0,contract_or_token,etherscan_labels
0x1521255026b03e5fdbd042d0849e492c2e89f6f8,0,contract_or_token,etherscan_labels
0x33bc3abfabde8fceb0ced58e16184fb4cfc163ef,0,contract_or_token,etherscan_labels
0x3e5e560db64c87e71260878e58d74406e6d693af,0,contract_or_token,etherscan_labels
0xc78f7d828844517803ca2a447889dfd983e85533,0,contract_or_token,etherscan_labels
0xba3cc61db53e072421a8e8dc584b0331914e7049,0,contract_or_token,etherscan_labels
0x4c9207e26c1036c41a4d080d69b9f61300ced7ce,0,contract_or_token,etherscan_labels
0x0cc21a4056dfbc06b81f9b597b4047400f57b13f,0,contract_or_token,etherscan_labels
0xe5a81738dcb83cbc73440f331659f362294bb7f1,1,scam_heist,etherscan_labels
0x78b2d06b9f018c11a1d7faf67e95c4e4fce464f1,1,scam_heist,etherscan_labels
0x220bda5c8994804ac96ebe4df184d25e5c2196d4,0,contract_or_token,etherscan_labels
0x7de2d123042994737105802d2abd0a10a7bde276,0,exchange,etherscan_labels
0x94607d90f79ca3416a0ccec1aa7442ea26df1af0,0,contract_or_token,etherscan_labels
0x455c78e6ec067ced629e2ea5083c5dfeccfc0d67,0,contract_or_token,etherscan_labels
0xb1fd2364e8e5ad910f4bb19891c14eeaa1ead9c1,0,contract_or_token,etherscan_labels
0x81ca1e4de24136ebcf34ca518af87f18fd39d45e,1,scam_heist,graphsense_tagpacks:forsage.yaml
0xde536df2a121cf91be35f770acb98c3f9bd5734f,1,scam_heist,etherscan_labels
0xc9e6af3bec0cebd32a1cfdcfe40667657d011da4,0,contract_or_token,etherscan_labels
0x90acc8a3f693b4067585e1deff24b0524902191c,1,scam_heist,etherscan_labels
0xd21dfb6e05e60e14cef9a5cf875065bccd5ed790,0,contract_or_token,etherscan_labels
0xa3b6e6558e16ca8146f114228513ef4ce017e5cf,1,scam_heist,etherscan_labels
0x3c48c11e346ce9ffffc84a4a7c4292e51be9b67b,1,scam_heist,etherscan_labels
0xd8a8843b0a5aba6b030e92b3f4d669fad8a5be50,0,contract_or_token,etherscan_labels
0xf25610a07a8b6be6b8ff7e684f4bee63ea527c77,1,scam_heist,etherscan_labels
0x1db484e63645258e79e29e373283bdfa173f08bd,1,scam_heist,etherscan_labels
0x7866e48c74cbfb8183cd1a929cd9b95a7a5cb4f4,0,contract_or_token,etherscan_labels
0xc8a1c8108a894afa8aba1939cf95138acd3d8f1c,1,scam_heist,etherscan_labels
0xe1cfcfcd0a675c545c83a835b10deb6e0b373221,0,contract_or_token,etherscan_labels
0x1ebb3e5e50fe50ba1eb4ae878cfae6e8e864e9db,0,contract_or_token,etherscan_labels
0x1a38ea1ca878cd2734aef22f6615e7c6e28de859,0,contract_or_token,etherscan_labels
0x6a1d04586982d8bf5e009617330d0419f3c9f65a,1,scam_heist,etherscan_labels
0x14c6f9f0ccbb990c6517b17e3e79a39e0a27f27e,0,contract_or_token,etherscan_labels
0x308ed4b7b49797e1a98d3818bff6fe5385410370,1,sanctioned,ofac_sdn
0xb245347af7efa5e8b667bc74580effbf74fc9dcd,0,contract_or_token,etherscan_labels
0x35febe9a36ca164c1db0adb90bb9b4234099b0c8,0,contract_or_token,etherscan_labels
0xf345e2f89bd3a49a01d393b28efd1385dbd27e16,1,scam_heist,etherscan_labels
0xf4065e4477e91c177ded71a7a6fb5ee07dc46bc9,0,contract_or_token,etherscan_labels
0x4c7fd55834f50d40537f0ad4aff75287f4c6fb10,1,scam_heist,etherscan_labels
0x4c262757dfafb56e8c5c9de2e200eb574a9d7fc3,0,contract_or_token,etherscan_labels
0xadf9245abce64edde24f54a529556d8abfd24a09,1,scam_heist,etherscan_labels
0xbc25d57412a04956cdd95af07825c5c1f34d29eb,1,scam_heist,graphsense_tagpacks:ronin_bridge.yaml
0x4488dfb7f36433a46e6f1e7df7ba02651f72d6e3,0,contract_or_token,etherscan_labels
0xf103c397078c4d28eaf99d2925f4dbbd9737bb28,0,contract_or_token,etherscan_labels
0xc8a6189bb16331b37c7a903b8904201b4ca7accb,0,contract_or_token,etherscan_labels
0xd865e0281ba53484946a146e818c0c5d01685a3c,0,contract_or_token,etherscan_labels
0x4bd49374bcbe3704c7b482173049b1002eed3b2e,1,scam_heist,etherscan_labels
0x9cf1adef1eb7b27890797ade5414c16ffa70ee49,1,scam_heist,etherscan_labels
0x50ca3590c65d8a50fb00de468615e5ce6219d5ff,0,contract_or_token,etherscan_labels
0xc6045a0d921f9d52d58f2a330e455919231ff1d0,0,contract_or_token,etherscan_labels
0x9609f1398ff6b982c97fc4437cfdeba78ccde07b,0,contract_or_token,etherscan_labels
0xd8ff3c39caea60322a6737963f846d3e0a374b46,0,contract_or_token,etherscan_labels
0xca121d3b357c0c16065ab6951a6b95b56f5b17a0,0,contract_or_token,etherscan_labels
0x2cd2cae99a6667ff81aa60f759d65b4e50bcf4d1,0,contract_or_token,etherscan_labels
0x2cccfdeb3069749cd5d99ba08b7c804035888744,0,contract_or_token,etherscan_labels
0xad86df2e8f989c828b25a7da5eb1ec363283fa3f,0,contract_or_token,etherscan_labels
0x2233f7f344fe308ddfaf4048a650a35bb759af5d,0,contract_or_token,etherscan_labels
0xd82eb8d05bd20efe19066b1732fd4580772f11de,1,scam_heist,etherscan_labels
0x07a7e044466e94c28471f95081756a4d67d00631,1,scam_heist,etherscan_labels
0xc3c87a168388a24942df517faf134e4541ac5993,0,contract_or_token,etherscan_labels
0x13f33189945858153b216e8e622bf118439c35a9,0,contract_or_token,etherscan_labels
0x4188c4cd0d7cd95fe54e8c55ccd2d057b9d01980,1,scam_heist,etherscan_labels
0x1373e57f764a7944bdd7a4bd5ca3007d496934da,0,contract_or_token,etherscan_labels
0xba46868f49182b521b71bf9894d24da7e969e286,0,contract_or_token,etherscan_labels
0xede6b502bc237874f220ebb3431d392da97ee992,0,contract_or_token,etherscan_labels
0x63294f76dd7e0dd78fb3c430281b2dae494ec926,1,scam_heist,etherscan_labels
0x8dc16e0587bf07fe6b093168d1e8ccfb6549236a,1,scam_heist,etherscan_labels
0xd6ff7a27992b59cd9733dac67eac0a9dc1c940c8,1,scam_heist,etherscan_labels
0x56fa5b7f4c80e0209680d436ae2898e57fd00130,1,scam_heist,etherscan_labels
0x255ed38500577a0c85cf8108c0097da80a76c5e1,0,contract_or_token,etherscan_labels
0x6a159503e49ddb8e49659d6cacf5236ac4213d86,0,exchange,etherscan_labels
0xfa8c08f2a52bcb64ac092002d1f9df92388dd106,1,scam_heist,etherscan_labels
0x32c4d7db7a712d4e41b8a1ca84d52a31267eedea,0,contract_or_token,etherscan_labels
0x569559122f073a0e29fc2d84b38891ceea130ba6,1,scam_heist,etherscan_labels
0xf5b930c2e9d2ea6a8a6e57fed027298944041075,1,scam_heist,etherscan_labels
0x5bbc66a66dce972d1f568497879543f44c350bc3,0,contract_or_token,etherscan_labels
0xbe2e7f2a2d513dc6e1fb87cf649723685f758ba2,0,contract_or_token,etherscan_labels
0x0d4ea8536f9a13e4fba16042a46c30f092b06aa5,0,contract_or_token,etherscan_labels
0x5afdb161a974ea308fe12a43b7d2080734c96bd9,0,contract_or_token,etherscan_labels
0x8e675b8b92d68446162485c0770ec395e94643da,1,scam_heist,etherscan_labels
0x59153b855859989b8398d4fbe6b2137ab79bc694,0,contract_or_token,etherscan_labels
0x7fc32233e1c0876d80f0deb6d3654c1b76f7196a,1,scam_heist,etherscan_labels
0x16d6ddf22ffdbc3793400aaeeb2ab51dcfb9e428,0,contract_or_token,etherscan_labels
0xe7d5d6b7d3a3c70174d6b567697287a3322c4789,0,contract_or_token,etherscan_labels
0xa38cdf818366645ee5fe72608e730f997d81de97,0,contract_or_token,etherscan_labels
0x5588f63382db2bb9164dceb41caac32b3d2197c2,0,contract_or_token,etherscan_labels
0xf59869753f41db720127ceb8dbb8afaf89030de4,0,exchange,etherscan_labels
0x9f9c6696b1ac7ee0b63a230e8ef88bf222fc08e8,0,contract_or_token,etherscan_labels
0x81ea504d5b278f651398faef51cc65a7b5791663,0,contract_or_token,etherscan_labels
0xf8c06eb68f5171a27aabe7e03a69e2f88e012283,0,contract_or_token,etherscan_labels
0x5facfcc0d68e42cbe925c3b3bee7d93bfb98b852,1,scam_heist,etherscan_labels
0x71f2b246f270c6af49e2e514ca9f362b491fbbe1,0,contract_or_token,etherscan_labels
0xc7a9d353c9064b106ca9e25a37560e7a322a4307,0,random_sample,bigquery_random_sample
0x4384590e20bd905b0b5a72cb760d68b183766109,0,contract_or_token,etherscan_labels
0xade00c28244d5ce17d72e40330b1c318cd12b7c3,0,contract_or_token,etherscan_labels
0x4b2a6951cf2c9b1f391c219a977e4cd2f8987cba,0,contract_or_token,etherscan_labels
0xc423872da26b900986534bc19056dc550f56c90a,0,contract_or_token,etherscan_labels
0x376a80f1532e3124ade38889f35ada85f212c3c8,1,scam_heist,etherscan_labels
0x408287a8469b234448f882fcea8ed52e469cf4ae,0,contract_or_token,etherscan_labels
0x07a3fdf345fbe8a745d82b24cf88e5f794a9b5d6,1,scam_heist,etherscan_labels
0xf1b58ab117dbcd16be35f079e8ef9acaaa28cbdb,1,scam_heist,etherscan_labels
0x49e4cb1bebc5a060505d4571ec50bd2b65c3ed11,0,contract_or_token,etherscan_labels
0xbcba7ca099fc834ad16a00f7842a0dc778c16ef4,0,contract_or_token,etherscan_labels
0x62970575502f4c7583f6d77e5c6ec1c740c36368,0,contract_or_token,etherscan_labels
0x49a33d14389364b01b5a26f6f041be85809dbaae,0,random_sample,bigquery_random_sample
0x8762cb30fee5661521bd21cedbe64c5075275f2d,0,contract_or_token,etherscan_labels
0x4d19c0a5357bc48be0017095d3c871d9afc3f21d,0,exchange,etherscan_labels
0xb48e9b22dace65f6a2b409871e154b85f4ed8b80,0,contract_or_token,etherscan_labels
0x656e68c425afbaae600adbc5fbe6fc397d195b68,1,scam_heist,etherscan_labels
0x8302efa4e838fd15cf09a39f4ca5bff2a3a78443,0,contract_or_token,etherscan_labels
0x29991dbdf7615044e67923c3f3dc32f276588bae,0,contract_or_token,etherscan_labels
0x650409019fafa08e89cfed870ed3d084e9b5918d,1,scam_heist,etherscan_labels
0x93469e8abc1dee93eb92284678e124c75f069619,1,scam_heist,etherscan_labels
0x0289b9cd5859476ce325aca04309d36addcebdaa,0,contract_or_token,etherscan_labels
0x0fc96c922fd2b457a7d6507b61b7af7d9f7c95e5,0,contract_or_token,etherscan_labels
0x3decc5a223c9916b8d726f8d141cc0f542ae5687,1,scam_heist,etherscan_labels
0xf97cb820bf3305e100ea3d02305905d14227e998,1,scam_heist,etherscan_labels
0x17217ff5eb8980ce1a5b192b0c99f00d12c24e56,0,contract_or_token,etherscan_labels
0x913f64a61b6ed70f658d23bbc84665d07be79aac,0,contract_or_token,etherscan_labels
0x3c650ab4c0d54228662b8416beb27ecbdf39bc85,0,contract_or_token,etherscan_labels
0x254d520e8c3629dda2b00a25d896da3170d76814,0,contract_or_token,etherscan_labels
0x782db22763c7d565d3833a9238f24237ef44a233,0,contract_or_token,etherscan_labels
0xfb608d833a9cbc2e9ab38e1d32b42ad3dbcd51ff,0,contract_or_token,etherscan_labels
0xe056c8aa13a841f68eb614fcec7cbe652063080b,1,scam_heist,etherscan_labels
0xf47eb539cbcef28d75e6f9a634af1870d985ebef,0,contract_or_token,etherscan_labels
0x1fc3607fa67b58deddb0faf7a116f417a20c551c,0,contract_or_token,etherscan_labels
0x20e94867794dba030ee287f1406e100d03c84cd3,0,contract_or_token,etherscan_labels
0xc2ea22ec0c12761b26d05888397ca5dc23be64e0,1,scam_heist,etherscan_labels
0xd6dd6450d0ba49ce814e9075b2cebba34a13c973,1,scam_heist,etherscan_labels
0x951f16c9fcabda6ae2781fe0f3e9ebb23bf8ba64,1,scam_heist,etherscan_labels
0x07fe73b469280bc67498a1aec70dbe66c5f1d9df,0,contract_or_token,etherscan_labels
0x3c70193054e55ee47abedb239e653d4c30825eda,0,contract_or_token,etherscan_labels
0x1e4516b78acf5ab7260b9b4ee02cacd227f7d412,1,scam_heist,etherscan_labels
0x8ad4568a38f292f0536fce0065187eb43e52f9d3,0,contract_or_token,etherscan_labels
0xa9445d3820aa3dade02b454557eb7190a7515d66,1,scam_heist,etherscan_labels
0x38bb31b92576b72f8a6a008c718db53ff2d8690b,0,contract_or_token,etherscan_labels
0xf37411d29cf36898e8d6e0a84bf4f28c0d57104b,1,scam_heist,etherscan_labels
0xe3ac813511391410366fdcfbeed7299a757e3496,0,contract_or_token,etherscan_labels
0xfd8d4994da2e642898e9785518782767c1a3d6a2,1,scam_heist,etherscan_labels
0xdbc030e20571cbeecfd292eae40756632b58de5e,0,contract_or_token,etherscan_labels
0x9d3e88a8a77b3726ef0d74b336d46ad8890bf27b,0,contract_or_token,etherscan_labels
0x1f4ed52724f6f936fbb367b2388733a88d7b0f67,0,contract_or_token,etherscan_labels
0x4faf9c9c0d4e3920cb09d5ab88176be5abeca2b2,0,contract_or_token,etherscan_labels
0xce0e9e7a1163badb7ee79cfe96b5148e178cab73,0,contract_or_token,etherscan_labels
0x6ef798bc2fb296c8afb26d5514279df3ee53e07a,0,contract_or_token,etherscan_labels
0x6ed1b2c03037c07ba47e2001e7d3f7acc9b0609c,0,contract_or_token,etherscan_labels
0x19184ab45c40c2920b0e0e31413b9434abd243ed,0,exchange,etherscan_labels
0xc7570e8e9108b2c1625885ec5cdb692b197c8dbd,0,contract_or_token,etherscan_labels
0x532fe523a638b714ddfbd820d41c68f9e2c6e1db,0,contract_or_token,etherscan_labels
0xb5c1d4781f9d0c7e48e5181900a579efb6c718b3,1,scam_heist,etherscan_labels
0xd4a5fc7ea2148d7c560922bbd5dd79a3aec59cfe,0,contract_or_token,etherscan_labels
0xc018c488240d2791f9def636a074fc037d74e526,1,scam_heist,etherscan_labels
0x665daa5e280edd60b81c67d583ed85b9a5cc45a6,0,contract_or_token,etherscan_labels
0x2356695f595efc8c8ad4ac29285947d72f995952,0,contract_or_token,etherscan_labels
0xa3485d31895e6642a2cb6a8bea99b402ca577dfd,1,scam_heist,etherscan_labels
0xbc1e38aa28d2f01f69ff5af64172c3ef67cf7274,0,contract_or_token,etherscan_labels
0xadd3b473aed491177d87139cc48ff4de22774966,0,contract_or_token,etherscan_labels
0xac95609bd0ff068a0c1fe4a336aae44b14e5122e,0,contract_or_token,etherscan_labels
0xf43b1bbcefbe88a9bb8ae6d479a3242bcfe05fa0,0,contract_or_token,etherscan_labels
0xf41ffeeb105ad7370cc24e53cd79064b39a53396,0,contract_or_token,etherscan_labels
0xcab07c3867868894655523333223da65b7825414,1,scam_heist,etherscan_labels
0x465534ef4cd0114a771d801c5e6bd2ce47913121,0,contract_or_token,etherscan_labels
0x076a61995653c2a4b95bc13da80c6eb1aedef23d,0,contract_or_token,etherscan_labels
0x9b208194acc0a8ccb2a8dcafeacfbb7dcc093f81,0,contract_or_token,etherscan_labels
0xf202f78c04e7ebacf2e80195d1ee31a4b9f175ed,1,scam_heist,etherscan_labels
0x968bc42027002c8a4948987b3646a4d51131057c,0,contract_or_token,etherscan_labels
0xe05e4d280fbfc394c89fec155c867f6413a43c13,1,scam_heist,etherscan_labels
0xb31f012a3debdfcf2c081fe74d1012b429ade3c1,1,scam_heist,etherscan_labels
0x2dfe706831a12f0887115f5de1ca72fce4a1204f,0,contract_or_token,etherscan_labels
0x1066a453127fad74d0ab1c981dffa56d76310517,0,contract_or_token,etherscan_labels
0x96f8c74707c544f654e02e098bb83f69640241b6,0,contract_or_token,etherscan_labels
0x71507ee19cbc0c87ff2b5e05d161efe2aac4ee07,0,exchange,etherscan_labels
0x6131b5fae19ea4f9d964eac0408e4408b66337b5,0,contract_or_token,etherscan_labels
0xbe76e5689c255499412aa66dea160d5ee113842e,0,contract_or_token,etherscan_labels
0x837e2b7b6eb465415c223f69d76c37497a420585,1,scam_heist,etherscan_labels
0xd71a6015305fa7d1605711218dc9ea63c41cbdb4,1,scam_heist,etherscan_labels
0xdbb69ea87507525fffbd1c4f1ad6f7d30a9a402e,0,contract_or_token,etherscan_labels
0x671813687ef1c4f0dcccd6940880b0cb790364ad,1,scam_heist,etherscan_labels
0x7cc1fa17cb6f27af31d1c88e8d86ef16f63d9cab,0,contract_or_token,etherscan_labels
0xc1190691fcfdd309bf36aeaaf5f29e3d82b9981f,1,scam_heist,etherscan_labels
0x03403154afc09ce8e44c3b185c82c6ad5f86b9ab,0,contract_or_token,etherscan_labels
0x6d6098247142201cac5f239c47964d7f5b3bd879,1,scam_heist,etherscan_labels
0xd97d09f3bd931a14382ac60f156c1285a56bb51b,0,contract_or_token,etherscan_labels
0x5fa5ebfe2cf5e13c290ba14fc94bf36a48940f83,0,contract_or_token,etherscan_labels
0x3cf1cf47bc87c23cd9410549bd8a75e82c1c73cf,0,contract_or_token,etherscan_labels
0x8ff790c54ec62eb08583a1ef2d55242c4a916395,0,contract_or_token,etherscan_labels
0xd9646c5173f2f4381da50f0b3efa85f9529f485b,0,contract_or_token,etherscan_labels
0x271526d7c04efc3bedc887729377530aedf451b1,1,scam_heist,etherscan_labels
0xa2605e8679d399bb98fa8c2f0b4ef6d04f3e5c1a,0,exchange,etherscan_labels
0x2a579c0635a9c7e49a9310dd57eeb79c4a8e47ee,0,contract_or_token,etherscan_labels
0x38535f27d5999da5b0280984ee64491cf3a4df80,1,scam_heist,etherscan_labels
0x0ffc0ac3139a7cde29e6858c369b32cbbaf41cf4,0,contract_or_token,etherscan_labels
0x0f688ad74acaebe360e53ad18c8a6cb9df6c8e6a,0,contract_or_token,etherscan_labels
0x71639b0ea94bb805a5a2e6b1457b1387b92e7387,0,contract_or_token,etherscan_labels
0xe7ccf078174a2c1b889f5669e3a9d5627d6109ac,0,contract_or_token,etherscan_labels
0xea04309d1d95b994a4f4efe77ef73fd4e79d8f11,1,scam_heist,etherscan_labels
0x0ba7202c3d168f4ae447ffd4d95bbbbd01a82a2d,0,contract_or_token,etherscan_labels
0x411dbdf3dbaf384ce8f70964d94c95ddf82f9791,0,contract_or_token,etherscan_labels
0x81c96c1af1927cb83487b3fcd3a31e747fe39a25,0,contract_or_token,etherscan_labels
0x8973607eee4fe70bbe7f24226c56e74b8607cba6,1,scam_heist,etherscan_labels
0x794d28ac31bcb136294761a556b68d2634094153,0,exchange,etherscan_labels
0x6fb7bd35c2b66f61e1040edd10e480f3c0feb794,0,contract_or_token,etherscan_labels
0x14739ff9bf136155dcd5603d771a66102985d162,0,contract_or_token,etherscan_labels
0xb960665d4e601063df28c9067c0d925069cf9142,1,scam_heist,etherscan_labels
0x7d014a7464c91f20da99a3e6f77bc5506ddf3c5e,0,contract_or_token,etherscan_labels
0xf74779cbfed0c753b9f5fa5cab6d3c3d728237a6,0,contract_or_token,etherscan_labels
0xf3b6a8b21d456c862f903c9c372c1a3e922b6b7f,0,contract_or_token,etherscan_labels
0x6efb3dcde5ac8137de819f6a5d5147533115894b,1,scam_heist,etherscan_labels
0x921b08eb2ea560a4b46207d4ecde1e20fb177128,0,contract_or_token,etherscan_labels
0xdcdcc34c9a4eda06ddf21dcbccc46ccb7fd99dad,0,contract_or_token,etherscan_labels
0xa7c85ce7d129d8bac5b325b54312d6196254f7e8,1,scam_heist,etherscan_labels
0xc0b2b0c5376cb2e6f73b473a7caa341542f707ce,0,contract_or_token,etherscan_labels
0xb7e170c1935a5b4f6224392a28eb34b5cc3ec346,0,contract_or_token,etherscan_labels
0x3a3c2dfcfad34ce2382796e73332eab5e8c71aad,0,contract_or_token,etherscan_labels
0x7088418510ef80da1a3e52bced2a9be1a79e7484,0,contract_or_token,etherscan_labels
0x00d6faa42d5d50e70a9ecd1489b2060c6b697f3e,1,scam_heist,etherscan_labels
0x9467cfadc9de245010df95ec6a585a506a8ad5fc,0,contract_or_token,etherscan_labels
0x0a426689dc3a421e0cc01af8f19576fc4a33baf4,1,scam_heist,etherscan_labels
0xcb773aadad7b665b5bd7bc2f086896f95fd9611c,1,scam_heist,etherscan_labels
0xf85b8d7be54143124d786b2ff8b081266fb79433,1,scam_heist,etherscan_labels
0x1062a747393198f70f71ec65a582423dba7e5ab3,0,exchange,etherscan_labels
0xbf62c54ee170b48428673a76fb29cce97406baaa,1,scam_heist,etherscan_labels
0x0838861817c6e4af8b5ee51db6632c3fdec815f6,0,contract_or_token,etherscan_labels
0x801ab06154bf539dea4385a39f5fa8534fb53073,0,contract_or_token,etherscan_labels
0xa7750bbb3c98778b2f16a94462ba41af6c625b79,1,scam_heist,etherscan_labels
0xe111a8838d360a7db7bd5571665e98ec4f83c9c6,0,contract_or_token,etherscan_labels
0xf5060e9df7b9e7aadfa512ab32de016849ab6532,0,contract_or_token,etherscan_labels
0xb19a8020d1585b19f4da3e1e5214f3520efddcda,1,scam_heist,etherscan_labels
0x67dd3b013ce698449dc547dc0ad0d73bedb9189a,0,contract_or_token,etherscan_labels
0xf5ee7deafa315c2803b13adf64c620cf3681f22e,0,contract_or_token,etherscan_labels
0x207cfa64f17cb3a6c33b2f1b70ce6e38a0054044,0,contract_or_token,etherscan_labels
0xff33c20b116f77a8f5accdb372acdc00a75ceb4a,1,scam_heist,etherscan_labels
0x1b1c2d1377c38b2763d95141fc2a7b4a367dcfd0,0,contract_or_token,etherscan_labels
0x9c447faa0f5943bcc93863c8a5ab3aeae9125b5b,0,contract_or_token,etherscan_labels
0x05fa2f80e3168e8e6d216304053949991f2a7115,1,scam_heist,etherscan_labels
0x89cb414cc57092b99efa1b55fac8bde8bbae5691,0,contract_or_token,etherscan_labels
0x2f21373684637ccf06948f07e80b8f20e5c1eaea,0,contract_or_token,etherscan_labels
0xc08552d3dae88ee61bc400c5a7357b10b2f02b0b,0,contract_or_token,etherscan_labels
0x43b021d6f5fd31fb9949c3399b8e1cb4c6b02812,1,scam_heist,etherscan_labels
0x01dfeaf2f6b648296b4c9dc4f0c5fddcb0984c0d,0,contract_or_token,etherscan_labels
0x22a190b1e50a631c172c11057b5c5d8024a48db9,1,scam_heist,etherscan_labels
0x25212df29073fffa7a67399acefc2dd75a831a1a,0,contract_or_token,etherscan_labels
0xa286e27457f30bfeb534fc010a01fbf86c8a31ba,0,contract_or_token,etherscan_labels
0x17ad7a037d879407967b7ff49ba4d277f58f4a4f,0,contract_or_token,etherscan_labels
0x7a9f0b9e4c7cce3d0db498d9e7e229dad5fb8b62,1,scam_heist,etherscan_labels
0x117d7d0247d5a0b52097a9884e4e9caea1134174,0,contract_or_token,etherscan_labels
0xa472affde46c933eac290adfb01ee390c46e60e4,0,contract_or_token,etherscan_labels
0x06dea9d49aab6790d56e881e5fa944fd39ef6a4b,0,contract_or_token,etherscan_labels
0x74c3646adad7e196102d1fe35267adfd401a568b,0,contract_or_token,etherscan_labels
0xa51e2ca0f4c9725773d7e48ee3b180db98bbf844,1,scam_heist,etherscan_labels
0x19a67cfefe8585f1eb176208d63528ac441e28d0,1,scam_heist,etherscan_labels
0x68c6d02d44e16f1c20088731ab032f849100d70f,0,contract_or_token,etherscan_labels
0x061f7937b7b2bc7596539959804f86538b6368dc,0,exchange,etherscan_labels
0x8d1fedd0b650fc1279596a2a4df9fb2f82ab3d43,0,contract_or_token,etherscan_labels
0x8b8f2245d296ceacf4a0e1671e0deb5522af3a00,0,contract_or_token,etherscan_labels
0x332c4fe929680e12f6140557f505757173666af6,1,scam_heist,etherscan_labels
0xab41806065e94cd2b4176860a99e57865103f8dd,0,contract_or_token,etherscan_labels
0x0714546dfa2a0a9d7f04ec12056a79878a8fbaf1,0,contract_or_token,etherscan_labels
0xd0176a6a5a9956f9a5d2d891faf3bb215b68bdef,1,scam_heist,etherscan_labels
0x4eff1bb38d14fde3dcf92d9a90628f79d8bcd5fd,0,contract_or_token,etherscan_labels
0xe5c3fb74e45860e40e62aa33d368d8669f81ff35,1,scam_heist,etherscan_labels
0x4e0e4e352448f528b7f26d9261be70c963105058,0,contract_or_token,etherscan_labels
0x80c2d1566c9735ab44fd1a10094f1ff471213187,1,scam_heist,etherscan_labels
0x6ca9035bc00ac7b445a588fcbe11f4180b401a8c,0,contract_or_token,etherscan_labels
0xd8f6877aec57c3d70f458c54a1382ddc90522e7d,1,scam_heist,etherscan_labels
0xf0e472ef169824777296f02fb2a8e9eeaa6b511d,1,scam_heist,etherscan_labels
0xa7edf97e7998de170f97d7d4317625cff7bbbcb9,1,scam_heist,etherscan_labels
0xc10c873de900766a3c71058f049542e51eb240d7,0,contract_or_token,etherscan_labels
0x7e76de758cd414096a4882ed2824bc513d7ed7c9,0,contract_or_token,etherscan_labels
0xdd6346435dbae6f97f9e68ca0cb897d7fec28fb8,0,contract_or_token,etherscan_labels
0xeb960951fcb3e0ac5c9eaa34f0e93b2611b50820,0,contract_or_token,etherscan_labels
0x06cad0470d892037b55672b1a9ad85a16c86d12e,1,scam_heist,etherscan_labels
0x1fb9b59dc2a6470332d47c9a62fbcb31428b4dd5,1,scam_heist,etherscan_labels
0x4246f1f495cdc07e309bd667666438c7ccd86220,0,contract_or_token,etherscan_labels
0xb62357d2a05f6bc6e4f05078de9f5fc5c9c004cb,0,contract_or_token,etherscan_labels
0xc30fba978743a43e736fc32fbeed364b8a2039cd,0,contract_or_token,etherscan_labels
0x4bd60afe19f59247a807504739d51671c2778d1b,1,scam_heist,etherscan_labels
0xc20e75d905d07fb62cbd92a51ba91c986e56df78,0,contract_or_token,etherscan_labels
0x74c48890f4deadaa4682d23c42e18abc286dcb80,1,scam_heist,etherscan_labels
0x87d3d823f7ee1a86f0939371cc3a2ef46889b1e5,0,contract_or_token,etherscan_labels
0x97a105af87abb35b7506ce944e7f913e9ca9624d,1,scam_heist,etherscan_labels
0xea6ed3b325a4b16e79c02694fd96dd57f9320d82,0,contract_or_token,etherscan_labels
0xd9cba39d69d7ed588e73156c87f96983f103c612,0,contract_or_token,etherscan_labels
0xdcea879c224ea64095582c144de543f5a3af5d9c,0,contract_or_token,etherscan_labels
0x1b5ff8ee0b72419ba9dc8cbe102234d81cab1ab8,0,contract_or_token,etherscan_labels
0xa9348d317920f2a6ebd194920f6408d692379ae8,1,scam_heist,etherscan_labels
0xc54fe427d161768ec1526804890902ebcd71c149,0,contract_or_token,etherscan_labels
0xc791b4c84f858ebeab76671a802f5081cc5964a1,1,scam_heist,etherscan_labels
0xbdae725cead9843aa29bd7bdcbae6271ecc5bdd7,1,scam_heist,etherscan_labels
0xe38fac6888d3231fc9fe979a0a40af047207ab10,0,contract_or_token,etherscan_labels
0x35f06858577b526a9351c6d42c89748281b6fe30,0,exchange,etherscan_labels
0x28841acdddd21568eade5f2ee127175bf4229c23,0,contract_or_token,etherscan_labels
0x2a0b8ee81120ae3c6945bb1c2d73257f41a290c9,1,scam_heist,etherscan_labels
0xe650e9586044f1c151e2d15d4dbbd29953e69d7d,0,contract_or_token,etherscan_labels
0xdf0d7f14244acde94629a3374a9f30803d65d583,1,scam_heist,etherscan_labels
0xb882ed6b8ec5fa4b3ea83c32c5afaf9824be38ec,0,exchange,etherscan_labels
0x4c87be3b8bc6b70f57f89e66fe01730e3e8df330,1,scam_heist,etherscan_labels
0xa341650593ead2dc1ba21b755014543a5c207c20,0,contract_or_token,etherscan_labels
0x24501ba3c14a5c74a6bd237df9b428fa9984cc2a,1,scam_heist,etherscan_labels
0xe93e23eab1938faa0587b0dd032fc98aa46536e4,0,contract_or_token,etherscan_labels
0xd21039525aa73421f16f8fb068f65be78a977ec6,0,contract_or_token,etherscan_labels
0xf74f88dfc932d7df0113e213c017f7873a6a15c5,1,scam_heist,etherscan_labels
0xf7e705ae180bec1eb126a45cf6de1664de961ff1,0,contract_or_token,etherscan_labels
0x8acdd67faf041e67f8cab212e085d85ece3b8e92,1,scam_heist,etherscan_labels
0x5867f9688a6a80560a9648c80f543b344957bc24,0,contract_or_token,etherscan_labels
0x1c39babd4e0d7bff33bc27c6cc5a4f1d74c9f562,0,contract_or_token,etherscan_labels
0x6631625a68b08e0fdf605c354ff0e710a0176c84,0,contract_or_token,etherscan_labels
0x83b546e10917432a722444672504f0d459472171,0,contract_or_token,etherscan_labels
0x4c0c5895cea29d799a79b90261f98eddaf3a5ecf,0,contract_or_token,etherscan_labels
0xca93a712bd4202154a3760cef8e058dfb3e395a3,1,scam_heist,etherscan_labels
0xf0f5866f5ba96670d517732a48cb171a2d715906,0,contract_or_token,etherscan_labels
0x4c321a9487128b84679d375acd967a6b8b8559fb,0,contract_or_token,etherscan_labels
0x3943f78dcc1b07fbd429b3a27b141176350eeb26,1,scam_heist,etherscan_labels
0xefe301d259f525ca1ba74a7977b80d5b060b3cca,1,sanctioned,ofac_sdn
0xcca0c9c383076649604ee31b20248bc04fdf61ca,0,contract_or_token,etherscan_labels
0x3d02e10d52e37869cd06ff17c7480b500cb67747,0,contract_or_token,etherscan_labels
0x632a03ad1b9575f0fab3d7612a54f43199a5ebb0,0,contract_or_token,etherscan_labels
0xbd7f34e9f32193cdf7c03b00d96970ab9a8c17ab,1,scam_heist,etherscan_labels
0x9c2f418a51370f520ead3e261fd8cd906e36b38b,1,scam_heist,etherscan_labels
0xa069e33994dcc24928d99f4bbeda83aaef00b5f3,0,contract_or_token,etherscan_labels
0x6edb9d6547befc3397801c94bb8c97d2e8087e2f,0,exchange,etherscan_labels
0xfb55af0ef0dcdec92bd3752e7a9237dfefb8acc0,0,contract_or_token,etherscan_labels
0x9463635cefb02e184c99cd319bc3f475f7a33b34,0,contract_or_token,etherscan_labels
0xc7eefb78831bc42dd3fbf3937811d2b8425b4506,1,scam_heist,etherscan_labels
0xd8fbb36bd3388a428fee29425e5c520da913370a,0,contract_or_token,etherscan_labels
0x5bae310507a963c31771c412493d43c66757c97d,0,contract_or_token,etherscan_labels
0x1159907045848ed563a7ab883d2abe75b02d4723,0,contract_or_token,etherscan_labels
0xd002e7d8e17ef176a8c99b70e266024c6f4ef39e,0,contract_or_token,etherscan_labels
0xd1c6bb188eb0f754060d144783017b598b60f3e2,1,scam_heist,etherscan_labels
0x3a0ddb5f674b5ecb590d6b1d204d9b382cc1cb8d,0,contract_or_token,etherscan_labels
0x68c35010bffaddcf08417aa897f389954cd909cb,0,contract_or_token,etherscan_labels
0xf6b845f8efec8ab76f10734fd7d3bcabf70b4068,0,contract_or_token,etherscan_labels
0x89dc1c6f882ae36c78065a1551a7a98d72230f8e,1,scam_heist,etherscan_labels
0x729297bfc4c2267afd119ddf1c6e3a22e6ae6e6b,1,scam_heist,etherscan_labels
0xf49376f1dac6e288b790b2256aae93964e6394d5,1,scam_heist,etherscan_labels
0x5dc21bc6c0d4c71286d67090c39a1e7c7827685c,0,random_sample,bigquery_random_sample
0x092493a22375de1b17583d924abf9e8bf884491c,0,contract_or_token,etherscan_labels
0x608f8af5fd49b5a5421f53f79920c45b96bda83f,0,contract_or_token,etherscan_labels
0xe165a874b640602794fdf57d50f6ba2001398fe4,0,contract_or_token,etherscan_labels
0x54cd6e8483e1e240caad41bd6ec9decd049252a3,0,contract_or_token,etherscan_labels
0x705716433cdb7fa6c5120ae7c9c7749f0af25cf8,0,contract_or_token,etherscan_labels
0xd3e31f8aac930e354283ca3efda1e22525f98af1,0,contract_or_token,etherscan_labels
0xfb8b2c96f822fe4365cdf6d652fbad6df83a3b72,0,contract_or_token,etherscan_labels
0x7b503028f590fc5273fd3aed48c68b5f9f6e0af7,0,contract_or_token,etherscan_labels
0x4378fc26a153329fdd61d00c46b084f3068082d6,0,random_sample,bigquery_random_sample
0xc8c8a69aa79652ed59b6446f8a2e3c0db57376ce,1,scam_heist,etherscan_labels
0x175d44451403edf28469df03a9280c1197adb92c,1,sanctioned,ofac_sdn
0xdd350c4d9f03aa62e38c5fa927c470a40ba9fcac,1,scam_heist,etherscan_labels
0x9be5d213245be984c0fb806a1d92c03a05448a4d,1,scam_heist,etherscan_labels
0x68a335b5ebdcb62567ef548dc08c8e61ac07b153,1,scam_heist,etherscan_labels
0xf30da642e12f7397114d3b521a6f8ea5ede3a8f2,1,scam_heist,etherscan_labels
0x8087842c4f48a7e8eb5da1f22b52f9032ff3a9a6,0,contract_or_token,etherscan_labels
0xe08df733e0ce6a6f59aa62c2900de879f02db9f1,0,contract_or_token,etherscan_labels
0x4c8ad9cc39a619bc7d1c48afcf6f2831298017a9,0,contract_or_token,etherscan_labels
0x99740d968fc6ec9879a2d29663f85f4167bdceb2,1,scam_heist,etherscan_labels
0x4a8428d6a407e57ff17878e8db21b4706116606f,0,contract_or_token,etherscan_labels
0x77f252a40c978be042bd9c538dc15ebde412491f,0,contract_or_token,etherscan_labels
0x9e0a70a3262c42d4e18c380482e203032b0209b2,0,random_sample,bigquery_random_sample
0x3a1085eccce99762b8b0c38b2ebaa27af65e107b,1,scam_heist,etherscan_labels
0x8f22f2063d253846b53609231ed80fa571bc0c8f,0,exchange,etherscan_labels
0x19a37604bbfd817018ebaaf3a3e256dce52cf224,1,scam_heist,etherscan_labels
0x84e2a2163578571c6fb279704a70c3e36812f971,1,scam_heist,etherscan_labels
0x26d835512709b5917a139c53a964267206b8f3e0,0,contract_or_token,etherscan_labels
0x05eefa2a20b39dfe8a167ed0850e5590aa880fe1,0,contract_or_token,etherscan_labels
0x29e9b2058e9f4ae78040a57f6a1be0366b969e43,1,scam_heist,etherscan_labels
0xaaddb9951d9addf63ebc6fe8761d6d7dbe8d577f,0,contract_or_token,etherscan_labels
0x82bc9126d4c6900a2551130b3e0d8b385153d87c,1,scam_heist,etherscan_labels
0x905166555df4ab6bdc06239bf216300f7a5552fa,1,scam_heist,etherscan_labels
0x1c934bc86839b5718a1bdf69880de56f65388531,0,contract_or_token,etherscan_labels
0x859525414b736907eff02421940ab849655f33e2,0,contract_or_token,etherscan_labels
0x45cd19b9c273866a4ab66bf044b7c664f98333b9,0,contract_or_token,etherscan_labels
0xa7df141ad7d95b800fe2de6bb75b4b6a4af4ce40,1,scam_heist,etherscan_labels
0x4d5ccacaa908097ec1e04cbecb85ceaeb030e7b0,1,scam_heist,etherscan_labels
0x00088e1f7510370fab86a7bd10578b578c61c723,0,contract_or_token,etherscan_labels
0x6f073ac25863fbd344ab8be68ea21a10587db17e,1,scam_heist,etherscan_labels
0x201e6a9e75df132a8598720433af35fe8d73e94d,0,contract_or_token,etherscan_labels
0xf2a480644089f4fedacf9b9975f4a0dab933c25c,1,scam_heist,etherscan_labels
0x6b76f8b1e9e59913bfe758821887311ba1805cab,0,exchange,etherscan_labels
0x8f06fba4684b5e0988f215a47775bb611af0f986,0,contract_or_token,etherscan_labels
0x072fbb7232bf368899827011c51df03a1d59ce45,0,contract_or_token,etherscan_labels
0x49517ca7b7a50f592886d4c74175f4c07d460a70,0,exchange,etherscan_labels
0xa264b63474161fb70fd6e50e9ea73354bb8a289c,1,scam_heist,etherscan_labels
0xce7e98d4da6ebda6af474ea618c6b175729cd366,0,contract_or_token,etherscan_labels
0x5eafb1ab1bc84e967f7ddfa79979ff8bb3f34952,1,scam_heist,etherscan_labels
0xe078be6acc9c1e23474d23e2ab2aa0c528c1494e,0,contract_or_token,etherscan_labels
0x4f1e921848f3b222e6e3c1e09ee4c8cc01323d88,0,contract_or_token,etherscan_labels
0x77fb14b83ff640726eca7cc16177b919eeefb5ba,0,contract_or_token,etherscan_labels
0xc18fe40d77b2a46dc2f5790e26f305c6dbee0b39,0,contract_or_token,etherscan_labels
0xbb6df81e8acf741087a67a892af87ed7e116736a,1,scam_heist,etherscan_labels
0xf65726558f76aebc5a900aa3265e367941070f13,1,scam_heist,etherscan_labels
0x44b4babd7cbc8ce32dc3ff77ed9b6df9e2d11003,0,exchange,etherscan_labels
0xdd663f39101cf0cedaaee7bdfb060f4b9c70976b,0,contract_or_token,etherscan_labels
0x856d58dde027de7f33e78ee56ce25268f6ca803a,0,contract_or_token,etherscan_labels
0xc0ed9ef67d40c9226a6d3ae065e5a5113abf371b,0,contract_or_token,etherscan_labels
0x055f66a745ee38cc76c9f5e68c4c6968f14761da,1,scam_heist,etherscan_labels
0x99baf4ea50d4d7787261848a47c07baf068203c4,0,contract_or_token,etherscan_labels
0xb624c7d3b7daddea8825fa39e764f35d02a1b1ca,0,contract_or_token,etherscan_labels
0xbcedc25cbb0ea44e03e41dc2d00d54fe6d4646db,0,contract_or_token,etherscan_labels
0x546aaa98627797c04c48ac716db36314285b4b5a,0,contract_or_token,etherscan_labels
0xc662920296c4950ea49b7d11216ef9c69a194d89,1,scam_heist,etherscan_labels
0x0589e281d35ee1acf6d4fd32f1fba60effb5281b,0,contract_or_token,etherscan_labels
0x52a79f1f35171635e4e0da99afa36d4fdf740739,1,scam_heist,etherscan_labels
0x3fff2beb3b49af63c039ffe91b40aeeb3992ba23,1,scam_heist,etherscan_labels
0x1bd56d0d6510817e4a92da84d2fe3a1e363be925,0,contract_or_token,etherscan_labels
0xe75ce27c39cf46d086c75f23648a154fdcc97668,0,contract_or_token,etherscan_labels
0xf82728b447b4e018bc4bbfee7b1bb050085c086e,0,contract_or_token,etherscan_labels
0x52177b7f9bc182da1ecef08578068ec6747fdbbb,1,scam_heist,etherscan_labels
0x6c701226204f7937750671b041996a73180a47d6,0,contract_or_token,etherscan_labels
0xeb85b2e12320a123d447ca0da26b49e666b799db,0,contract_or_token,etherscan_labels
0x3e4eb7655a4596c54e1bc3fc5ffa166c8eaf85f9,1,scam_heist,etherscan_labels
0x02cd9c0837d9aa33d8b2baa737c855e416a61b3c,0,contract_or_token,etherscan_labels
0x5d90cd05ac20ecab508ca348fbb770c5dde2ce31,0,contract_or_token,etherscan_labels
0x75689441be6ac70856f370766c87b8560fded4bc,0,contract_or_token,etherscan_labels
0x5390f43ef8b8fe0b103e89f1ca74bfb985669f7b,0,contract_or_token,etherscan_labels
0x39dbdf7fe378a234020965897e7d9f33ea4bd6bf,0,contract_or_token,etherscan_labels
0xc9f79b0439779f067eef1b66a5074b0e5b386f39,0,contract_or_token,etherscan_labels
0xca1cf2deebe12fc7407d7026e64e490aa0e95d4e,1,scam_heist,etherscan_labels
0x0e552307659e70bf61f918f96aa880cdec40d7e2,0,contract_or_token,etherscan_labels
0x505a8630c87f8e9ad1eb478b68c51cf456d714e6,0,contract_or_token,etherscan_labels
0xe55514e7484e27da12d85e1bb5994800b6a12cdc,1,scam_heist,etherscan_labels
0x3e5c11703f6ee0fbe73462be65d2f44b94c925ee,0,contract_or_token,etherscan_labels
0x682f679c673439efae36f804fed298b4efc32559,0,contract_or_token,etherscan_labels
0x42a795c4997f903caf8e3fdfe42f500c4cb8d19f,0,contract_or_token,etherscan_labels
0x033f4a33823595a6dd9df0672fd94de32c65c415,0,contract_or_token,etherscan_labels
0xf173a7a055340c91dbdf3083ce3babaa7535a03c,0,contract_or_token,etherscan_labels
0xf07740d009bfc04e8756a2bd55f724cbef64c254,1,scam_heist,etherscan_labels
0x98f3115a1951948b667e38418b8cb926011a3dad,0,contract_or_token,etherscan_labels
0xe7a46238b1b17ead2b952a7400a5e74e09f2c3a4,1,scam_heist,etherscan_labels
0x2711569d80dfb93d41016fc0362a9be6e07de24f,0,contract_or_token,etherscan_labels
0xf37d30006bfcaac6a2757d3a93be4844de43bb68,1,scam_heist,etherscan_labels
0x1938211251036c44346b71c86f71fab5f54db596,0,contract_or_token,etherscan_labels
0xc56fefd1028b0534bfadcdb580d3519b5586246e,0,exchange,etherscan_labels
0x9da4ce5c2b089c8f147e36758de8335e28fc030d,0,contract_or_token,etherscan_labels
0xe226eccb1e36cf71dc0fbee5c86a3f77be415e0e,1,scam_heist,etherscan_labels
0xad6e5dc841148e0d9c7f3840ed9834b198171fda,0,contract_or_token,etherscan_labels
0x0b0da4e85b6ee526ad5314f0a13c8402057558c5,0,contract_or_token,etherscan_labels
0xf8a22acfc93b8aee51ac7debaddefee2974a8ab5,0,contract_or_token,etherscan_labels
0x975eaad44eba07a92237af778fb87397e79375b1,0,contract_or_token,etherscan_labels
0x75ab5c1e9f37ba3ed35d7d1e3c053819ae2f0b26,1,scam_heist,etherscan_labels
0xf6c9e9af314982a4b38366f4abfaa00595c5a6fc,0,contract_or_token,etherscan_labels
0xd5e10e8513e33a2867e20ddfc35ee081cba57769,0,contract_or_token,etherscan_labels
0x2be56dba7d01aff036292df25d936899ef18089e,1,scam_heist,etherscan_labels
0xf3f9df6286b985ae4f1ac651d39a7b0bebc53d3f,1,scam_heist,etherscan_labels
0x4b773a7b6c6e95d258deed616d575e881e0f5cb2,1,scam_heist,etherscan_labels
0x268db4fea7eaff8aad4a2bccaafb45eb38a2bd24,0,contract_or_token,etherscan_labels
0x104d92ded53086b2980815f78a9143119ad99d34,0,contract_or_token,etherscan_labels
0x00e5a66d31768318a7cae45dd7a0ef8288d7288d,0,contract_or_token,etherscan_labels
0x19e910a5f700449139513bbdb6156540831ebe83,1,scam_heist,etherscan_labels
0xe08a8b19e5722a201eaf20a6bc595ef655397bd5,0,contract_or_token,etherscan_labels
0x740717540735526d904600681690f973f393502b,1,scam_heist,etherscan_labels
0x89b5925a310b22e3e51cf9e2b3405a8c9b680835,0,exchange,etherscan_labels
0x50044ef9d7ef2d4fe9ee36b2a371b2545172b05c,0,contract_or_token,etherscan_labels
0x619a67bcecf4b77772e6858c59b9197eafc4819e,0,contract_or_token,etherscan_labels
0x35b045e963d786f4e5f9aff2c3bd2605972d4219,1,scam_heist,etherscan_labels
0x52fcd5e245c30004fe881f68f5dbf726d1576802,0,contract_or_token,etherscan_labels
0xbc83e4260ab3421961c37b8d54b30c59f427d871,1,scam_heist,etherscan_labels
0x6cceb04f626fb4cfcf62669805b535e36e1c70ce,0,contract_or_token,etherscan_labels
0xd2ea320734e325c9034b1758c3e267c4e8ca160c,0,contract_or_token,etherscan_labels
0x5b8e945261e8cf7325d7610fdcb37545de011714,1,scam_heist,etherscan_labels
0x05c04d16da1a7efd6d6768a3f0e609c09f99710b,0,contract_or_token,etherscan_labels
0x5c31c22e869a8cefd046200dcad261d55fc16ada,1,scam_heist,etherscan_labels
0x70559cdc55575641cd1d3579bb659798e8c529ba,0,contract_or_token,etherscan_labels
0x5277a42ef95eca7637ffa9e69b65a12a089fe12b,0,contract_or_token,etherscan_labels
0xd281af557aa16b6d49647b204e16c1083069a7bb,0,contract_or_token,etherscan_labels
0x7793cd85c11a924478d358d49b05b37e91b5810f,0,exchange,etherscan_labels
0xe855283086fbee485aecf2084345a91424c23954,0,exchange,etherscan_labels
0x4ec2bf1bbcef47d061eab00283b427deef3b43ff,0,contract_or_token,etherscan_labels
0xaa13ef31c46b8cd4506d52662081b3022ad79ea9,0,contract_or_token,etherscan_labels
0xc965bc2cf23d54ccf41a7d3af10572580e9b8078,0,contract_or_token,etherscan_labels
0x4fb27613ba5d1be032edf560f99a6f5a240817f4,0,contract_or_token,etherscan_labels
0xf6012f81ffaef543a253a79b3e0c7512d9610935,1,scam_heist,etherscan_labels
0xc083240344260e565f6c2e07f1e748f3ebffbac7,1,scam_heist,etherscan_labels
0x5619752cbf1c3a58fdea0b560fdeee6ab9085404,0,contract_or_token,etherscan_labels
0x29df291774150370e2605eb8ddc511f1fcd92e20,1,scam_heist,etherscan_labels
0xade1600c4ca6b63a8fcd88670edb29ffc44298d5,0,contract_or_token,etherscan_labels
0x442e735978155ed54ab19201ec834bb519f60168,0,exchange,etherscan_labels
0x2f7e209e0f5f645c7612d7610193fe268f118b28,0,exchange,etherscan_labels
0xe3920efe8897e0f680ec1065a25d40d777f7303e,0,contract_or_token,etherscan_labels
0xa274ccc5661f9f7917bc00c2f538c467af293af7,0,contract_or_token,etherscan_labels
0xc09fd764a43ce695a4065d8ab0f7f85824a3a6de,0,contract_or_token,etherscan_labels
0xe602bee8d84d0b5db9ca54b3877f1a5e6919f630,0,contract_or_token,etherscan_labels
0x7a87fdcfcff21cecef373695764c6b3648d2541b,0,contract_or_token,etherscan_labels
0x161a3f414eb7faaaae7ddf7b3c61b1d467d84a6b,0,contract_or_token,etherscan_labels
0x7baecf10ede96b90af2cb7aa58fba2e0493aedee,0,contract_or_token,etherscan_labels
0xf7efa00cb059b1b6820517fdc067c615b1501789,1,scam_heist,etherscan_labels
0x00a13b7b7a514cde38a0ff41f6691b61ee6c600f,0,contract_or_token,etherscan_labels
0xeba4dd6771c3e8ba3f168e47d052819abcc87cb2,0,contract_or_token,etherscan_labels
0xa2db796f0b89db0d4c1a0b94213e4878b2e9b36b,0,random_sample,bigquery_random_sample
0xce2a8df6401db2f847fdc7b830a80d3ded3f76d6,0,contract_or_token,etherscan_labels
0x3ebeaed4dad56dea4fe8a272d0fc79e129bdd53b,0,contract_or_token,etherscan_labels
0x00773d1d8d8f9c6240316b40c98346e93d8ce864,1,scam_heist,etherscan_labels
0xe9f752f0092ea61458c9179fee6d1c453c50fe4e,1,scam_heist,etherscan_labels
0xdc1748f86a0774490bf64f4fe73bdf34e1f59448,0,contract_or_token,etherscan_labels
0xff80a72af3bf7318b6a51d009787c84e671b26f6,0,random_sample,bigquery_random_sample
0xfa9e180e0bd02baa8066df0a37d984a93c1c055a,1,scam_heist,etherscan_labels
0x636d392865356f458733e87e58ba9a173bf754a0,1,scam_heist,etherscan_labels
0x5b525532af28eb1df483dec442279ba031c74cb7,1,scam_heist,etherscan_labels
0x5c0b8275874f308012ccbc487d7b3c02ed70f813,0,contract_or_token,etherscan_labels
0x634e8994a04a76179878344dd58ba96fe959b8a5,0,contract_or_token,etherscan_labels
0x208226200b45b82212b814f49efa643980a7bdd1,0,contract_or_token,etherscan_labels
0xc166d218cf00196555dd0cc9a678d4717b8ac6db,0,contract_or_token,etherscan_labels
0x8e8fdf44118c458048cb28629abbc87270084757,1,scam_heist,etherscan_labels
0x5b2a2e2cceec38ec761cbfacd472d0f660963841,0,contract_or_token,etherscan_labels
0x7bf62e6f8b41e1575e1929155ea82dab92cfdcd9,1,scam_heist,etherscan_labels
0xe47f249858bbd8bf9d716e97ad6f284f87db9610,1,scam_heist,etherscan_labels
0xc840f401304cdd1ecae3067855ce527b7726376e,0,contract_or_token,etherscan_labels
0x8b11c6a6e4bb220641561184396d76ee6103bf26,0,contract_or_token,etherscan_labels
0xfdfd9093e9fedac6750695093f59ad211b4f4a10,0,contract_or_token,etherscan_labels
0x0ad2c8d5a578e7b787513a52295761232acb035f,0,contract_or_token,etherscan_labels
0x0a9a9afd68091ae9820fd92d4464a3074c8562c8,1,scam_heist,etherscan_labels
0x8d5bd8407a55110a346ea0c8ac54c9511764ee22,0,contract_or_token,etherscan_labels
0x52ad3fc8beb1a77580b1e34ca4a3a3e1a9ded2a8,0,contract_or_token,etherscan_labels
0x19bdee3ce6d3038022a23af9a3b29138a96731d8,1,scam_heist,etherscan_labels
0xdf018a17b2a39aa975c061480c35b4731f44fca8,1,scam_heist,etherscan_labels
0x7941b599a11d1241edfefe4a8d59ed46b3b6ef44,1,scam_heist,etherscan_labels
0x986a2fca9eda0e06fbf7839b89bfc006ee2a23dd,0,contract_or_token,etherscan_labels
0x5339b6fcefa19808cd6fc847b8c7dcf3d3d95d45,0,contract_or_token,etherscan_labels
0x617f01e31fcb298fba0afe797762b04dca58edde,0,contract_or_token,etherscan_labels
0x04ad7aa5e7c25d6cfa6735ebfc77dc801a505591,0,random_sample,bigquery_random_sample
0x14c4678be73448c9d014c90e69fca93d7f9e444c,0,contract_or_token,etherscan_labels
0xb823893e7858f36f8387bb74041000210b055642,1,scam_heist,etherscan_labels
0x96160faf882c67f63303348491e18927ab148872,1,scam_heist,etherscan_labels
0x92cb341f4a292016d50f4904aabbcc773f43de07,1,scam_heist,etherscan_labels
0xfad704847967d9067df7a60910399155fca43fe8,0,contract_or_token,etherscan_labels
0xc1da66a4aa9dfcf60b891105af58f4ad4affaa9f,1,scam_heist,etherscan_labels
0x80c7f8c025c433052ba450d8300b38050e44075a,1,scam_heist,etherscan_labels
0x38182a50db4a92d09dce276d00937aa7607978d5,1,scam_heist,etherscan_labels
0x994856a0fc9ade4fa78ba92b84ada232c15c8b24,0,contract_or_token,etherscan_labels
0x14f472dc0294752691fbd925d6ba2bf51d9be1fa,1,scam_heist,etherscan_labels
0x529b52be23f7fc716cd9c01f3ee0e4d110517a35,0,contract_or_token,etherscan_labels
0x43ddaa598f84c5c71388763f851dfc4c7e9dec84,0,contract_or_token,etherscan_labels
0x4548314a5386cc0341f069808dece6e724ea9d07,1,scam_heist,etherscan_labels
0xa11eea2f1ee3f6bc89a7989fb77e7cf39403d5a7,0,random_sample,bigquery_random_sample
0x9f917eb2ab121213f2942129909970378e0763fe,0,contract_or_token,etherscan_labels
0xe3794caac0858cc432d2f2ae6b4c6c1ae4a290a1,1,scam_heist,etherscan_labels
0x849526fe6de916e8fd7957bf2d5d2be980089b1c,1,scam_heist,etherscan_labels
0xb2a7b25fa7c7eb2d49214da86314094273dbf8c6,1,scam_heist,etherscan_labels
0x73f8fc2e74302eb2efda125a326655acf0dc2d1b,0,exchange,etherscan_labels
0x29c827ce49accf68a1a278c67c9d30c52fbbc348,0,contract_or_token,etherscan_labels
0x9008d19f58aabd9ed0d60971565aa8510560ab41,0,contract_or_token,etherscan_labels
0xf40b8bd609e769cbde5edc7f9cc4f6eb4efefef3,0,contract_or_token,etherscan_labels
0x8c731b4dac3ffeb42963a94169ce187736f1c87a,0,contract_or_token,etherscan_labels
0xb5a6697a60178df5b887e622f2cd7450186414ae,0,contract_or_token,etherscan_labels
0x2ca60bbeffe98ea4091cdfd7288900fa02d811bf,0,contract_or_token,etherscan_labels
0xb96afad41789b4225d1283f9bc25f9e2c9fe40ee,0,contract_or_token,etherscan_labels
0x4424ed6b70ad955dfa9a387cfb3bfc2e5f6cbd80,0,random_sample,bigquery_random_sample
0x37958087165359e0ff4224c7cc77bdc9be77dbda,0,contract_or_token,etherscan_labels
0xcee6c253026957381a9f576325dc41a3edc5d388,0,contract_or_token,etherscan_labels
0x49b19581d9d1d24ffdffaf7eece27712fbea2d8b,0,contract_or_token,etherscan_labels
0xf1a337dfb4d3810c6635771126e65e3d297733ad,1,scam_heist,etherscan_labels
0x0e8ba001a821f3ce0734763d008c9d7c957f5852,0,contract_or_token,etherscan_labels
0xd4281868e1868840f0911d99dd5e387a46de5d8d,1,scam_heist,etherscan_labels
0x1241f4a348162d99379a23e73926cf0bfcbf131e,0,contract_or_token,etherscan_labels
0x4e9c9dc3c1c39a039a468314afd3017b35db98a7,0,contract_or_token,etherscan_labels
0xf04dac9cf12fd8a2b0828a4ba69f496abcaa21a3,0,contract_or_token,etherscan_labels
0x8fcfa3c2a722bba665cc133990086006c0e97b70,0,contract_or_token,etherscan_labels
0x12e9224859c59832ad9efe41690bc58f1369d365,1,scam_heist,etherscan_labels
0xbcc7281ba5c5abd2e0e527f456757d8db2899148,0,random_sample,bigquery_random_sample
0x4a4572d92daf14d29c3b8d001a2d965c6a2b1515,0,contract_or_token,etherscan_labels
0xfe5b6c2a87a976dce20130c423c679f4d6044cd7,0,contract_or_token,etherscan_labels
0xd595cec35e7baec40392cc6cbde19365ae959c55,1,scam_heist,etherscan_labels
0xafa3cb4aed86b03c850144455bd89bedeae17ecf,1,scam_heist,etherscan_labels
0xa3f2dea947af26d9aac01df2ba7f8edaf44b1dce,1,scam_heist,etherscan_labels
0xde697ac56b1bd9c0987c08911020f2341e274813,0,exchange,etherscan_labels
0x1b481b706b571839aa095ad11b82d7057370ee98,0,contract_or_token,etherscan_labels
0x9c21d8ff8b17cb0c77089f33a993f48d112c6dc1,0,contract_or_token,etherscan_labels
0x82b60dc0b551d10cdb61b29ab69393184025ae00,1,scam_heist,etherscan_labels
0x4d4e1d6f54b0f6b94847e606207a2b6b67f5d81d,1,scam_heist,etherscan_labels
0x5c0a86a32c129538d62c106eb8115a8b02358d57,0,contract_or_token,etherscan_labels
0x038989cbb1710c72b9920dc4fa529158f463e72c,1,sanctioned,ofac_sdn
0x3144c5a74672aa509db2ea02d252d8af2dcca488,0,contract_or_token,etherscan_labels
0x3e1f13608111de38ec4bd97588d8636718f49516,1,scam_heist,etherscan_labels
0xfeda9681a097949d871dcb0e13e152035b860e72,0,contract_or_token,etherscan_labels
0x9cac725f17d5deb4a65922a6043eac4081ac6bc4,1,scam_heist,etherscan_labels
0xd3466427f7ee5d0d9cd68b36df677e51bda26321,0,contract_or_token,etherscan_labels
0x30de97336d498c49a8595d15480954b8db1ca4ec,0,contract_or_token,etherscan_labels
0x36af13e2188bcf041250231df380b828bf43aed2,1,scam_heist,etherscan_labels
0xb4203ca2fabb2fac4457785bc905aada1876a70e,0,contract_or_token,etherscan_labels
0xad3787b9e196804ac0be7cd6bd8a648acd60e1df,0,contract_or_token,etherscan_labels
0xf30ce3b3564d0d12b1b240013299c7f12fd5bd0f,1,scam_heist,etherscan_labels
0x77e7ac87108c2cc460f27e5c49bff3202b072bed,1,scam_heist,etherscan_labels
0xef77c6757dd778562bdf41fc14e76c4ce46a3ec3,0,contract_or_token,etherscan_labels
0x92d8736ce002e9ca4b864377a2ff65b74340d04c,0,contract_or_token,etherscan_labels
0x45679d087f7e01e517204b78825faf0f68c19cbc,0,contract_or_token,etherscan_labels
0x6c79244ac658966bd973a133600ac44e85434edc,0,contract_or_token,etherscan_labels
0xf8a81b3c75aefa8b17fd5a20c48b8450bf5df2d7,1,scam_heist,etherscan_labels
0x880a1815e247f982a5ecd6f5335d25b5cf05bb74,1,scam_heist,etherscan_labels
0x9ced062015865b7ef444cfed4ba507d433ccd621,0,contract_or_token,etherscan_labels
0x6091978ce727ba295396a0c4d8b9a3a308a4a5ec,0,contract_or_token,etherscan_labels
0x2df6bb12ba376a948cba22ae9742016010b40c5c,0,contract_or_token,etherscan_labels
0x5cddfaca17fb95190e9be6e4326ab73863c9f17a,1,scam_heist,etherscan_labels
0x4aadaac3bb235f45b7341e5cef6e85c42d8fd1fb,0,contract_or_token,etherscan_labels
0xf3f8cee7882cab04380e92197b10322b85db83f3,1,scam_heist,etherscan_labels
0x7825de5586e4d2fd04459091bbe783fa243e1bf3,0,contract_or_token,etherscan_labels
0x70dcc9ba0a4d2a5bb57221fcb3c84995b105bf5a,0,contract_or_token,etherscan_labels
0x77f5f3dfd95d0b061c9ef47c4f4ca4681d807776,0,contract_or_token,etherscan_labels
0x3031745e732dce8fecccc94aca13d5fa18f1012d,0,contract_or_token,etherscan_labels
0x36c984ef488863d669931ccbd30bdc282790ceab,0,contract_or_token,etherscan_labels
0x0f67e34aed6c6c4334523568c2acb750c18541f7,0,contract_or_token,etherscan_labels
0xd9cbe784df2ae03ea0e22335bb5cd7fcb42a0e32,1,scam_heist,etherscan_labels
0x6b63e2fa764e96b2757de65066c64dc2bfbb6f3d,0,contract_or_token,etherscan_labels
0x5f33778f37d0c3e848f41e52c4cdd17131325646,0,contract_or_token,etherscan_labels
0xc428c2848cf342e3b969bef5b423d38fd04f27ea,1,scam_heist,etherscan_labels
0xe6382d2d44402bad8a03f11170032abcf1df1102,0,exchange,etherscan_labels
0xbdc120fef90fb185a49ad8fa62c7bc0ed0516cc7,0,contract_or_token,etherscan_labels
0x7c19f3b68e6e2fa814f6c808c12f04efce30c87f,0,contract_or_token,etherscan_labels
0x4113a054c7d7a92ca3ede23ca086fa7e57e56797,0,contract_or_token,etherscan_labels
0x1f2bcc260483443a9dd686307bb2809a78400a4f,0,contract_or_token,etherscan_labels
0x27e98ca8a27d23403270727fc26644c422848006,0,contract_or_token,etherscan_labels
0x6e1d23c4a06159986a852b540254e231589fdeb8,0,contract_or_token,etherscan_labels
0xf5436129cf9d8fa2a1cb6e591347155276550635,0,contract_or_token,etherscan_labels
0xa01887041c64f1361bc051f94598c877d9edd1c1,0,contract_or_token,etherscan_labels
0x6153dfd06f58b929e4c1b184b10ac799223ca095,0,contract_or_token,etherscan_labels
0xbc81d159b6eb4658029c6cf31f0cc53f549ac498,0,contract_or_token,etherscan_labels
0x522c5c985736e01cc61a4a46b76088c364f8e3e3,0,contract_or_token,etherscan_labels
0x65b94ab532760194d9c069cffb1401205de4434f,0,contract_or_token,etherscan_labels
0x82865098c6cebcc51385077034aae96ce6e024d4,0,contract_or_token,etherscan_labels
0x6c2b103028e324df350ff8378a318ee23e221489,1,scam_heist,etherscan_labels
0xa4bd200d704b45ee29165e845b5807da270b98d7,0,contract_or_token,etherscan_labels
0x629ffa634c3733dba1eab088eadba7ef25936035,1,scam_heist,etherscan_labels
0x388b14bd1c98bf2464dee988db7eaa98efa54246,0,contract_or_token,etherscan_labels
0xcf789e7f539151b18e442dc183e7c454edfb69aa,0,contract_or_token,etherscan_labels
0x538bb47c246735432f23ac74f758995bd17dcfbb,0,contract_or_token,etherscan_labels
0x0e7f8c907ea3583f859c13b5a35cbbb290e0c78e,0,contract_or_token,etherscan_labels
0x3cbe9079a3ef5129f64d08b48016e3d11bafea3c,0,contract_or_token,etherscan_labels
0xc24dcdb403ed29ad75524aa615e8e101b804c655,0,contract_or_token,etherscan_labels
0x1c1e5933c281615aa81f03b5293e0beb007c3525,1,scam_heist,etherscan_labels
0xe4e036af2a2e35933faf8ddfe05ce836e635acc1,1,scam_heist,etherscan_labels
0xb8c3b7a2a618c552c23b1e4701109a9e756bab67,0,contract_or_token,etherscan_labels
0x10b216b200bc164bbd41952174c54b245138b3a7,1,scam_heist,etherscan_labels
0x89f95c20368b96f878c4124eba063a9e5ed8b791,0,contract_or_token,etherscan_labels
0x8fc0324d7a62a47c69e7c186c3a761d2f835aadc,0,contract_or_token,etherscan_labels
0x04ab9fe4ca8d814c2dec3af13909d152d53891f4,0,contract_or_token,etherscan_labels
0x3da908c4d1f5d240139b619f68a37329bc199110,0,contract_or_token,etherscan_labels
0xdf95de30cdff4381b69f9e4fa8dddce31a0128df,0,exchange,etherscan_labels
0x0f95205311216e5ccdda04a0ac4dcd3855ff7536,1,scam_heist,etherscan_labels
0xe3f89003110d03d95d8be221b4f37765a2e70be4,0,contract_or_token,etherscan_labels
0x7baa6923ee2f8231d12c87a90f33f5cb7cb043cb,0,contract_or_token,etherscan_labels
0xe52e551141d29e4d08a826ff029059f1fb5f6f52,0,contract_or_token,etherscan_labels
0xc4dd82ee09dca47823ff36bc78e9cba1cef7ab62,0,contract_or_token,etherscan_labels
0xd653be9b0425710809bea3bf659ccd4f5a6b6850,0,contract_or_token,etherscan_labels
0xc241e1e95c3d29e5dd09919945eee9414c8b9b29,0,contract_or_token,etherscan_labels
0x46e4d8a1322b9448905225e52f914094dbd6dddf,0,contract_or_token,etherscan_labels
0x07626319b650c26b5d81dbfbe4f9d1c0cd24781a,0,contract_or_token,etherscan_labels
0xafa7f30859b5d2c7fd1f42c8a3372ad6b5e03a82,0,contract_or_token,etherscan_labels
0x0acc0fee1d86d2cd5af372615bf59b298d50cd69,0,contract_or_token,etherscan_labels
0xc7175038323562cb68e4bbdd379e9fe65134937f,0,contract_or_token,etherscan_labels
0xf6e15cdf292d36a589276c835cc576f0df0fe53a,0,contract_or_token,etherscan_labels
0x867155c409b67c68268cc63d94664d582117f6fe,1,scam_heist,etherscan_labels
0xf1f3d252be946ee079f02cf577372bdada307457,0,contract_or_token,etherscan_labels
0x1e3478b4b084492f5768a5311d8f2af4b6937e9d,0,contract_or_token,etherscan_labels
0x2cba6ab6574646badc84f0544d05059e57a5dc42,0,contract_or_token,etherscan_labels
0x8427e7ba800ee63d6bc0f98b67e4c6b40e3888ba,1,scam_heist,etherscan_labels
0x6a3b49aeb6976d63a435e43704fd9e10e19a5076,0,contract_or_token,etherscan_labels
0x7d1c433537056d6bbcbcaf38f4af4e277b57c097,1,scam_heist,etherscan_labels
0x2e22a35a29f0ccafe8c6fb935f7d0269f706ea72,0,contract_or_token,etherscan_labels
0x3cffd56b47b7b41c56258d9c7731abadc360e073,1,sanctioned,ofac_sdn
0x2c0e948e304e25edfab058d2ccf1e67109301c28,1,scam_heist,etherscan_labels
0x8fa3a9ecd9efb07a8ce90a6eb014cf3c0e3b32ef,0,contract_or_token,etherscan_labels
0x5d8e4b3b76aa70db7756f9a9d05ab70679194128,0,contract_or_token,etherscan_labels
0x00dcc12d4c67514b0f33d83a5769b78e3d67f6a2,0,random_sample,bigquery_random_sample
0x9ba4f350a6e8841e833dec8da30e3122b824038b,0,contract_or_token,etherscan_labels
0xf1e34d19f63b69eaa70952f2f64f735849959833,0,contract_or_token,etherscan_labels
0x251d79f54e481efc2c7755b226d238225dd8be62,0,contract_or_token,etherscan_labels
0x34e7c8b2d06be9ac769754d3ee689e7baf66e1e7,0,contract_or_token,etherscan_labels
0xb8c0f71c55cf426af8b00b9824842086101066d9,0,contract_or_token,etherscan_labels
0x2b4c91935b73cf6c4dd3755a0abc83819d0f160e,0,contract_or_token,etherscan_labels
0x364248b2f1f57c5402d244b2d469a35b4c0e9dab,0,contract_or_token,etherscan_labels
0x5c0a605aee6da54565c8de998dfa845d611610f4,0,random_sample,bigquery_random_sample
0xab6da28d6e98b9d896498898f66a4dab8c57a59d,0,contract_or_token,etherscan_labels
0x2f93388c8f7aa248824f217d663f226fe24d8c98,1,scam_heist,etherscan_labels
0xc6c6d9c43b64babb62fe9667563122831d454cc0,0,contract_or_token,etherscan_labels
0xe8de2115583b68122ef4ebac11abb738051c42f1,0,contract_or_token,etherscan_labels
0xdd63e6e5478f691ceac143877ceebc556bd3b2bf,0,contract_or_token,etherscan_labels
0xcc033c3bccaf78b9ed7803897ea8b35eecf76fc8,0,contract_or_token,etherscan_labels
0x20b19502374c84a41ed00b74ceb653fdcde468c9,0,contract_or_token,etherscan_labels
0x3a5353ae6ca6d442e385f578ccaea7948bf7576f,1,scam_heist,etherscan_labels
0xc6fab966897c42a2afa2dca51351f28f448839a9,0,contract_or_token,etherscan_labels
0x5a73f63a737281f1d3de6df49371cac0d0ef2adf,0,contract_or_token,etherscan_labels
0x2e81efb546121d0a0c71b5ab0cb7fe553aec4e6f,0,contract_or_token,etherscan_labels
0x3fd8c3b3abb524fe6388e159e9324e0ec035bd1b,0,contract_or_token,etherscan_labels
0x3c34dad27ab51c51dcc0a322ee4f18519d47f3e1,0,contract_or_token,etherscan_labels
0xd0d67d44642247f91ce1f3498b55efa584ce25cf,0,contract_or_token,etherscan_labels
0xb7aff638055ea70c72190939407d4e9f27477338,0,contract_or_token,etherscan_labels
0x70261606a78b1a2550a0678b7b04a02de5c33ec5,1,scam_heist,etherscan_labels
0x563b3d92a0ee49c281ee50324bcd659b2bdba414,1,scam_heist,etherscan_labels
0x04f062809b244e37e7fdc21d9409469c989c2342,0,contract_or_token,etherscan_labels
0xf19ad84e1fa735edfd847a2cee6cbf2f3a686371,0,contract_or_token,etherscan_labels
0xad46e857fcc3c4947bfaeb9ca1fa48d1b6af5bdd,1,scam_heist,etherscan_labels
0x3463255e4a3e54c6b74910f4cfbad03458371f0d,1,scam_heist,etherscan_labels
0x29a9ec67b3b5acb13087c9e6c4022f0e19f9b31c,0,contract_or_token,etherscan_labels
0xacd4ae6abf36817fb89a39fe6c2d3093f41dfcef,1,scam_heist,etherscan_labels
0x1f909b6c6153ea046739d632380db60671fe7f38,0,contract_or_token,etherscan_labels
0xd1b67eb2f98f53accc6caeabf424a2984f2beee9,0,contract_or_token,etherscan_labels
0x3573f876b79eed165ddefd823093131ea930f1b1,0,contract_or_token,etherscan_labels
0x59071a9635d9a7584ea221b776437ed477015226,1,scam_heist,etherscan_labels
0x4f833a24e1f95d70f028921e27040ca56e09ab0b,0,exchange,etherscan_labels
0x17bc418451224760362df0b4c0d5a837f734260f,0,contract_or_token,etherscan_labels
0x2eb14c276ab5313d4a4bbda93c971be9d5cc47be,0,contract_or_token,etherscan_labels
0xfd9d1315cb52eb7bdfe6fb4cab03166ad90a5a7f,0,contract_or_token,etherscan_labels
0xdd2c1d56975a1ddab6dd7b39b20272a3e44c24f2,0,contract_or_token,etherscan_labels
0x2fca03925ee9147473d9b3a4f8a396c86bfc1d80,1,scam_heist,etherscan_labels
0x866bf7692203e7f41d39a363b591a05105d2ba43,0,contract_or_token,etherscan_labels
0xcf4f1243a71749eb15d2630d3aac03c6dcd53bbf,0,contract_or_token,etherscan_labels
0xa5da8cc7167070b62fdcb332ef097a55a68d8824,0,contract_or_token,etherscan_labels
0xef932a8ae41d3b41eaec4407878aeb0ebf81142f,0,contract_or_token,etherscan_labels
0x72a5843cc08275c8171e582972aa4fda8c397b2a,1,sanctioned,ofac_sdn
0x75a7db6d9f95909d37e4ed8eb9a5161a8e1ce694,1,scam_heist,etherscan_labels
0x08b2efdcdb8822efe5ad0eae55517cf5dc544251,1,sanctioned,ofac_sdn
0x47751a18c316d12992ae8134e88eeeb35f862d8f,0,contract_or_token,etherscan_labels
0x127d75c71a2ae93a29917f41d2e3f08a18dae76c,0,contract_or_token,etherscan_labels
0x2945698a4ef578aa533fd2065a9202a3d528fca3,0,contract_or_token,etherscan_labels
0xdf9d033617505d85720c6885859f907be4751240,0,contract_or_token,etherscan_labels
0x7b556f4405120d270a0321ab55cd35b5957cf519,0,contract_or_token,etherscan_labels
0x96248f6305d04c4842df1abba3714036226bf3fb,0,contract_or_token,etherscan_labels
0x916b6fc061b84efc83397440378afd6f598ce15d,1,scam_heist,etherscan_labels
0x0e0b5c0c5a38cef295dbb1366caa683564e31d40,0,contract_or_token,etherscan_labels
0x405b2f091390afd2313405415fa37a4c0e42646b,0,contract_or_token,etherscan_labels
0x660f30293df5e2506b6a2e09ce64c1454eebd9a4,0,contract_or_token,etherscan_labels
0xffbf733d74e7b6db32f04ee7867ae7fa75797f80,0,contract_or_token,etherscan_labels
0x4d4629567309a78f8221394604cfa70be4dd5d31,0,contract_or_token,etherscan_labels
0x2bec22bcc305a54aae694eec02d8230476a7e298,0,contract_or_token,etherscan_labels
0x4153f219baa429fb2b606c9a29db8a67daeca9c0,0,contract_or_token,etherscan_labels
0x3e5da3bfa44aeb5434b9255c86b66e3f27e6041b,0,contract_or_token,etherscan_labels
0x72e59c7d329e123225c2d5cadcb24c81695a9631,0,contract_or_token,etherscan_labels
0xa4118f24dcf80d1b3c08b12ad9bd83ccb5c3d03d,1,scam_heist,etherscan_labels
0x2f8ac927aa94293461c75406e90ec0ccfb2748d9,0,contract_or_token,etherscan_labels
0xf684f3ef7f5ec6b0d9e41b81db53e0869090607b,0,contract_or_token,etherscan_labels
0xfe308fe2eb938f772807aec2e87fc762d47c40e0,0,contract_or_token,etherscan_labels
0x21c09c55af2643023efe8775ae20dd23a53585ab,0,contract_or_token,etherscan_labels
0xb7b4c1555f3d795e373c4d1e7e763d446efa632d,0,contract_or_token,etherscan_labels
0x0931ca4d13bb4ba75d9b7132ab690265d749a5e7,1,sanctioned,ofac_sdn
0xf55c33d94150d93c2cfb833bcca30be388b14964,0,contract_or_token,etherscan_labels
0x07c83d42c835ac1b56a02fec4788a456116e5453,1,scam_heist,etherscan_labels
0x63d364fdabe9d768b979249f0969f20956e0a324,0,contract_or_token,etherscan_labels
0x27b9ab2a60e7c53d77fbae77ce19c2d673dcf0d0,0,contract_or_token,etherscan_labels
0x55232f2b42d8d63114a3e7a65b822e692a18d61b,0,contract_or_token,etherscan_labels
0x07da95e0c7f0b399a6383f76a8301847340aeefb,0,contract_or_token,etherscan_labels
0x5f752aa9e748ffc007a15b7ca0fad8f2127f186c,0,contract_or_token,etherscan_labels
0xdbdb92203674123b06dd8501713db2190c80a567,0,contract_or_token,etherscan_labels
0x94eaa5293beb092345c09e9ab998d1266eaeabb0,1,scam_heist,etherscan_labels
0xc1cd89de0a00449b0adefc8c6f0ee2d63b996a7c,0,contract_or_token,etherscan_labels
0x2fdd18addfd101e1eeed5351e271f4209d33d64d,1,scam_heist,etherscan_labels
0x432081ef9aa1b8503f8c7be37e4bb158a0543da9,0,contract_or_token,etherscan_labels
0x972dea762328d5001a543c6723f1d099f92917ba,0,contract_or_token,etherscan_labels
0x9a43e689dbe8f60ec12ba899d58b94a14d852e37,0,contract_or_token,etherscan_labels
0x34e63550284a4918b9a2e4999b5532d4458b78cd,1,scam_heist,etherscan_labels
0xb4bd3e90f69cb6161009f71a336aa32c07689c15,0,contract_or_token,etherscan_labels
0xdfed7d965060b8c1b35d3cd1e7efcddbd3a1bd6f,0,random_sample,bigquery_random_sample
0x3cdabfa5d5b591c4e3967170ab114af1aa182d09,0,contract_or_token,etherscan_labels
0xee260a40c5ad00900501944973f4693447f7b384,0,contract_or_token,etherscan_labels
0xf5ac9a9b86b38a11f6e516000c9e956fd71792fd,1,scam_heist,etherscan_labels
0x0bb50ed8033e7a09666bed9b99b48fc70ffc1f5c,1,scam_heist,etherscan_labels
0xecd90c0ac4b7b385bf62c402f7b9054ad92d6455,0,random_sample,bigquery_random_sample
0x7389dadede74437b38be81c2893a1614d31ddc40,0,contract_or_token,etherscan_labels
0xd11684e2ea44128c26877376cb75b9c36e8381dd,0,contract_or_token,etherscan_labels
0x490bd0886f221a5f79713d3e84404355a9293c50,0,contract_or_token,etherscan_labels
0x32628378610e7af878b3a2093b12476e4c74750a,0,contract_or_token,etherscan_labels
0x61b9bd60320702f61a184a5207ab4975409ce6c2,0,contract_or_token,etherscan_labels
0xf238ba99762b0186a701d69a2d6a98e5c184c3bb,0,contract_or_token,etherscan_labels
0x7705c572d9cc824fba4e4efb40f00916534396d9,0,contract_or_token,etherscan_labels
0x3c526aa0cdced94f6e42acd8e18944b64ac3577d,0,contract_or_token,etherscan_labels
0x9c45bce7c51d3900d6cb7025eea9c3b0675c65c4,0,exchange,etherscan_labels
0x43f19752d34361075cdb88f0720982c2bcb109a8,0,random_sample,bigquery_random_sample
0xf85baccc3e7fd4b6a49818fc46503bb51539d554,0,exchange,etherscan_labels
0xbcb42948c56906ead635fc268653ad5286d8b88b,1,scam_heist,etherscan_labels
0x088d23891f85b3121def8e03a09d69258d8cef3f,1,scam_heist,etherscan_labels
0xbdab2d0a745c199649f9ca75cd25b352612094fa,0,contract_or_token,etherscan_labels
0xbddf5c35b183a30b946d0b54010b9d5c860ffae4,0,contract_or_token,etherscan_labels
0x9993394163143753772762420182519402245679,1,scam_heist,etherscan_labels
0xe832c854e94895e1ea3803713655cdbfd9eff5bb,1,scam_heist,etherscan_labels
0xd3bbb7fb340c0ea4c0c0b60f35a6ac2b116679e3,0,contract_or_token,etherscan_labels
0xa8c98f5a6086ad745e3cd84795ed0b155520ddb3,1,scam_heist,etherscan_labels
0xf5b9549defdd3a55856888d5fe8765ac80cab1f6,0,contract_or_token,etherscan_labels
0xf9352fa25cf27b608f26fc8983108e5b397946ef,0,contract_or_token,etherscan_labels
0xff6984b9b960b7c666ec3952a7317310e696346c,0,contract_or_token,etherscan_labels
0x0793abfa775c797b67b45ee303ca6d9c5e264850,0,contract_or_token,etherscan_labels
0xea25bdbd84ca045b631712e0404916b3f770f159,1,scam_heist,etherscan_labels
0x4154aeea3ff0cd0dcef29f719565bb92a3e7fdae,0,contract_or_token,etherscan_labels
0x2481be8425f4e1750cdf50d72183c56c58565898,0,contract_or_token,etherscan_labels
0x7a6a532d0b032d814a71f8a07356a0bbf9d87b26,1,scam_heist,etherscan_labels
0x24b53216f55e01302665bdde851252c27e801ceb,1,scam_heist,etherscan_labels
0xb6c4f09dcb63c3bfff3089f0872afe86fd4043b9,0,contract_or_token,etherscan_labels
0xdc9458abc9130f6ddd703f8f76e89e0ff1a41ec6,0,contract_or_token,etherscan_labels
0x5311b0bfd1eb656522ef75ea4d22ce8bcfa6fd42,0,contract_or_token,etherscan_labels
0x932348df588923ba3f1fd50593b22c4e2a287919,0,contract_or_token,etherscan_labels
0xba3fc917bffc3b2e4c343b32c5655a126e8d3327,0,contract_or_token,etherscan_labels
0x47de4e96f2366ba4eab132da944ac8e49f59cfb9,0,contract_or_token,etherscan_labels
0x1cd9c0bc81e697bde9e7afa8df3afbb0ed497367,0,contract_or_token,etherscan_labels
0x11fa84cd309d534e3b0d8b0daaa5c3313374a4e2,0,contract_or_token,etherscan_labels
0x9d90656dcf631202f8f6ba275938b516ccc24a5c,1,scam_heist,etherscan_labels
0x170c7c38419767816cc7ec519da67d1a4dc43826,0,exchange,etherscan_labels
0xd85ba8ec3ff082ea5cdef3d32849c9659493ccc7,0,contract_or_token,etherscan_labels
0x64c5cc449bd253d7fd57751c9080accd0216126d,0,exchange,etherscan_labels
0x04805da9effa7dee29b351b43d2240b6b93bac72,1,scam_heist,etherscan_labels
0x43e1505e315be6c8b875a37f7d8753ba84140a37,0,exchange,etherscan_labels
0xa0a98eb7af028be00d04e46e1316808a62a8fd59,0,contract_or_token,etherscan_labels
0x43fd7c3427a274fa96a76289dbb7bdd37ba8ec57,0,contract_or_token,etherscan_labels
0xb72b8bb10a66473a53087fdf7c835fe0bed1f989,0,contract_or_token,etherscan_labels
0xdb46c277da1599390eab394327602889e9546296,0,contract_or_token,etherscan_labels
0x69c6dcc8f83b196605fa1076897af0e7e2b6b044,0,exchange,etherscan_labels
0xb651bb2e04ae563aa9e6887dd92c84705902f075,0,contract_or_token,etherscan_labels
0xa8bc43636ed126265c7d15b1a0f62ebf779cfaac,0,contract_or_token,etherscan_labels
0x3c6af215579ae2d78ee9b253d99fa6eb63bbabd4,1,scam_heist,etherscan_labels
0x51a5d2c9e91df18af3cbbdc7715f0df609260815,0,contract_or_token,etherscan_labels
0x77696bb39917c91a0c3908d577d5e322095425ca,0,exchange,etherscan_labels
0xf01c4300c9e8806c39c55296783dce097c622bfc,0,contract_or_token,etherscan_labels
0xe2c1c3fd3e5d67473dbe01fc9cf8f73624f778bf,0,contract_or_token,etherscan_labels
0x41670980812b8dc121cc93292dcedf6336d1af44,0,contract_or_token,etherscan_labels
0x8d5685e2616892a7350738a8d904e873216cf658,0,contract_or_token,etherscan_labels
0xbf8722f17e8017c96389c20b41ecb62e1f34e4bd,0,contract_or_token,etherscan_labels
0x66a7d781828b03ee1ae678cd3fe2d595ba3b6000,0,contract_or_token,etherscan_labels
0xce6e68d39d3c7c233be493e3bbc60c6660964ed1,0,contract_or_token,etherscan_labels
0x927b9ba36bf3b279ca0e592ccfb27f2c4cf6932e,1,scam_heist,etherscan_labels
0x3bfca4fb8054fa42da3e77749b21450a1290beed,0,contract_or_token,etherscan_labels
0x85052a3e3592886df9bb7b3df90080bf27d591e5,0,contract_or_token,etherscan_labels
0xb2ec16a0bd329da8fd67e3c00b64f74e42c10182,0,contract_or_token,etherscan_labels
0x2abacbc859cf66efdcb69f7bc7116f42183f0109,0,contract_or_token,etherscan_labels
0x902d58a84af3ac8d9d384393be6c21449a6fd40b,0,contract_or_token,etherscan_labels
0xd386bb106e6fb44f91e180228edeca24ef73c812,0,contract_or_token,etherscan_labels
0x47222b01327101746b87074f9b3cedce930f1918,0,contract_or_token,etherscan_labels
0xdab6d56915d36060c8d6cf29a7a84910da614603,0,contract_or_token,etherscan_labels
0x4339427353de71337cc15518dacf64c6ef0521d7,0,contract_or_token,etherscan_labels
0x53b0a526e67aec8f151297f8b6b20d0d8a7b9129,0,contract_or_token,etherscan_labels
0xf6fbde7db5d61b46eb4ccd8f17d920c75f1d89f3,0,random_sample,bigquery_random_sample
0x7f3e911184adc4b7f6e6a737c2ee145ba9fe6825,0,contract_or_token,etherscan_labels
0x6289fd70d3dce8de61896959cdefcff3ce46a108,0,exchange,etherscan_labels
0x5745ec394f7703b086132fd23adbe80dad0d9c30,0,contract_or_token,etherscan_labels
0x3b63a353c996a2c0a7beadd8a9052a04ca8d7a5c,0,contract_or_token,etherscan_labels
0x3a107d99e03214cbbf473602ee3cf2e7210361d1,1,scam_heist,etherscan_labels
0xb18a741d176113abdcd7562b15a320133bf30023,0,contract_or_token,etherscan_labels
0xb9cb7f95139001470cd480d0eaec83b5d8fd5dc2,1,scam_heist,etherscan_labels
0xb9e4b63716252ec73dc43c545bfd58d18f040251,0,contract_or_token,etherscan_labels
0xa35fdd9dd4da2f4d212a8aa409218059a0d7dfee,0,contract_or_token,etherscan_labels
0x6834777560485fc47cddbf68df6868bc05955422,1,scam_heist,etherscan_labels
0xbfedbcbe27171c418cdabc2477042554b1904857,0,contract_or_token,etherscan_labels
0x4465c4474703bb199c6ed15c97b6e32bd211cf9d,1,scam_heist,etherscan_labels
0x6295bdc38a77a5b1c78b00fea195e78e34f2bbfe,1,scam_heist,etherscan_labels
0x5c5f29da63f873ee3028f56957b4e8798854a3d4,1,scam_heist,etherscan_labels
0x97a4e7e40f4c3219851f4a99624a30fcf5978224,1,scam_heist,etherscan_labels
0x631aac23d60c8a1ef3ded7980cbfe79735d19d75,1,scam_heist,etherscan_labels
0x838667fa5628a767df6936c13f8e398de63a5c4c,0,contract_or_token,etherscan_labels
0x133cb5cf617a33f5d02cffff579435776ef29fb0,0,contract_or_token,etherscan_labels
0x2e7542ec36df6429d8c397f88c4cf0c925948f44,0,exchange,etherscan_labels
0x1358c8ba125ed1380357f60a9fa5876456f354e2,0,contract_or_token,etherscan_labels
0x5a59fde264a0c0dcc5ba57b77c49dd39dc6292de,0,contract_or_token,etherscan_labels
0x5f70bdc4351ab05244a06a049dad569c2efba8bb,0,contract_or_token,etherscan_labels
0xeeaada931d5df3e8e59e5627650bd783281ceae6,1,scam_heist,etherscan_labels
0xcb74874f1e06fcf80a306e06e5379a44b488ba2d,1,sanctioned,ofac_sdn
0xb3e63ce01549bf9b6e3376986b794fb92ca08e48,1,scam_heist,etherscan_labels
0x5db355810609eda17bbacf9b0ad32bd0fb92169a,0,contract_or_token,etherscan_labels
0x05023a3ca34808fc83eff02ca8f275249d5a3b74,0,contract_or_token,etherscan_labels
0x19bb24cfbbd87bf3add4b2caba5077d0b8da6d99,0,contract_or_token,etherscan_labels
0x432f3ceb6644f3565781933a3003af8f08afcf2a,0,contract_or_token,etherscan_labels
0xbb46e19b490c5611ab6e96f88529d26a6a8e0329,0,random_sample,bigquery_random_sample
0x4ab362974d6077e35fd9c0009ca40f012a2daf2c,0,contract_or_token,etherscan_labels
0x28bfcf4385c8d32566d8a89a64b7c1e079cb81e6,0,contract_or_token,etherscan_labels
0x32b9e4e93f9c7eae4d114f98e6b9c44215ac8017,1,scam_heist,etherscan_labels
0xea2dba69d041560d69e4eef8aeaf58006f370487,1,scam_heist,etherscan_labels
0x249fb41e0c47091f9d58e3ed74aca7be7f9d6d31,1,scam_heist,etherscan_labels
0xcc3b5388fd7db569af5be2b0334bba15cd68cd1f,1,scam_heist,etherscan_labels
0x2f209e9b11e76c6de4fe4ac951ce623ee56a8e3f,1,scam_heist,etherscan_labels
0x521f341abf97e15038bc439a31ca6690d80451ed,1,scam_heist,etherscan_labels
0xc8cd6d095b05a2902609434b2c0627a2dd92b122,1,scam_heist,etherscan_labels
0x90e9ddd9d8d5ae4e3763d0cf856c97594dea7325,0,exchange,etherscan_labels
0x05960603414aede02007455590fb1f4551db80c5,1,scam_heist,etherscan_labels
0xda9e8026fbde7d44d7e9268d6e2efd76033a49c7,1,scam_heist,etherscan_labels
0x6201b8ec0cd3c29826bbbf1ca89924e42e0f6db4,0,contract_or_token,etherscan_labels
0x8d9a1fefeae9c45be772d98587ad8584004abc6a,0,contract_or_token,etherscan_labels
0xfa212fedc642b8d47b9e4eadca44f61320d7487f,0,contract_or_token,etherscan_labels
0x881897b1fc551240ba6e2cabc7e59034af58428a,1,scam_heist,etherscan_labels
0xe537b5cc158eb71037d4125bdd7538421981e6aa,0,contract_or_token,etherscan_labels
0x089b66c74a355c78f07a75dd2efc6547c3a00e99,1,scam_heist,etherscan_labels
0x8ce0b6ac170586e741c302b58ccb31e0a78be420,0,contract_or_token,etherscan_labels
0xa9db43385d1d8e45f0f9a6a3e8bdda18668e7f33,1,scam_heist,etherscan_labels
0x9b6a2f0a9e892e540b2a58a330d634dad1e208b3,0,contract_or_token,etherscan_labels
0xe962a5a3f43f8b444097f2f94d88cf1499f787d4,1,scam_heist,etherscan_labels
0x795b52c602daffd715b6d5ef8c593c99896870a5,1,scam_heist,etherscan_labels
0x625b7df2fa8abe21b0a976736cda4775523aed1e,0,contract_or_token,etherscan_labels
0xfec1b940b643d91a127c9b8be7e1d6f82029f81f,0,contract_or_token,etherscan_labels
0x01a1ef4a64f8c25ac6e4913512dabac382fd2954,1,scam_heist,etherscan_labels
0xf7c3bdc804bf95652f09a472702b0ceb867b0593,0,contract_or_token,etherscan_labels
0x06a71c014118140d2e259f91f5e23b70829d9e7a,0,contract_or_token,etherscan_labels
0xd3d5a9fc1c284167ed8306115451c15521c17a23,0,contract_or_token,etherscan_labels
0x76fe4dbeeb24c9c3375301eb6cf9b48126fb92da,1,scam_heist,etherscan_labels
0x8734ca20377eb4a2241e8d059aaa7fdd354685a7,0,contract_or_token,etherscan_labels
0x1595e7446c74d1d3804fc04fb9bed60b40012bc8,1,scam_heist,etherscan_labels
0x1147017fc90ec1d106a104c5e98027081beb3693,1,scam_heist,etherscan_labels
0x97bc5385530066b87ead0ba0e927b8512c0b2aa7,0,contract_or_token,etherscan_labels
0x05f59c96d8a8660eb65a839117740c4f1ec6679b,0,contract_or_token,etherscan_labels
0x4fdd5eb2fb260149a3903859043e962ab89d8ed4,0,exchange,etherscan_labels
0xfe7f6780a3c19aef662edd7076f63c2ae99a2196,0,contract_or_token,etherscan_labels
0x8287913adfa69adca06beb00deab68a99c9e8d46,0,contract_or_token,etherscan_labels
0x7beb48dcfc6698a32a630c8aa4291bd1c26937a7,1,scam_heist,etherscan_labels
0xb27b6ee9ccdc84e59e1319cfaca8ea655617cc04,0,contract_or_token,etherscan_labels
0x60acad545aafefcbd5ec6f07386788473b1d0d9c,0,contract_or_token,etherscan_labels
0x14bd90a61e490b083d2de0443b55777a8617e695,1,scam_heist,etherscan_labels
0xf236fc137ead6285f4165fdfbbbb07be46d1fc9f,0,random_sample,bigquery_random_sample
0x0801f5d34d956259a03c89bbb466bcd445a7189d,1,scam_heist,etherscan_labels
0x6a9d60fcbc99e8619c62db72dc4d9c5f937e6256,0,contract_or_token,etherscan_labels
0xb2f32a94327db0ba721427a060074c9f96ebbd28,0,contract_or_token,etherscan_labels
0x6b8c6dfc59eae59a66aafc4f92b7faa2760855f3,1,scam_heist,etherscan_labels
0x1c26b50378f12f56a79765bb7cd7beb7da837ae5,0,contract_or_token,etherscan_labels
0xd4ead37de2c50fd41bafbc07387445f58c32203e,1,scam_heist,etherscan_labels
0xcdcaf13ffe036c63efadc6c0f464c353c61dbe31,0,contract_or_token,etherscan_labels
0x78ba4090d442ef7a4b9cc09828fd5ea4d6ec843f,0,contract_or_token,etherscan_labels
0x46eda2f5053af17bb579f8d777ee5f4eda095ef2,0,contract_or_token,etherscan_labels
0x0c7fc8afaca82339104ab7611c0bbb9641b2588a,0,random_sample,bigquery_random_sample
0x0c9c359ffb8788ea3458fbdfd5d59c45941425f9,0,random_sample,bigquery_random_sample
0xd737add3db989f171058d66d4e2f588d74247b1a,1,scam_heist,etherscan_labels
0x413beaf25a73db58acd7b661dac0d4fbb1c1bbac,0,contract_or_token,etherscan_labels
0x1df102d7a632447c602b992d0a0d763a245ac70c,1,scam_heist,etherscan_labels
0xe2cefefe6bf96585ee198c65d75c6f70a4d4767b,0,contract_or_token,etherscan_labels
0x506be28b9a29a89310f1d53301f4121b59bd4fbe,0,contract_or_token,etherscan_labels
0xea9a22b7a68f8b89f28e8168ef935baa9d60c264,1,scam_heist,etherscan_labels
0xbf95d0d1ab72bce873928928942e1bdba24aa588,1,scam_heist,etherscan_labels
0x470c5541aaf245c8394fae7e904212f19a13a8a4,0,contract_or_token,etherscan_labels
0x0405049ea3757f60a43a4bdfdedf498034841fac,1,scam_heist,etherscan_labels
0x008cf140b21e1e56ddc010546051dbfa9ebc9ec6,1,scam_heist,etherscan_labels
0xb2824c284ee63cafc79eb6eb28114e2978d85539,1,scam_heist,etherscan_labels
0xe41876a12432fde8005953a3bad0861b86fe9767,0,contract_or_token,etherscan_labels
0xc46b1e4126c703360b7a8b9914b51e03a53fe344,1,scam_heist,etherscan_labels
0x9a9b54708a2300c5d29bade3d60193fb2729fd7c,0,contract_or_token,etherscan_labels
0xbf0fbd1b5ec74f5cb48632129172657839b3cbaa,1,scam_heist,etherscan_labels
0x21137596deee2b1a137adcc7986fa30f05ec630d,0,contract_or_token,etherscan_labels
0x315e6a6687c7a31a1d9cc931c8dc8e7a7a72b2cb,0,contract_or_token,etherscan_labels
0x5cab7692d4e94096462119ab7bf57319726eed2a,1,mixer,etherscan_labels
0xff194e99e1e945fbff38907c9ec9fdb0bab1ef36,0,contract_or_token,etherscan_labels
0xd4c1f57958b55f7bfba7cd877ee44c93b9ce3c14,1,scam_heist,etherscan_labels
0x78480a74ee083c2f6bf707430202064d00209df0,1,scam_heist,etherscan_labels
0xe79ee4b575aca0cf8e88d3fef3ce7243f16417f6,0,contract_or_token,etherscan_labels
0x195b2ed7dfb2bb19c63b8b06677d46934c0c4eea,0,contract_or_token,etherscan_labels
0x095757776565bb611013d768fc53a78aec3731a6,0,contract_or_token,etherscan_labels
0x8d749cba2ef8b2efb6ed91aba784f7c1dd9ebae9,1,scam_heist,etherscan_labels
0x498766fcdb82c28735294a110ccd378c39388307,0,contract_or_token,etherscan_labels
0xe02e8ddecbe302ba1a40107c726e3ee889b0ff10,0,contract_or_token,etherscan_labels
0x80d681ef307f906218f205830ee0c39c5faa14e1,0,contract_or_token,etherscan_labels
0x5e00e9dbc7e7484fda6dbf9d1ff633ba90c3c8e8,1,scam_heist,etherscan_labels
0x02f2e294b1d3cf1ae1a938d8144cc5caf424b9ab,0,contract_or_token,etherscan_labels
0xf7a57968603d5b509083a143a2471bc350f240ff,1,scam_heist,etherscan_labels
0xd8c620991b8e626c099eaab29b1e3eea279763bb,0,contract_or_token,etherscan_labels
0x25c6459e5c5b01694f6453e8961420ccd1edf3b1,0,exchange,etherscan_labels
0xe7a70bc6f94dac32ab5a5d6c2d9964254348e5dd,1,scam_heist,etherscan_labels
0xf0cc14c08842bfb575473f95e3c08dc20ba147d5,1,scam_heist,etherscan_labels
0x86632848578699919df3944fba490a614ed762a3,1,scam_heist,etherscan_labels
0xca4b0521d219543be08ea0e743f12ab3620a3c99,0,contract_or_token,etherscan_labels
0x1967d8af5bd86a497fb3dd7899a020e47560daaf,1,sanctioned,ofac_sdn
0xab5c66752a9e8167967685f1450532fb96d5d24f,0,exchange,etherscan_labels
0x5b6ac51d9b1cede0068a1b26533cace807f883ee,0,contract_or_token,etherscan_labels
0xcf714cb20d1cfca84631ecfd9031dd1b840dd436,0,contract_or_token,etherscan_labels
0xa74efff23db2e8ab4628cce27a884c7593841acb,1,scam_heist,etherscan_labels
0x3c70eafffccbac4eb16a91f42f3bab2e74b8ca56,1,scam_heist,etherscan_labels
0xbd2a43799b83d9d0ff56b85d4c140bce3d1d1c6c,0,contract_or_token,etherscan_labels
0x94e502337e7effcd17f19f750841e59080e4b0cf,0,contract_or_token,etherscan_labels
0xd25d447b35213e23b6a1f402c203d491ed7a89c8,1,scam_heist,etherscan_labels
0xa26d16a21805b14b2977555ffdea34e5e6fc43ba,0,exchange,etherscan_labels
0xb2e394367537d6e9139212c807674885162ae0c1,1,scam_heist,etherscan_labels
0x37c47f88b87fd4bb1f1fc2772e42cff4e32798da,1,scam_heist,etherscan_labels
0x51a2b1a38ec83b56009d5e28e6222dbb56c23c22,0,contract_or_token,etherscan_labels
0x694208f12c6bff64c4aba19a16dd444c4e2b4ada,1,scam_heist,etherscan_labels
0xb72f4306faddaca030e5305090159cacd111c630,0,contract_or_token,etherscan_labels
0x134228035d506e72e46f4a121598d2b9b2b94f36,1,scam_heist,etherscan_labels
0x0d2a826316af6392de98030926fca80e4ef31a2c,1,scam_heist,etherscan_labels
0x0db219638310498ae42c9330711aa25204a6f811,0,contract_or_token,etherscan_labels
0x03f34be1bf910116595db1b11e9d1b2ca5d59659,0,contract_or_token,etherscan_labels
0x5861b8446a2f6e19a067874c133f04c578928727,0,exchange,etherscan_labels
0x3f3e48e7cd696a1a45fb8e9b669b194b255713f0,0,contract_or_token,etherscan_labels
0x2958f0474c614e45b0c53bd462dc8be65ee9b65e,0,contract_or_token,etherscan_labels
0x35381c233fbddaa2853581ec7cda95f4ca86b1d8,0,contract_or_token,etherscan_labels
0x520d25b08080296db66fd9f268ae279b66a8effb,0,contract_or_token,etherscan_labels
0x983dd5dc5a99ec27bb850b865ca99407b38722bf,0,contract_or_token,etherscan_labels
0x3e321ca0230a7d0b20a2c3b56eb0853fae1dd06b,0,contract_or_token,etherscan_labels
0x04444d365324134e58104b1d874d00dc68dcea53,0,contract_or_token,etherscan_labels
0x5197fbe1a86679ff1360e27862bf88b0c5119bd8,0,contract_or_token,etherscan_labels
0xd9f3f702db5d4fe3fcdb70e396c1e4f4cde24315,1,scam_heist,etherscan_labels
0x43b7bb5b7937fe1462b6dfefdf436a4b98fe3f91,0,contract_or_token,etherscan_labels
0xf79a07cd3488bbafb86df1bad09a6168d935c017,0,contract_or_token,etherscan_labels
0xa7672e9d03cbf3a60941142c2c44cb16b28a4eba,0,contract_or_token,etherscan_labels
0x89864fd25d470539ff7e0000c8feaf036586b30b,0,contract_or_token,etherscan_labels
0xd4c5420261cd40cd5521f68ab6ee7be403ee05a4,0,contract_or_token,etherscan_labels
0xb1dcd6af51486c8eecc8b91f52d09ff99c077d38,0,contract_or_token,etherscan_labels
0xdef1ca1fb7fbcdc777520aa7f396b4e015f497ab,0,contract_or_token,etherscan_labels
0xf871a502bd112564587059b63bd440288bdc3a92,0,contract_or_token,etherscan_labels
0x0a98fb70939162725ae66e626fe4b52cff62c2e5,0,exchange,etherscan_labels
0x5cd541c85bc0b22aaa12be83a59173df4a8a580c,0,contract_or_token,etherscan_labels
0x0d0029ecc3775823dcb8e35b6cfe6841faa59cb9,0,contract_or_token,etherscan_labels
0x9adac6b9374ec6ec4adeb818f8422fc33f26c124,0,random_sample,bigquery_random_sample
0xa6ee95272e995c6b07b9453fe00cc916a02d8055,0,random_sample,bigquery_random_sample
0xbfbef73ebed3a50b369969149ebb6cd18d4396ec,1,scam_heist,etherscan_labels
0x6c305fbb4bd2e3b8d130694beb16f1561443203d,0,contract_or_token,etherscan_labels
0x6ce45998dfe3e4aa818b86a068cd2ee1606bd997,1,scam_heist,etherscan_labels
0x294b9b133ca7bc8ed2cdd03ba661a4c6d3a834d9,0,exchange,etherscan_labels
0x4d6df0caff4b257ae76cc705c7f27a5107ae6005,0,contract_or_token,etherscan_labels
0x198661e9edbaac9ac801660851a7771c882e1320,0,contract_or_token,etherscan_labels
0xcb2acb0235a6faf1a4e29586f881492ebae5a748,0,contract_or_token,etherscan_labels
0x3e56a967ed70567af31f2db22bd66d159344a1e8,0,contract_or_token,etherscan_labels
0x3faff200146104e09a6d2a05cce92bbd581deb7e,0,contract_or_token,etherscan_labels
0x0577a79cfc63bbc0df38833ff4c4a3bf2095b404,0,exchange,etherscan_labels
0x91a956e2559dd63e70910cfef5953b53f95e90a6,0,contract_or_token,etherscan_labels
0x9cdd329413332e2100816dc485e1d0205d8007c4,0,contract_or_token,etherscan_labels
0xd75ea151a61d06868e31f8988d28dfe5e9df57b4,0,contract_or_token,etherscan_labels
0xc7b1162ca743b0c95d1d5690dd4d74688ecfd7c8,1,scam_heist,etherscan_labels
0x54b8d105aa09342fad6b352d41a0bad3e1a9aa9d,0,contract_or_token,etherscan_labels
0xf0a125c2b1a118a7f4235ca840a6a1108444316e,1,scam_heist,etherscan_labels
0x7176582dd090bb346686ccb5a918409f2ef654e8,1,scam_heist,etherscan_labels
0x8fb8d09768ea0247457aa7f379c7b4cd459e808e,0,contract_or_token,etherscan_labels
0x53bb862238b852f387c3f8b8008e4622548e82d1,0,contract_or_token,etherscan_labels
0xc33ea7a8c05031365d22542f8feeb35e909f0bd1,0,contract_or_token,etherscan_labels
0x7510c5b56cdaaddb7c9f76a547b3f2549bfca9b6,1,scam_heist,etherscan_labels
0xab7070c0a00bd2150c2f8c481907001fe66a8397,0,contract_or_token,etherscan_labels
0xd92beb205ee5071e67359ef0753542cface4c7ce,1,scam_heist,etherscan_labels
0x36d6498157007b9a8b359f7db9910529e7ff5917,0,contract_or_token,etherscan_labels
0x5e4294b5debce6db32815c41319fd0ac7361f520,0,contract_or_token,etherscan_labels
0x77f22e4ef0b023c0ef1d835e17eae40cb4f1a636,0,contract_or_token,etherscan_labels
0x13b4e693347a1c7bd66808e20a93e474bd672987,0,contract_or_token,etherscan_labels
0x52d611146dc3ea66aea7f047e6c181c7f142e198,0,contract_or_token,etherscan_labels
0x22ff777ef6fe0690f1f74c6758126909653ad56a,0,contract_or_token,etherscan_labels
0xca54c398195fce98856888b0fd97a9470a140f71,0,contract_or_token,etherscan_labels
0x4fcc90d39e7629bc0df76a63bdfcaa2e3958637c,0,contract_or_token,etherscan_labels
0x3613ef1125a078ef96ffc898c4ec28d73c5b8c52,0,contract_or_token,etherscan_labels
0xf201e5e5ec18d653e3e3124676aeec8b330e8fc3,1,scam_heist,etherscan_labels
0x987d7cc04652710b74fff380403f5c02f82e290a,0,contract_or_token,etherscan_labels
0xba35c5a72de302eaaa130c28d5576670bd14358b,0,random_sample,bigquery_random_sample
0x3f98a2102a746d6bcc55ad59e580a2534db32692,1,scam_heist,etherscan_labels
0x513d5f1df52eb1b70ffe6b89f3685920fc6c5d89,0,contract_or_token,etherscan_labels
0xa69e2d058d50394cc3b4f1a1aacb41e6809d4be9,0,contract_or_token,etherscan_labels
0xe7843c8bb30775d71f8b16dc1e79763c7e5c9eb1,1,scam_heist,etherscan_labels
0xbba8120b355bc70e771f28e151a141a126843cdf,0,contract_or_token,etherscan_labels
0x4a6a53dea949624bb3ee52d5fe4127a19607f816,1,scam_heist,etherscan_labels
0x519ce2aa599c939bd562201887e427fae4453fe6,1,scam_heist,etherscan_labels
0x6e40895e8baffabeb0ff0808d513021323d4a0fa,0,contract_or_token,etherscan_labels
0xd78320039371b570a9825b130e89a61ac1397c9c,0,contract_or_token,etherscan_labels
0x40598bbff82cd0141ebb38161b7045fb893fecdd,0,contract_or_token,etherscan_labels
0x309a91551af0e923c0cf545898cafafd4972fbc3,0,contract_or_token,etherscan_labels
0x8b77b979db3e51bbcb881a241979a8896c605b00,1,scam_heist,etherscan_labels
0x8bcc8b928890e5c8cd4e893309ea1df8bb8209d3,0,contract_or_token,etherscan_labels
0x7196fb7f9f1dda42b142db8cfebc28ec77a3f2a5,1,scam_heist,etherscan_labels
0xfa6de2697d59e88ed7fc4dfe5a33dac43565ea41,0,contract_or_token,etherscan_labels
0x4b51e86848fa2fb0f30375bf88d2e56249fb9479,0,contract_or_token,etherscan_labels
0x10d52b29aba090870661f1715138e3718e7b39ba,0,contract_or_token,etherscan_labels
0xdb33045fc0023c242531472dcc2c8bc4572eae3d,1,scam_heist,etherscan_labels
0x06044b5359d8df7886366c22c61c7ecd29becac7,1,scam_heist,etherscan_labels
0x337a66f4310edc9fe07bdc97d696c23b5ec6370f,1,scam_heist,etherscan_labels
0x30322d99ce062c9e7f1e6d04393c4da0f64f25cd,0,contract_or_token,etherscan_labels
0x34a99cb066777495ad8ff3def0c39bdec72adae3,0,contract_or_token,etherscan_labels
0x933437c9bc90c151a037931941c05db872960dac,1,scam_heist,etherscan_labels
0xcbf5d485346a117e42944265d2e087025f5e6529,0,contract_or_token,etherscan_labels
0x8cc94ccd0f3841a468184aca3cc478d2148e1757,0,contract_or_token,etherscan_labels
0xb810ade0a9e47abf58c1eb1173461aff07256552,0,contract_or_token,etherscan_labels
0x00eeaeb30fdf71089b448aae058be9d039fe8901,0,contract_or_token,etherscan_labels
0x6318a23032fb9e8fa9c32f5aec7be939a704a950,0,contract_or_token,etherscan_labels
0x99fb1d8e4fa34961a0af6234f5254b238c3f06c0,1,scam_heist,etherscan_labels
0x2d32b996e62853e8773fcdd04a74fa2d1700354e,0,contract_or_token,etherscan_labels
0x834202f427859cd3e5a874844081add454d2b387,1,scam_heist,etherscan_labels
0x5ae4e55c2389548032328916a0b3d390c1e48cfd,0,contract_or_token,etherscan_labels
0x3f3e8375d77bf9731bda7307b1ff6aeb193af53f,0,contract_or_token,etherscan_labels
0x4745e902a6bef9d044c0ff89b0c2ed6877c2a137,1,scam_heist,etherscan_labels
0xf73f2d2b55c499ab3e85ad0633433969a8745b96,1,scam_heist,etherscan_labels
0x5cf09a7a69aae368aef6f355c286c68510951633,0,contract_or_token,etherscan_labels
0xff16cd160d655a728f2898e8ef1bea8bcf9893d0,1,scam_heist,etherscan_labels
0x4870100c900dfcd8b8f3bc30c7e3a54f6d7d5e5f,1,scam_heist,etherscan_labels
0x44fc2e52243cf20ecc91f61ffa33e59fc7e1c148,1,scam_heist,graphsense_tagpacks:forsage.yaml
0xf9832fa6c622caf1b7ae7367ad2dc644f6e9569c,0,contract_or_token,etherscan_labels
0xff8fecacd2df8dc8d59d6fbdba4b3b9e910e1305,1,scam_heist,etherscan_labels
0x12c477fbfff136793c7a55b7d06d5e6d0a9f7314,1,scam_heist,etherscan_labels
0x6fb9a8fd32a1c0aca3021f28a863c0e6c49783d4,1,scam_heist,etherscan_labels
0x9c2bc757b66f24d60f016b6237f8cdd414a879fa,1,sanctioned,ofac_sdn
0xcf28556ee95be8c52ad2f3480149128cca51dac1,1,scam_heist,etherscan_labels
0x3ab16af1315dc6c95f83cbf522fecf98d00fd9ba,0,contract_or_token,etherscan_labels
0x97a707e8f4cda8b0cfb13f20ecc576096f6ebed2,0,contract_or_token,etherscan_labels
0x6d0288f17df043aded728b1860692d3ddbf5d888,1,scam_heist,etherscan_labels
0x47788a29ed0a17e8411aeab26fb1fd2e908dda99,0,contract_or_token,etherscan_labels
0x8cc7ee673dd3b5f0d78ae261d48e428c74870c10,1,scam_heist,etherscan_labels
0xd417c8d6495a75a7d10ded7f98c05665cc9a1976,0,contract_or_token,etherscan_labels
0x1f4c763bde1d4832b3ea0640e66da00b98831355,0,contract_or_token,etherscan_labels
0xef3187f46c2bf76cdda6de1407aade26c0eadbd1,1,scam_heist,etherscan_labels
0xe84122c644cf96ed5da48de9efed81a44d03e53d,0,contract_or_token,etherscan_labels
0xb270176ba6075196df88b855c3ec7776871fdb33,0,contract_or_token,etherscan_labels
0x8c4eb69f28a87a6019d361675ebcd31f26ea28fe,1,scam_heist,etherscan_labels
0xe8fff15bb5e14095bfdfa8bb85d83cc900c23c56,0,contract_or_token,etherscan_labels
0x7e7fec34fb6c0585dc6e2a9b06e7dcb6e60b033e,0,contract_or_token,etherscan_labels
0x775cb814d48db0ad6715dbfa7eaa2168aabd857b,0,contract_or_token,etherscan_labels
0x7a672f0f4f67496d7179c1626ee9adead175e719,0,contract_or_token,etherscan_labels
0xb3368b2701caebaefad7ca9bcde7a19d0bee33ce,0,contract_or_token,etherscan_labels
0xe2aaa7ac8b14f083d473776001ca893398d2833c,0,contract_or_token,etherscan_labels
0xab3f8e0214d862bf7965d3cec7431d7c1a85cb34,0,contract_or_token,etherscan_labels
0x03d58300e8b908f32df7b0d7c97efac16a532931,1,scam_heist,etherscan_labels
0x7953fae367a29f1201d9ab18f0cc831d606b71c9,0,contract_or_token,etherscan_labels
0xd9f21104a0ab4bb2bc70774d4472b3c885fd022c,0,contract_or_token,etherscan_labels
0xfab9446167bd8c375a2a64fe85bd71488cf14edd,0,contract_or_token,etherscan_labels
0xabc71485d076281f7318802d5910fa818ae03587,0,contract_or_token,etherscan_labels
0x145f07dad471ca72917fb1df304c804a14d5a65f,0,contract_or_token,etherscan_labels
0x00f637b322593f72e452687f1a36a94234b02183,1,scam_heist,etherscan_labels
0x9457facebbe9a8730684f511bdcca760879411f2,0,contract_or_token,etherscan_labels
0xf677ed557d321a225aed0f17e295146bb73a3c5b,0,contract_or_token,etherscan_labels
0x53d428716900eae876ad1d7e4535e796b5faeda2,0,exchange,etherscan_labels
0xe38e66a50a9e866562916069c35150e27a2fe2ee,0,contract_or_token,etherscan_labels
0x36c8004c03df19218426a39c1ea30c6c0045b6c5,1,scam_heist,etherscan_labels
0xe86c049f320a944ec66129bce0a6185c6816838e,0,contract_or_token,etherscan_labels
0x37ffb1842ef012d83a6ffdc92a6353044ae0e3e8,0,contract_or_token,etherscan_labels
0x66fea643f2d8fd6f578a411dce201a07a2606722,0,contract_or_token,etherscan_labels
0xf2928d6dbdc24a1227ca8bbfcdddcba097e4e44a,0,contract_or_token,etherscan_labels
0x79c44cd4291a72aa26a2f04a3559daf67e3ff761,0,contract_or_token,etherscan_labels
0x24b1a18c22be432066f6d01a77f06c65a7bc5f83,0,contract_or_token,etherscan_labels
0xb03d7706579db32ff7ad93148eaf14b18d1add2c,0,random_sample,bigquery_random_sample
0x226411b7f6f475fd07ca81a22ed2c1c82476658d,0,random_sample,bigquery_random_sample
0xb45055c48a81837f547b13fb3c43003066232167,0,contract_or_token,etherscan_labels
0xa3840981becf02f1c757025119afbfda596c23a6,0,contract_or_token,etherscan_labels
0x9aa4b2204e0a2e4bcdeeeee46818df4dac0e3a91,0,random_sample,bigquery_random_sample
0xb282cc9a9d7421ca1067b4515b4e5636c2fbf358,0,contract_or_token,etherscan_labels
0xaf8a08ddaedd2378b8075f8b90cee4b066ae0df7,1,scam_heist,etherscan_labels
0x7f268357a8c2552623316e2562d90e642bb538e5,0,exchange,etherscan_labels
0x973cfeaa2513fab374287d42ea69b7dace78993c,0,contract_or_token,etherscan_labels
0x4533c2377522c61fc9c6efd3e6a3abe1b2b44022,0,contract_or_token,etherscan_labels
0xc152f19b74206eb1900ccf7e382cdd04d558b132,0,contract_or_token,etherscan_labels
0x0c6c34cdd915845376fb5407e0895196c9dd4eec,0,exchange,etherscan_labels
0x926762373497cb2bf0c4ed6b86a999a846f67ce4,0,contract_or_token,etherscan_labels
0x7f418cc98080ad798145a46cf64da42825df90f3,0,contract_or_token,etherscan_labels
0x9cd35e32134e97e43ab9d753c509214a9ae379ff,1,scam_heist,etherscan_labels
0xd26114cd6ee289accf82350c8d8487fedb8a0c07,0,contract_or_token,etherscan_labels
0x141f95a983a69d440de3fe3ec4a5d3c9597e33f7,1,scam_heist,etherscan_labels
0x566aff5248b1f70bb46dde36969404924c420ac1,1,scam_heist,etherscan_labels
0x30ba22f25e0246f5b92344f8aeee0b8e30730591,1,scam_heist,etherscan_labels
0x1e0cef5e090b3b1bb611231d19f8856abf116239,0,contract_or_token,etherscan_labels
0x3fbb0e35a9793045f14eaadc29a60772786fd87d,1,scam_heist,etherscan_labels
0xead73575c5d2db31a29008e3d77a3beeefcaff52,1,scam_heist,etherscan_labels
0xc098b2a3aa256d2140208c3de6543aaef5cd3a94,0,exchange,etherscan_labels
0x9a061c870d9dc4b6b83d276035bc04000c889677,0,contract_or_token,etherscan_labels
0x5649b4dd00780e99bab7abb4a3d581ea1aeb23d0,0,contract_or_token,etherscan_labels
0x3394f441c36c7c621aa56452add29e26e5c5e75f,0,contract_or_token,etherscan_labels
0x2af940a93bc53e9e1e779c6054442ebec6aa99ca,0,contract_or_token,etherscan_labels
0xcad621da75a66c7a8f4ff86d30a2bf981bfc8fdd,0,exchange,etherscan_labels
0x544bae615939dca4b65a10e7511fda0068cc9ba1,0,contract_or_token,etherscan_labels
0x6fc82a5fe25a5cdb58bc74600a40a69c065263f8,0,exchange,etherscan_labels
0x75b02b9889536b617d57d08c1ccb929c523945c1,0,contract_or_token,etherscan_labels
0xb56ec1d6fc2e2878f47e2ccfe67f95f5c7a20c57,0,contract_or_token,etherscan_labels
0x6507c10921479976b0a20e1ef341f920cc8284d4,1,scam_heist,etherscan_labels
0x6244188021e436d48d22295055edba34873517d7,1,scam_heist,etherscan_labels
0x1e02cdbba6729b6470de81ad4d2cca4c514521b9,0,contract_or_token,etherscan_labels
0xc7a52fe3379a1ba1936da76b3632f2170c5b4032,0,contract_or_token,etherscan_labels
0x89910e0db211dff95d1eaf41c4a8ba16bab81e96,0,contract_or_token,etherscan_labels
0x63155828e949aeba75038a5e8a5f4edd5038d9a6,0,exchange,etherscan_labels
0x7d2f4bcb767eb190aed0f10713fe4d9c07079ee8,0,contract_or_token,etherscan_labels
0x3dcbb93469d7a4e339a511897a40c9a637c45b2c,1,scam_heist,etherscan_labels
0xac5e692689d78269c4cdb07d654ebdb96c1fb30c,0,contract_or_token,etherscan_labels
0xb49cefaaaff2453e5c21f6c04fd82463460d2bf9,0,contract_or_token,etherscan_labels
0x99ac10631f69c753ddb595d074422a0922d9056b,0,contract_or_token,etherscan_labels
0xcdcaa252e3cb2e234c2415c1166a28f2a41a25cf,0,contract_or_token,etherscan_labels
0x5c2a3ef69c7887ea787d502d2ded7f71c971fbae,1,scam_heist,etherscan_labels
0x0942086a607b12fe0dd5467620e6231c354ba175,1,scam_heist,etherscan_labels
0x075a9785ba3733181412509b6a619472751af58d,0,contract_or_token,etherscan_labels
0xa8922c5c513280c247d6fbf232f5cbbcdd40f41f,0,contract_or_token,etherscan_labels
0x805a2b77525577a48d38908121d7b96a99c4d444,1,scam_heist,etherscan_labels
0x7e0cb28572a0b3a7f5132382726337758dc4a655,1,scam_heist,etherscan_labels
0x2d65efefb43bec376b920cddbd5eb19e59f59ca8,0,contract_or_token,etherscan_labels
0x4b2b8efcbe256d6b68d2d354ba3e169bbfaa47f9,0,contract_or_token,etherscan_labels
0xc9cb53b48a2f3a9e75982685644c1870f1405ccb,0,contract_or_token,etherscan_labels
0x1acc131cbcc83cff492841520e73107da44fc74f,0,contract_or_token,etherscan_labels
0x4bc1a7813efe373c3a2e6c6336fd41650e4ea5d6,1,scam_heist,etherscan_labels
0xf19ad2cc95447b8a9c53f20db1c206f99548c533,0,contract_or_token,etherscan_labels
0x3a6564fb4d80f647d3957cd5404a3d67bf2e238b,1,scam_heist,etherscan_labels
0x408d86e27cf501ace7d6a57b73c8dffb33a0e63c,1,scam_heist,etherscan_labels
0x4988551eda312a6176883b75cbdc2512944e6928,0,contract_or_token,etherscan_labels
0x6e378d2c530532c2f72b2d4eb3ef3987e6b7c5ac,0,contract_or_token,etherscan_labels
0xd227083b6feb1a40a975d74575311fb907fb960f,0,contract_or_token,etherscan_labels
0xa1b73cc53c13a16acc8e22ab3420ed102f8d1cf1,0,contract_or_token,etherscan_labels
0x9461173740d27311b176476fa27e94c681b1ea6b,0,contract_or_token,etherscan_labels
0xec54cd34c0edfa0a6a2740408037afbea62f1300,1,scam_heist,etherscan_labels
0x364b12e8f821edd4a8d7bc3ad545e4021ef2afe6,0,contract_or_token,etherscan_labels
0x90e435fff3f9424e77ec428c3aab298c70470c0e,0,contract_or_token,etherscan_labels
0xa2a0c3e53ccc6946e61949adc46a713f601d645f,0,contract_or_token,etherscan_labels
0x99c5c785e9df5fa1faa3ec47aaa279ecaf239caf,0,contract_or_token,etherscan_labels
0x01ca3f774742e0b12e232a9004fa698f45ef04a7,0,contract_or_token,etherscan_labels
0xeb4bd8cf89ffe13d262310bb342560c49ab11f61,1,scam_heist,etherscan_labels
0xcf259c85e12adfcb98245867f5b75ce0aeb7382b,0,contract_or_token,etherscan_labels
0xac30ed32322fb3c9f3be4eecbb04e69c626e44d8,0,contract_or_token,etherscan_labels
0x6ed6f7d0e12927759b50594d4bb350548745e75a,0,contract_or_token,etherscan_labels
0x8daf39557bbe67619a120976bccad60a4b52e317,0,contract_or_token,etherscan_labels
0xd3f85d18206829f917929bbbf738c1e0ce9af7fc,0,contract_or_token,etherscan_labels
0xdaa269e8f9d3244cfeff0bf2511a45dd9cb9234b,1,scam_heist,etherscan_labels
0xed8859d2db4e23728b50c63763ec354580e2b81d,0,contract_or_token,etherscan_labels
0x13997b799ce4d9e696039987c13df137144a5b17,1,scam_heist,etherscan_labels
0xe05f529f5284d75624eba386cb716928c3b54a2a,1,sanctioned,ofac_sdn
0x7bb6c127d9ca17475fcce1f8c0d61b77d327a981,0,contract_or_token,etherscan_labels
0x89108a54d94152db363318f8085dc8b7abf03323,0,contract_or_token,etherscan_labels
0xb46638bf5509fe9b81a69875aec18aab00160eb7,1,scam_heist,etherscan_labels
0x80019e91b40f4f246218059ce986564b6c7f30e0,1,scam_heist,etherscan_labels
0xe7ff7ad20dbd69164607f793409283678b5c27c3,0,contract_or_token,etherscan_labels
0x361f17a77c4262c3363fab03be893f53dcbcc8a1,0,contract_or_token,etherscan_labels
0x2ce121706714f791d4bcf3afdef0404974fc26ee,0,contract_or_token,etherscan_labels
0xde708f275d8c02bba8bf027c95d87b1a5e29eafb,1,scam_heist,etherscan_labels
0x2ed087297c56f469c033ff2188a5916f4478063c,1,scam_heist,etherscan_labels
0x19bf7b6821473bea075f207d6269209c856896f6,0,contract_or_token,etherscan_labels
0x0e55c54249f25f70d519b7fb1c20e3331e7ba76d,0,exchange,etherscan_labels
0x74d42c5d4cd462155bad6022b292769f913b42e5,0,contract_or_token,etherscan_labels
0x92c83fb9c27c4952947135dc75a130e067b30062,0,contract_or_token,etherscan_labels
0x3a61dd70a05f6cffde20e22593932123da180052,0,contract_or_token,etherscan_labels
0x823bcf8c2038763800a289d4010b8b5b48bef00d,0,contract_or_token,etherscan_labels
0x2f53fc9e657566b60c9f95733dbdc4bf7284cb7a,0,random_sample,bigquery_random_sample
0x8fdaf293ae04841fde87492f4d0a987c5cf2e049,0,contract_or_token,etherscan_labels
0xe1498a9ef5c6aa51790a642f70c31238326b1724,0,exchange,etherscan_labels
0x5d3881c99177b3fe85e838a32f02ee93372034bc,0,contract_or_token,etherscan_labels
0x5a2ce6f1a5db43744dec8bede653b8c4da99daf3,1,scam_heist,etherscan_labels
0x259d73ea5ab05429a79d61c1d848cb2001bee36d,0,contract_or_token,etherscan_labels
0x4e0b42c8912483143f81894d30fafb73bbc65d4c,0,contract_or_token,etherscan_labels
0x8ce0e1ded53387bbd84cd0c01114cd7eaedb5a11,1,scam_heist,etherscan_labels
0xc8f53de1341579e5f5621dcce872e7d3fc4a793f,1,scam_heist,etherscan_labels
0x4c1a78e7ae90904ec7ed9a1e6238aba4afb25175,0,random_sample,bigquery_random_sample
0x1c9e56ae6776c07df88960b80f41b45cb5fdda2c,1,scam_heist,etherscan_labels
0x4feee512789207244dc126b00c2d02798cd1d8b2,0,contract_or_token,etherscan_labels
0x3361a5abed25ae454a5076f43022c6f671c3c4ea,0,contract_or_token,etherscan_labels
0x6a01e9d6293deba42aa5eefffe0f903c94c0e60d,0,contract_or_token,etherscan_labels
0x207915fc732b24ada933351fb04d0a4dd40bbf0b,1,scam_heist,etherscan_labels
0xa054ba2c35382c0520c66d9c32f00de8bd7330e8,0,contract_or_token,etherscan_labels
0x565c9eb432f4ae9633e50e1213ab4f23d8f31f54,0,exchange,etherscan_labels
0x4f571798c18c1f940597595cc1ace7dfe3cfbf09,1,scam_heist,etherscan_labels
0xc4510de7c6852512338c72f6f8471167adcb88fe,0,contract_or_token,etherscan_labels
0x018eb7fc00dac24d26b3ec1b50ead021efa616de,0,contract_or_token,etherscan_labels
0x09aa29fba90753b708ecd9497021db9e4c27426c,0,random_sample,bigquery_random_sample
0x4b3d33521a977ca690d845c0327c41c05401f7bd,0,contract_or_token,etherscan_labels
0x486d17629b4a34f26371908d284685d13308536a,0,random_sample,bigquery_random_sample
0x9ac60b8b33092c2c0b4ca5af0dec2bcb84657e12,0,contract_or_token,etherscan_labels
0xda4b031b5ece42abb394a9d2130eaa958c2a8b38,0,contract_or_token,etherscan_labels
0x46acb1187a6d83e26c0bb46a57ffeaf23ad7851e,0,contract_or_token,etherscan_labels
0xdcaca05de9ade34f3fcb9ce94d1b7930093e526e,0,contract_or_token,etherscan_labels
0x0dc734bec8342bd2adae29ff5aa8e5f31ac444c6,1,scam_heist,etherscan_labels
0xb87e0643fef323a09d1a3b7eb4a43dc1c9816bb6,1,scam_heist,etherscan_labels
0xb6429b2584d2c7b246a54041be9dc0152b397733,1,scam_heist,etherscan_labels
0x5fe3b8b19949c04da3f578c6468f3d444cd7a9bb,0,contract_or_token,etherscan_labels
0x094433d6655c7e252e291193cb734c31cde86797,0,random_sample,bigquery_random_sample
0x702e404c7285c35da84d2e0d8483e860661d697c,0,contract_or_token,etherscan_labels
0x8a83b072ca48c217c1ef676445a9a545c110a45b,0,contract_or_token,etherscan_labels
0xce51aa78f9c05ed81b812dcd5c2b64a76e40f22a,1,scam_heist,etherscan_labels
0xa4dc97a565e2364cdeb4efe38c0f153bccb62b01,0,contract_or_token,etherscan_labels
0x600fd9b55d197483ad68403860ae1351bb164ca3,0,contract_or_token,etherscan_labels
0xcf19478b8bd9d19a00e27708dcbe3e9b0211a560,0,contract_or_token,etherscan_labels
0x361edd915e9d58e18f5fa88027e97fec5cb64dce,0,contract_or_token,etherscan_labels
0xdb942c0851774bd817e6f4813f1fa64cce6fe25f,0,contract_or_token,etherscan_labels
0xdb6f6c8b940110617cf66e50c271e2278c8a32df,1,scam_heist,etherscan_labels
0x0d7750dc4dd2796ba17525a9e2c45ff338fcc622,0,contract_or_token,etherscan_labels
0x9f3d026079a85175bcf140527ed4fc921a14ad90,0,contract_or_token,etherscan_labels
0x41934e5f8c7787060f0574e550596d9e29006ee2,1,scam_heist,etherscan_labels
0xc708a1c712ba26dc618f972ad7a187f76c8596fd,0,exchange,etherscan_labels
0x570b3c8c16ff8a38610956c21fd7f1b4c6bb7e0b,0,contract_or_token,etherscan_labels
0x5d960b091abc9a082a57d0c6d1a510bf655ef98a,0,contract_or_token,etherscan_labels
0x90a77db761d9ddae4f9e8855c8e3b1c4006f659d,0,contract_or_token,etherscan_labels
0x9fa9bb2093fb356459a1943dea9dd310d0ef59cd,0,contract_or_token,etherscan_labels
0x2260acaae8e9ee744e334165f10123ae45c7dcf1,1,scam_heist,etherscan_labels
0x6b08bee04cd3c5a626a7bad8ee97bfb82f7040fa,1,scam_heist,etherscan_labels
0xc23aacb5d2e584b4aee9ac15e99480e071740df7,1,scam_heist,etherscan_labels
0xc3eb65c18902357f0c3577ced27b1fa914cd0e57,0,contract_or_token,etherscan_labels
0x578259a8ad60a9d49a86b036bcead82536a17f70,1,scam_heist,etherscan_labels
0x8f3c92fc288833f354dde14ca0994e69dcd2b14c,1,scam_heist,etherscan_labels
0xc1e4b6a1011f2e495dbf180ea8ee2960e7f777ac,1,scam_heist,etherscan_labels
0xe41ee9be0d85a3c33f08a1b591dd8f2575096ae3,0,contract_or_token,etherscan_labels
0x3ab57d68bd8b0316cca8a8bd8881d3e9b174a06b,0,contract_or_token,etherscan_labels
0x7a5045b44ac37bbdea809bc425711c478c933e29,1,scam_heist,etherscan_labels
0x293a010b08d64a19b53acd125ca6bd149a68243a,0,contract_or_token,etherscan_labels
0x83c1f84de2f8fe96a12f5ce9863da12678d68e6e,0,contract_or_token,etherscan_labels
0x0246036a60c4c90a52fd0d94150bea9e2ac4da79,1,scam_heist,etherscan_labels
0x5c6ee304399dbdb9c8ef030ab642b10820db8f56,0,contract_or_token,etherscan_labels
0x59728544b08ab483533076417fbbb2fd0b17ce3a,0,exchange,etherscan_labels
0x085b8ace1ae14a0f097d45de61478aa407c52418,0,contract_or_token,etherscan_labels
0x4cdbe2f58df67d5cace7ebd35dd90b59abc27bd1,1,scam_heist,etherscan_labels
0x9af99953e080a437b0544ecf68bda830e18af8e5,1,scam_heist,etherscan_labels
0x44b02fe8be307c7452a57b40c3ed54b364e26590,0,contract_or_token,etherscan_labels
0x71e2788b29e032226e6d3b6e5b35490fd3e478c3,1,scam_heist,etherscan_labels
0x1c9def35a38237b5724d046a807b590c1ee3af1e,0,contract_or_token,etherscan_labels
0xf5bd7629ff67cb49f568e79cec4a1f4a891f4658,0,contract_or_token,etherscan_labels
0xe131da477c18aa781dd2e6729ff19f5631ee60c5,0,contract_or_token,etherscan_labels
0xa28979ee7ac9d688e798cc5450da307ca5f51908,0,contract_or_token,etherscan_labels
0x1d28577186e6c3fa278b844b578d420d97b9b1f9,1,scam_heist,etherscan_labels
0xaf5a7dfc87b6706a59627a4f7f8dcdbb02d7040b,0,contract_or_token,etherscan_labels
0x5e37910cfb8de1b14ec4e4bac0bec27c35dc07d5,0,contract_or_token,etherscan_labels
0x0bcaea3571448877ff875bc3825ccf54e5d04df0,0,contract_or_token,etherscan_labels
0x730469dfce617e4f185885f3a97ae98416c2d161,0,contract_or_token,etherscan_labels
0x03e971000df6c356d8a68bd843cc58b5f272a99e,0,contract_or_token,etherscan_labels
0xe44d8c3ac358f5bff7e3e16ac0432faae6819a51,0,contract_or_token,etherscan_labels
0xd5675d073c17a9d22ebe0ebfe35b95ebe6e28a84,0,contract_or_token,etherscan_labels
0xdc4c0fda463435d19962e8dd465d5eba86fd02ec,0,exchange,etherscan_labels
0x0225e940deecc32a8d7c003cfb7dae22af18460c,0,contract_or_token,etherscan_labels
0x7dca800327ea8b62dc10259457464397eca782fc,1,scam_heist,etherscan_labels
0xb78584465deb38243012646ebbca22e0362ce466,0,contract_or_token,etherscan_labels
0xf9531247f2c2dd6a2ae479c9ccd5157e664fe37c,1,scam_heist,etherscan_labels
0x157768dde433ed7e73c3c6142bf19b7b5fa8b19e,0,contract_or_token,etherscan_labels
0xb1b334e9fb685f21079b31ce4a48c5f11fa1c2c5,0,contract_or_token,etherscan_labels
0x3de173755fff9aecd9823afdc72bd232bf375c0a,1,scam_heist,etherscan_labels
0x283a5f8ef9a36e6a8395e44cd1c640119d29c64e,0,contract_or_token,etherscan_labels
0xc591957e970f9272c841d2e5023dfa87bbcaf018,0,contract_or_token,etherscan_labels
0x72b82453dd27c774f5488dc90685c26670c71144,1,scam_heist,etherscan_labels
0xbab529eb7b11ed64fdf812e5a61f15f77b101988,1,scam_heist,etherscan_labels
0xfda75aae95dca5bb2d7f37ff1115b6cf592d67fa,1,scam_heist,etherscan_labels
0x87c33321e1755ab54b0a27d4969a72b953486e75,0,contract_or_token,etherscan_labels
0xc9439f9d11bee50cb268522bd2a0590667925474,1,scam_heist,etherscan_labels
0x15e86e6f65ef7ea1dbb72a5e51a07926fb1c82e3,0,contract_or_token,etherscan_labels
0xec30d02f10353f8efc9601371f56e808751f396f,0,exchange,etherscan_labels
0x0157ef68cabcd87f237108b6ada4c8b59bec8e5f,1,scam_heist,etherscan_labels
0x3e6ec9946d8464a739789497eddc78c653eab5a3,0,contract_or_token,etherscan_labels
0xd9650c2df34a688936891b8cfe353b157158f67e,1,scam_heist,etherscan_labels
0x202af04e690b20a7a0da5cbeac334bdf01db2d51,0,contract_or_token,etherscan_labels
0xb2c1ef6177d0e2923f9a40327fd10c07ebd5aea8,0,contract_or_token,etherscan_labels
0x39a69aec370432389c681c2a750cb88958ea1758,0,contract_or_token,etherscan_labels
0x50f8e989ec40a5719a494007a65c0c8e446e841f,0,contract_or_token,etherscan_labels
0xfa3e522202c0dcca92e74e706bf503fae8aa01cf,0,contract_or_token,etherscan_labels
0x7a75706b6a55126b9ef22c96caf4a432b15c03e3,1,scam_heist,etherscan_labels
0x2b0d0fc5892b929c9f8b1283add68cad65ce0e45,0,contract_or_token,etherscan_labels
0xabeeb13b9c48b89efa9d13a5436a95c53db08eab,0,contract_or_token,etherscan_labels
0x61bf2210db4a76b33964da91bf0811275dcd79b0,0,contract_or_token,etherscan_labels
0x3f1eb6b3d15d5ef9c723f328b315484b471a37b0,0,contract_or_token,etherscan_labels
0x0983ca5ede50074ac268583e740dc14bd77af8c0,0,contract_or_token,etherscan_labels
0xadf626733a6fd3a75773712cfb600c62b482c8e8,0,contract_or_token,etherscan_labels
0xe2f497fc7a1f74a0090da90016d40d1f8376e05e,0,contract_or_token,etherscan_labels
0xd318a720611c1fbf27bf0ab3c0fabf1ccc83dd78,0,contract_or_token,etherscan_labels
0xdde5a5d1de6891a1a322343f8abcc80798338068,0,contract_or_token,etherscan_labels
0x033e52f513f9b98e129381c6708f9faa2dee5db5,0,contract_or_token,etherscan_labels
0xd90e0747e41fb661baabb211d35de9f5b6c88fd6,0,contract_or_token,etherscan_labels
0x00adda4baabb466ac07ff780e1052e3110f2c4e0,0,contract_or_token,etherscan_labels
0xd08750fea00b7043ed78869496b3fcf14ee44df7,1,scam_heist,etherscan_labels
0x15ff3c81247535d9838b114d9dcb545ca5df4700,1,scam_heist,etherscan_labels
0x4671a2a5cfb5422d5831d2c8604174c0ce9a4706,0,contract_or_token,etherscan_labels
0x63ade20c6be9462be4df7fc52756ea1a52cdb728,1,scam_heist,etherscan_labels
0x2b353bac1a995f0f4a3537ff461c8ebec2a8447e,1,scam_heist,etherscan_labels
0x103e520ed50129356408b009be6b156477b7b0a1,1,scam_heist,etherscan_labels
0xfa6590505222cdec4f2553b0df22eadb8817eb3d,0,contract_or_token,etherscan_labels
0xbbbdb106a806173d1eea1640961533ff3114d69a,0,contract_or_token,etherscan_labels
0xb01352a065eeca10253f206d33ca1698c61fe8fd,0,contract_or_token,etherscan_labels
0x98cd97931c6d8d1dd2b7c5f914567555d6b8d74f,0,random_sample,bigquery_random_sample
0x5326f93507bd2629d3126bec9eef7124d93fcb64,0,contract_or_token,etherscan_labels
0x92830c6cfabf00a8070a2cc0772cf058e050558b,0,contract_or_token,etherscan_labels
0xee9a6009b926645d33e10ee5577e9c8d3c95c165,0,contract_or_token,etherscan_labels
0xa985fafd8e62b772eb473d28e30da3dda4ebb6c9,0,contract_or_token,etherscan_labels
0x72f45d6609f5a2f31d0e58494a020677ba8c593c,1,scam_heist,etherscan_labels
0xbdb340adb2c0709b5a1ea138fedd171ed38946ec,1,scam_heist,etherscan_labels
0x2d62788b5275bcab38cfe31dbbd38581632bdb58,0,random_sample,bigquery_random_sample
0x522749bb7ca7d694ab4798a24c7289b5f385982a,1,scam_heist,etherscan_labels
0xbb52e099f11b8497c2ba9bea13e0695bc1a093ee,0,random_sample,bigquery_random_sample
0x7727e5113d1d161373623e5f49fd568b4f543a9e,0,exchange,etherscan_labels
0xd8be4e27358ae0cf64bfa94f20e8dc107589ce1b,1,scam_heist,etherscan_labels
0x5c0e98ae67a5a59adb1b6fc977694a3ee660c8b5,0,contract_or_token,etherscan_labels
0xd064e4fe9c18f555547ceb19238dbfa5e95236e7,1,scam_heist,etherscan_labels
0x98c2f9d752e044dc2e1f1743bf0b76a7096eceb2,0,contract_or_token,etherscan_labels
0x9fd76c5d9558218b3e6b92df7c3d2dbcfc7f335d,0,contract_or_token,etherscan_labels
0x84f221b1681597974ac6caadbf1c1077f590498a,0,contract_or_token,etherscan_labels
0x06a4f0ec8ca131e1efbed24c7046a7ce669a3ab5,0,contract_or_token,etherscan_labels
0x73600420161df13e7bf139e0092ada16576f1f24,1,scam_heist,etherscan_labels
0x845afaab436f6432e4bfc69bb39e4b2b89226e0e,0,contract_or_token,etherscan_labels
0x66c9ba90158810b15e546a62fadfb566b607bbdd,1,scam_heist,etherscan_labels
0x2f25d402829ca4085b8ea4d3bc68bf203f5a9fab,0,contract_or_token,etherscan_labels
0x4bdfb1689894fbbed4fd8805f4ca9e0f599cdf78,1,scam_heist,etherscan_labels
0xce051b5eed19069d5831039f267e688d3ada6298,1,scam_heist,etherscan_labels
0xc4cce996f30d65b1a27c44de84fe79bf1f0d528b,0,contract_or_token,etherscan_labels
0x79dd098dcdd2e0432fb64dc38f921e6c40ce268e,1,scam_heist,etherscan_labels
0x95dbd611fe176b7ed92d4b02624d9d68fc47c4d3,0,contract_or_token,etherscan_labels
0x9a0c8ff858d273f57072d714bca7411d717501d7,0,contract_or_token,etherscan_labels
0x380b1528d8cbb3d9a5c657e98cdd6238ce41cf58,1,scam_heist,etherscan_labels
0x510432e28fa9fe26df6c505104d1d66ff1f66839,0,contract_or_token,etherscan_labels
0xbfb892c151da77f03d00ea96b6aee43c4f05a22a,1,scam_heist,etherscan_labels
0x893573c2e474e42b9791e6475ae7a77375cd13dd,0,contract_or_token,etherscan_labels
0xfc1f639cfc02c183e199b7a265a2dcd7b97d4c57,0,contract_or_token,etherscan_labels
0x8f830799eab1edf74448c2259cfae9078aa181f5,0,contract_or_token,etherscan_labels
0xe53c884c5a297713197217509ffb654c9677b347,0,contract_or_token,etherscan_labels
0xf087b9519b08638eb02465452ba3661ac7cbfeac,0,contract_or_token,etherscan_labels
0xb992fbd00d94f5eba99e69acd8cb24ac7016e897,0,contract_or_token,etherscan_labels
0x3c537d6e12cde530904bd52ac1cec53160674b12,0,contract_or_token,etherscan_labels
0xa018079c61888ead5e2f2b8af8968f601224c650,0,contract_or_token,etherscan_labels
0xd3c41c080a73181e108e0526475a690f3616a859,0,contract_or_token,etherscan_labels
0xee35e548c7457fcdd51ae95ed09108be660ea374,0,contract_or_token,etherscan_labels
0xce352e98934499be70f641353f16a47d9e1e3abd,0,exchange,etherscan_labels
0x5b8c556b8b2a78696f0b9b830b3d67623122e270,0,contract_or_token,etherscan_labels
0x213adb0d37ca2ecee4003d0501b3eae702ffd5be,0,contract_or_token,etherscan_labels
0xa1ff40c1f46be5b5c4d5a2185f40dbb1da6f41ce,0,contract_or_token,etherscan_labels
0x84c686359d90812cebfd921b4c9f51d1fd19dc56,0,contract_or_token,etherscan_labels
0x50fb734f0448a122b102f9a211e52c2f14eb208a,1,scam_heist,etherscan_labels
0xdad5145f200e2f28e2f804c74e995c15edb225b7,1,scam_heist,etherscan_labels
0x57f604e1be07f2db3e19b58ea00d0005156889d2,0,contract_or_token,etherscan_labels
0xdef090607c0628eb1c36be11038e68e0d34d44d5,1,scam_heist,etherscan_labels
0x9011f62a83c8a43a55e52b555fd3bd93313f4372,0,contract_or_token,etherscan_labels
0xd551234ae421e3bcba99a0da6d736074f22192ff,0,exchange,etherscan_labels
0xea63de726a757202242b253361a6d5f42f982094,0,contract_or_token,etherscan_labels
0xa28befaecc9d7deafa236a194413958c4985f4e1,1,scam_heist,etherscan_labels
0xc929ad75b72593967de83e7f7cda0493458261d9,0,contract_or_token,etherscan_labels
0xe9cf42bfcd65e342a96fc063304e22db33e236ac,0,contract_or_token,etherscan_labels
0xa75f7c2f025f470355515482bde9efa8153536a8,0,contract_or_token,etherscan_labels
0x5c96191638eb9871726b70e6e6a66071eb288397,0,contract_or_token,etherscan_labels
0x82bb8d9fb9ec3a7da2dc3a7dcc48418dac6bbd4a,1,scam_heist,etherscan_labels
0x03291221342e27f281f87e8148b3615c30427535,1,scam_heist,etherscan_labels
0x00c70e8b3c9d0e0adb85993382abaae2a11c5d96,0,contract_or_token,etherscan_labels
0x961eb6720df5b0c6de51a394ccb1f06fd3a75487,1,scam_heist,etherscan_labels
0xa6ff855973828eb6995c31a713c078e18fb280a6,0,contract_or_token,etherscan_labels
0x04d6a4fe46ff6fcf460ad3e8d0b689eba7954e19,0,contract_or_token,etherscan_labels
0x0243e1048be440000bb9eb8654e262f4d31fa162,0,contract_or_token,etherscan_labels
0x7bf6ae0e9304814ee68746dc7f2518e305dc470c,0,contract_or_token,etherscan_labels
0x805cb12f9a0e1a9b1e02dac1a38cd7bdee61b595,0,contract_or_token,etherscan_labels
0x5521b28f7b09f52a9987f031f543026e67734266,1,scam_heist,etherscan_labels
0x27bec40d3e366150ceb413daaa2e0ea3a976da5e,0,contract_or_token,etherscan_labels
0xe85f2c038196bea69ea1fdde72a4f14b2952631b,0,contract_or_token,etherscan_labels
0x21b8d56bda776bbe68655a16895afd96f5534fed,1,sanctioned,ofac_sdn
0xdb0387a01592c6a5cb4efc368c1acc0081de86e0,1,scam_heist,etherscan_labels
0xbfc7e9d73729d790c03265211774377b1850eb36,0,contract_or_token,etherscan_labels
0x79e970f953c7cfbbb74e05b6df54f75db4a3cad6,0,contract_or_token,etherscan_labels
0x6866344eb36af3a664ac7f6aee1aeeb5d3064e22,1,scam_heist,etherscan_labels
0x287e01e6008b3e9ec8b0f70bfef9d1a80e7f2237,1,scam_heist,etherscan_labels
0x054af22e1519b020516d72d749221c24756385c9,0,contract_or_token,etherscan_labels
0x3b2a33a6321a2b780135f9104594a7071e627aee,0,contract_or_token,etherscan_labels
0xff052381092420b7f24cc97fded9c0c17b2cbbb9,0,contract_or_token,etherscan_labels
0xd1682d3d681bea9d9dfba23fc4ac97ecf3917ec6,0,random_sample,bigquery_random_sample
0x226dd2f31bdef88a53588df596dcb1d9c065fd63,1,scam_heist,etherscan_labels
0xe969ca46097953e24471415c50dc65e1f4fd5cef,0,contract_or_token,etherscan_labels
0xa0c3b17b5e43d98cb9e367722b57ab221f15c9ae,0,contract_or_token,etherscan_labels
0x03a609e25ced7c3bcefa25eb513e601bdec80cb7,0,contract_or_token,etherscan_labels
0xb88a923ed3d46747085ce2684ed7108352eba886,0,contract_or_token,etherscan_labels
0xa88008543efb1db18922e376db52cd7e2f73648c,0,contract_or_token,etherscan_labels
0x364a7ffad5e3f0101ac0c1ff1816083108acc9c4,1,scam_heist,etherscan_labels
0x795180ddd3cb99838a852f5f1ece5fb85aa5f9a2,0,contract_or_token,etherscan_labels
0xc85d251711fec21333548b660f5c73a4e484aec1,0,contract_or_token,etherscan_labels
0xfbb0397fa8badbba26084515529ce53cd1756d4b,0,contract_or_token,etherscan_labels
0x9d86cc3b0a844ba368e26e2c35dd2898e8014179,0,contract_or_token,etherscan_labels
0x816330b60679c073e253975ab0b528b4ca692f3f,0,contract_or_token,etherscan_labels
0x65f550d18cac8e19a97e73108618b443bf301d20,0,contract_or_token,etherscan_labels
0xc1a900ae76db21dc5aa8e418ac0f4e888a4c7431,0,contract_or_token,etherscan_labels
0x6cf9d531cd62428665195742438e06de990ebdcd,0,contract_or_token,etherscan_labels
0x83ba1364eb650e995888ab239fe72a97bcf47568,1,scam_heist,etherscan_labels
0xc2aa12a61d747d9a7966ec6cec367bdf9e45f4a3,0,contract_or_token,etherscan_labels
0x27c4995cb490be531aefcb87c3e17f3d52fa6cfc,1,scam_heist,etherscan_labels
0x29090f78df6a0ad34d00d5950879f4370e5bccfb,0,random_sample,bigquery_random_sample
0xda427214f1426a208fa620f483fa2e66b15886b4,0,contract_or_token,etherscan_labels
0x6da168b10bc3632fd3d594795ad71a8c55e836bb,1,scam_heist,etherscan_labels
0x1a3fca6ba85fa6d5413dcd4fe7aba84364521317,1,scam_heist,etherscan_labels
0xb0531ff7f095565336092fe6b9284deeca5ba1e8,0,contract_or_token,etherscan_labels
0x595a68a8c9d5c230001848b69b1947ee2a607164,0,contract_or_token,etherscan_labels
0x69f04d925ce46cb7f28d5234d9e3cb480f58f844,0,contract_or_token,etherscan_labels
0x432f962d8209781da23fb37b6b59ee15de7d9841,0,contract_or_token,etherscan_labels
0xee2075ccaceb41d54c513073a26f940328f7e0df,0,contract_or_token,etherscan_labels
0x2e134be75b6e025b8f25cfb731c5153500cffa8c,1,scam_heist,etherscan_labels
0x383bc55d62125642452ac613a16586ec37f8c177,0,contract_or_token,etherscan_labels
0x7e44905e7c440f530f7c4a88b9a1751f08a6ab04,1,scam_heist,etherscan_labels
0xd5e5bc3a233cb12fb6210ba8e248f7b34ac2a632,0,contract_or_token,etherscan_labels
0xa416df4d96cd547337a3e8893bf3f01c2a2af5c0,0,contract_or_token,etherscan_labels
0xc906e1899e4ee1458e94854a8f9f65482ecc75fc,0,contract_or_token,etherscan_labels
0xbed340a301b4f07fa7b61ab9e0767faa172f530d,0,contract_or_token,etherscan_labels
0xd08a9d2d94dee32c0e0769dd33d6473e0cc73ff1,0,random_sample,bigquery_random_sample
0x2f70deebb7a31a5bfdaae05716f242a1e9af02df,0,contract_or_token,etherscan_labels
0x5910a985197cedccfba0c3a27bd37a46cb0f8011,0,contract_or_token,etherscan_labels
0x4e985fafb0d4cc9a9d34f160167763c4b78d6296,0,contract_or_token,etherscan_labels
0x364494185c986e82c2cf2e26f1d22db65a2e5ab1,0,contract_or_token,etherscan_labels
0xbc9afcb9b72018a782da9daba885e96fba3969f1,1,scam_heist,etherscan_labels
0x2b4fc10473ffc5d590d187fcb0b3a79d9ed7b03e,0,contract_or_token,etherscan_labels
0xa2db17e3510dc323952aa9a3a7ee7e2567d0096d,0,contract_or_token,etherscan_labels
0x163b4bff56572b55e95085f44ce6939360ef6ae1,0,contract_or_token,etherscan_labels
0x568b6d9ca30b4d1f69646597e928d03b4a987839,1,scam_heist,etherscan_labels
0x12f976385e26c2dad0e89cba5783d3d96605802c,0,contract_or_token,etherscan_labels
0x65a094427dee5067782739870f92527e27501bcb,0,contract_or_token,etherscan_labels
0xf021d8fde3a8d579fd2d275252fb47ccde0a8eac,1,scam_heist,etherscan_labels
0xcaa7e6aff100c6ff3d354717919375593e403016,1,scam_heist,etherscan_labels
0xabcae41337584c9fcc37bc9688721dbbf514fb5c,0,contract_or_token,etherscan_labels
0xc599f66e20a8420894d980624671937d5d7e4ea5,0,contract_or_token,etherscan_labels
0xc4b2c51f405e4e8bc498385240f6fec11969d071,0,contract_or_token,etherscan_labels
0xe853c56864a2ebe4576a807d26fdc4a0ada51919,0,exchange,etherscan_labels
0x386fec1b6e48fb3670b6f8f70f207c286d1394ed,0,random_sample,bigquery_random_sample
0x7d98743ae996485b65b4c5120493c87037be5f95,1,scam_heist,etherscan_labels
0x34e26df719e8a5d564a7294784b23d77b67b449b,0,contract_or_token,etherscan_labels
0x4b1a99467a284cc690e3237bc69105956816f762,0,contract_or_token,etherscan_labels
0xefa3e716a4c6a654a0d43a8e95a0c7e3af4f4430,0,contract_or_token,etherscan_labels
0xf5a434fbaa1c00b33ea141122603c43de86cc9fe,0,contract_or_token,etherscan_labels
0x6c48e41a54758693f09b318cd944cd335c35d1d5,1,scam_heist,etherscan_labels
0xd4d350e0e7730660e6cdf532d613cdfe775d6513,1,scam_heist,etherscan_labels
0xa50823fd73c7dee985d898ba4fd62d70225610ca,0,contract_or_token,etherscan_labels
0x4d2fd5dda79a84b13776f20ef54c6a8dddb8c2c0,1,scam_heist,etherscan_labels
0x6ebbeed66adf3927528559a7a60e4fdd2d63302c,0,contract_or_token,etherscan_labels
0xc3d03e4f041fd4cd388c549ee2a29a9e5075882f,0,contract_or_token,etherscan_labels
0xba9ab9710bd461f30c247f4ca2cb7f453c22570e,0,contract_or_token,etherscan_labels
0x74fd971ac545e6ea08f4ab527a3e7745173961e2,0,contract_or_token,etherscan_labels
0x98b3a713689f45f7a821471b57ffaaef4d405fbe,1,scam_heist,etherscan_labels
0x464b268f3d874429d7374df30521a4954ac7f683,0,contract_or_token,etherscan_labels
0x2b67d1a87a8d8b280a23e97bc55095215ee0ec53,0,contract_or_token,etherscan_labels
0x7a7d65a9fc911eefe72385f36a87a1db710e982a,1,scam_heist,etherscan_labels
0x7caebb7e7970cc58dcca161d6b6e01aa92867312,0,contract_or_token,etherscan_labels
0xd281ec4bc7e98c6d11aeefbac81bad610d3b99e7,0,contract_or_token,etherscan_labels
0x7450f3887ed9e2fcd15d609483d2a85f5efa33ef,0,contract_or_token,etherscan_labels
0x452aadf9d02cfe3a22e0ba1faa991673e8fdb39c,0,contract_or_token,etherscan_labels
0xe093973b45d3ddfc7d789850ad5b5bbd6a59846f,0,contract_or_token,etherscan_labels
0xccefd1ada4bfa1678985f426dd2726781a917c3a,0,contract_or_token,etherscan_labels
0xf859a6c44f18aa5f7fc71387b603c6b63a0dbe04,0,contract_or_token,etherscan_labels
0x004efeca2bdf918e61669d5ca356211463378f81,0,contract_or_token,etherscan_labels
0xbf0783e59c82d5c936e6e609da36aa542fc32df5,0,contract_or_token,etherscan_labels
0x8d79c73daae8630c88de372ba8f57592fa987607,1,sanctioned,ofac_sdn
0x305aad96594056eb1d345240e0660f563da24ddc,0,contract_or_token,etherscan_labels
0x0e05e398b979720504bcb9b15c43719cde84e530,0,contract_or_token,etherscan_labels
0x83daabd881ec43f3d657c8f9c13272df2501ab6b,0,contract_or_token,etherscan_labels
0xea9b00b169dda4cbc9fa0a64b0d1e4a6a23a3f34,0,contract_or_token,etherscan_labels
0x43eda504614416ba7075a0fdc94394fd7cc8fe0f,1,scam_heist,etherscan_labels
0x06fe6d8d59804c4c03b9425dc278775909265b4b,0,contract_or_token,etherscan_labels
0xc4586ca4d58de61bba6d4c785df463426c3b0ae6,0,contract_or_token,etherscan_labels
0x6e339be02662e978b7f69796e1b504688ae90279,1,scam_heist,etherscan_labels
0x5a6fdba3fa823078073b5696f898b7ce498f5d25,0,contract_or_token,etherscan_labels
0xb3f923eabaf178fc1bd8e13902fc5c61d3ddef5b,0,exchange,etherscan_labels
0xa3733671fec874f5040a60b6c3a66686ba03bdd4,0,contract_or_token,etherscan_labels
0x87d75b17ed88464b43692a70c071e7706facb8ec,0,contract_or_token,etherscan_labels
0x107c1e69634c967f053a6b739d958b69d28df920,0,contract_or_token,etherscan_labels
0x6f8a975758436a5ec38d2f9d2336504430465517,0,contract_or_token,etherscan_labels
0x07cd13c8dd03ba5d899c59176410b92c3f3b1570,0,contract_or_token,etherscan_labels
0x887c3599c4826f7b3cde82003b894430f27d5b92,1,scam_heist,etherscan_labels
0x1d32350305866a7388591757f66e4df68213fdd1,1,scam_heist,etherscan_labels
0xd67fbd58434c9e52b2172edc5b099630c856f6ed,0,random_sample,bigquery_random_sample
0x4bc00829d1b1e59731994c99a90a89a42dbd22d5,0,contract_or_token,etherscan_labels
0x91a39e49d806fd420ce8999cb871885ebd807d5c,1,scam_heist,etherscan_labels
0x9fc5b87b74b9bd239879491056752eb90188106d,0,contract_or_token,etherscan_labels
0xa5488ab4f0780e8d52e793f9929db3f702751269,0,contract_or_token,etherscan_labels
0xc106f1b01017c854a9cd2d88db733408236dd809,0,contract_or_token,etherscan_labels
0xa55d802084d9d23c46a9183785d49c5febb68ce0,0,contract_or_token,etherscan_labels
0xd6d542fce6dc78fcc0b55d445b3fd5f53cfbb90a,0,contract_or_token,etherscan_labels
0x3bf337e1acca1e1f9a759419065b4461a491d153,0,contract_or_token,etherscan_labels
0x4ea237942e52c7095db7acf244e55decf3ad7371,0,contract_or_token,etherscan_labels
0x224cedf6cc71675c1ea066987edc1f77c0da229b,1,scam_heist,etherscan_labels
0x198842f8e0a485dd8213b130c11a62455b9842cf,1,scam_heist,etherscan_labels
0xc2a04278ad502349e6aabb748a41abda9dfd18a9,0,contract_or_token,etherscan_labels
0x7e2a949a065b864ab457239ed3dd11d1047c4cd1,1,scam_heist,etherscan_labels
0xbc68fa58930a2f36d37d16f2f7cfebdd2b7902c6,0,contract_or_token,etherscan_labels
0xdba7372b38513bb08363ca8287238475bcdd2290,0,contract_or_token,etherscan_labels
0xf90e98f3d8dce44632e5020abf2e122e0f99dfab,0,contract_or_token,etherscan_labels
0xd5a7d56ea8a36f855be3720cec1c9b8e4d30c732,0,contract_or_token,etherscan_labels
0x10e5b7e68febf9014e08e2b38894237a45fd32c2,0,contract_or_token,etherscan_labels
0x6b7e6990edad552247857123d61120ee6aa84701,0,contract_or_token,etherscan_labels
0xb2338386ea541225a21b1a22702bb8c5fc5766de,0,contract_or_token,etherscan_labels
0xbb0432b5b46181fa2ae1638ae33e7b7b89fa1a16,0,contract_or_token,etherscan_labels
0xefc9bc61438e8305baa3f2ffe2a2c1554a97fd17,0,contract_or_token,etherscan_labels
0x0becc22e478edcefe4fb105f39e280eca3d580fd,1,scam_heist,etherscan_labels
0xc8a59ba261f36dd2d1d27c0337bd4e328f004563,0,contract_or_token,etherscan_labels
0xce9e76d21727b1a21051ee22a545aaf73dd90468,0,contract_or_token,etherscan_labels
0x67e019bfbd5a67207755d04467d6a70c0b75bf60,0,contract_or_token,etherscan_labels
0x11916d0bf412ceaec57588041c3a7049140df1dd,0,contract_or_token,etherscan_labels
0x40c3a9fbc5cbcc3910d191dac938c8edec0e768f,1,scam_heist,etherscan_labels
0x4213458c69c19e6792510e1153cb0c5834665fdc,0,contract_or_token,etherscan_labels
0x9c5465026c45152bcfba70084cb1ccc065d691ca,0,contract_or_token,etherscan_labels
0xd1b417b1b4a5ebb13817e6340d0aeb3bbdfc55b8,0,contract_or_token,etherscan_labels
0x39fbd1140cd1fc298f00c3ea64b3591de94c67e7,0,contract_or_token,etherscan_labels
0x6ad69f29454114a2b883cda1e4cdb34f9d4f0023,0,contract_or_token,etherscan_labels
0x298d859ec66f859046ad3966d58f4e88fcf6374c,0,contract_or_token,etherscan_labels
0x8d782c5806607e9aafb2ac38c1da3838edf8bd03,0,contract_or_token,etherscan_labels
0x860baf40730e5858e43ee954ce7101613287a420,1,scam_heist,etherscan_labels
0x0000000506063a51c6ce59906d8c40f7d7fe92a7,1,scam_heist,etherscan_labels
0x9bab561f77c7f37304c594dae57aca3418e8a7d3,0,contract_or_token,etherscan_labels
0x86526f570ca6c2c9ffb4a535ffe50fa56fd9dd87,1,scam_heist,etherscan_labels
0xa83f1f96b63d37fc078e1bc17301b027646c22d2,1,scam_heist,etherscan_labels
0x3f88072cde2aa010fbee33ad7dedb68cd030b9a1,1,scam_heist,etherscan_labels
0x9674a222e974fb326c091aec7054c6feee3f7685,0,contract_or_token,etherscan_labels
0xaa8b8ad143bc3d5e779253ed52a4c8fb7cee4133,0,contract_or_token,etherscan_labels
0x5a459d168a55071dd1ad60d7393afbdb72c4ccab,0,contract_or_token,etherscan_labels
0x746a34ce7cc58a795d3f902e6dff38091d519d30,0,contract_or_token,etherscan_labels
0xb153c95bc36156413919480a15f31afed5c0b607,1,scam_heist,etherscan_labels
0x40a526da205c73139749434a10a46239bceccbaf,0,contract_or_token,etherscan_labels
0xa4d4ded2ad61d3b278700148b6a7665d1bea9eda,0,contract_or_token,etherscan_labels
0xe7b36dcedb83418f0da0c37817f8d4665e16e34b,0,contract_or_token,etherscan_labels
0xe2c7795afea2a0e7210ce9b4d40460601c575b31,0,contract_or_token,etherscan_labels
0x6a97890cea6ab8bdde2550d56b885aec1044a30c,1,scam_heist,etherscan_labels
0x59a19d8c652fa0284f44113d0ff9aba70bd46fb4,0,contract_or_token,etherscan_labels
0xb7d6889cbdb36e503aad80aa87ecef5d6b203d69,0,contract_or_token,etherscan_labels
0xb2c98ff85c650d642402a16e02d87d8a433f1212,0,contract_or_token,etherscan_labels
0x43632e3448cd47440fee797258081414d91a58ce,0,contract_or_token,etherscan_labels
0x3281062759acbec9a34f2c4483ae28671acc5103,0,contract_or_token,etherscan_labels
0x20566d84d979841849478e3d17fc81445152b84b,0,contract_or_token,etherscan_labels
0x48454ddf0ca25c7bdb5b419f63e9e85131e8a0e9,1,scam_heist,etherscan_labels
0x34fa437bbfce91bc602da9c1305cd916a41f0e5f,1,scam_heist,etherscan_labels
0x977f273de431c694260b4ec4832e3c491f18ec9e,1,scam_heist,etherscan_labels
0xc77ed3ae92dcfb1108224b5a4ca1959a19a1b2db,0,contract_or_token,etherscan_labels
0x10a229fc7757e66d21eb753c150f034c50cad267,1,scam_heist,etherscan_labels
0xb0051888d8ce63c5ac1e511e497838f916a47488,1,scam_heist,etherscan_labels
0x9018a9ef1e885e19e81fac27d7450f3f86abec79,0,contract_or_token,etherscan_labels
0x154da9488291e7b682cf892e5b5471c20566f39b,0,contract_or_token,etherscan_labels
0xe26a220a341eaca116bda64cf9d5638a935ae629,0,contract_or_token,etherscan_labels
0x3c2cab6bd6d8be2d206f8e680491085e8f3de017,0,contract_or_token,etherscan_labels
0x38bf761e7fdae8705104e2ecdcce327587dfee06,1,scam_heist,etherscan_labels
0x18d98d452072ac2eb7b74ce3db723374360539f1,0,contract_or_token,etherscan_labels
0x0ed8837cb1df3272b228335341b2d29c2781764a,1,scam_heist,etherscan_labels
0xb9eaf49d9f913bc1314e37bb5482891840c8e3c1,0,contract_or_token,etherscan_labels
0x3c7545708895d22acd6ba1516628366180f96748,0,random_sample,bigquery_random_sample
0xc72b359e77698dafabdcf7460d53e72a7cc861e6,0,contract_or_token,etherscan_labels
0x9202d380502788ee82ae5a13cceae6d6b6515e77,1,scam_heist,etherscan_labels
0xed2ef07c2e7a5513e4da04883f6f2b6ff7947152,1,scam_heist,etherscan_labels
0x794fca00cfc6cc2f7e9362cbd329bfea569132e3,0,contract_or_token,etherscan_labels
0x57ea261a608947800a20704087ba65f0134844ca,1,scam_heist,etherscan_labels
0xdf766589884c1cca11ff9c9c20904ef31d278175,1,scam_heist,etherscan_labels
0xf28bf5bcd8d245d4c3247f7e78a5c0dc64d4cf4d,0,contract_or_token,etherscan_labels
0xbc9aa09e99c864cbf0a646901cc5ab4aa7d1ca47,1,scam_heist,etherscan_labels
0xcaab2680d81df6b3e2ece585bb45cee97bf30cd7,0,contract_or_token,etherscan_labels
0x557b08a0cab46bfe22471b65522757ea92a9e7a5,0,contract_or_token,etherscan_labels
0x1add06b17398afca1ad9993ef17061317e463888,0,contract_or_token,etherscan_labels
0xe965a1f91a08028c5ca7d39746b5c9be6c30d7a0,0,contract_or_token,etherscan_labels
0xce1d96712ea6016fb4ff1ba682dd2ccadee3e984,1,scam_heist,etherscan_labels
0x577959c519c24ee6add28ad96d3531bc6878ba34,0,contract_or_token,etherscan_labels
0x33cf8122cc30c0bc53f05862dcdb506aa7c823d6,0,contract_or_token,etherscan_labels
0x27f8f3d8a05dd1b1b516ed93cbe61f226ed78dda,1,scam_heist,etherscan_labels
0xce571266a2af7f50d6565c13a9418ac818ab4430,1,scam_heist,etherscan_labels
0x34b3aaf611ddb76497da24f3fc49d233170523d6,1,scam_heist,etherscan_labels
0x055cedfe14bce33f985c41d9a1934b7654611aac,0,contract_or_token,etherscan_labels
0xe2edc964f734eea44f3bc703a40653bde7c6c8d5,0,contract_or_token,etherscan_labels
0xd53722659f657f672321a8dff7efbb366b97256d,1,scam_heist,etherscan_labels
0x97d27e46f5cbde0f3ec272c9293dbe2b28147222,0,contract_or_token,etherscan_labels
0x9acc9e81e4d1bfeec7f9847b2085b87247e46b4c,0,contract_or_token,etherscan_labels
0xb338962b92cd818d6aef0a32a9ecd01212a71f33,1,sanctioned,ofac_sdn
0x94fecb4af622a1ab64d11cbb1f01850591cabdf8,0,contract_or_token,etherscan_labels
0x930ae255053e40f430a4fda533eae0de5b131924,0,contract_or_token,etherscan_labels
0x76025cad54906366f1646d60afc7f0bde87a5230,0,contract_or_token,etherscan_labels
0x5ca1317192a51a8eb7e6cf125639c2dc547e649e,0,contract_or_token,etherscan_labels
0x4af6cad1dc8842e0df53ba1fdc7280ff39968d96,0,contract_or_token,etherscan_labels
0x043a80999cee3711d372fb878768909fbe7f71e6,0,exchange,etherscan_labels
0xd014da13c513feb14093513b5e0c7f3a59bf996a,0,contract_or_token,etherscan_labels
0x9cd028b1287803250b1e226f0180eb725428d069,0,contract_or_token,etherscan_labels
0x371a187cdc6fcfc895cf72e9146b2af9779f6c32,1,scam_heist,etherscan_labels
0x7a9d2c9d07c4e5ff4900e591526691ff7e7a1220,0,contract_or_token,etherscan_labels
0x4fd974aee9c45a043d3e10efc3caa7de9ddfb0b3,0,contract_or_token,etherscan_labels
0x34671f6aa0803ff4925ec4d0d15fff12a1023230,0,contract_or_token,etherscan_labels
0x742d35cc6634c0532925a3b844bc454e4438f44e,0,exchange,etherscan_labels
0x4504d4925e734299f7616d7acb1d6ca2a70ea8d5,1,scam_heist,etherscan_labels
0x9c656767097a224eebd675752769f992052ff060,0,contract_or_token,etherscan_labels
0x378b9bb687a312849bfa12271951d59c334ddb95,0,contract_or_token,etherscan_labels
0x8fbe648e88d2f00a5aab8f51cb4be5b936ab76b7,1,scam_heist,etherscan_labels
0xdac17f958d2ee523a2206206994597c13d831ec7,0,exchange,etherscan_labels
0x7dfeef1b3acff3e2fdfa14b21de82601d96cf3a8,0,contract_or_token,etherscan_labels
0x5ed259437bc3f94418b98f7b626ec6a1c75b8992,0,contract_or_token,etherscan_labels
0xbbfaaae0e3694f0f735f89806c5e131ea0529ccc,0,random_sample,bigquery_random_sample
0xa8e4faa056c7f1c41f5838a896daa091dea93901,0,contract_or_token,etherscan_labels
0x7640a2f60616621c4f5209d33e630359125e7197,1,scam_heist,etherscan_labels
0x6ab9db3f818c8d5937ef00e88bd87d31da70f94b,0,contract_or_token,etherscan_labels
0x142d460a7b503ba1f85d2fcf884559886c9c05ef,1,scam_heist,etherscan_labels
0x81c93a4c2b9915ab73ac473dc3a573de776c4b86,0,contract_or_token,etherscan_labels
0xf04b629ebbd664b10ff7b2ceb7f5415e751a1a81,1,scam_heist,etherscan_labels
0x6855fb6db63918cf15389a15dd66b0f3f53f377a,1,scam_heist,etherscan_labels
0x660465060d0de203064ab704e515c4e6825e0e6f,1,scam_heist,etherscan_labels
0x310686d38dfbbd7f473e5423a741cc26be06223f,0,contract_or_token,etherscan_labels
0xc72da4a9c9a97f9e8b527150909d7c880579086a,1,scam_heist,etherscan_labels
0x4d34c08f9bed000df0fdee895fceca5373b39daf,0,contract_or_token,etherscan_labels
0x1f9f9bc358ddc30763e81a0081b86a638e6277ab,0,contract_or_token,etherscan_labels
0x715134a16acb73c86e81df5542e1cf759eeb6fc7,0,contract_or_token,etherscan_labels
0x489a3e41b9baa3da50347c6360d75e0d78ef794c,0,contract_or_token,etherscan_labels
0xa04077670d522e9af8d0e96a724b67b16312f646,1,scam_heist,etherscan_labels
0x51784b2e6c9eff979faa2b80cb3f4cf287b9cd83,0,contract_or_token,etherscan_labels
0x018a06f3411fcf6517e3f28fb7ffb1414067d8e2,1,scam_heist,etherscan_labels
0xab60ce7222c3894d06ca5737f2bc4a184dcbe79b,0,random_sample,bigquery_random_sample
0x0357b936677b7110cc872c2fee92be960219cd3f,1,scam_heist,etherscan_labels
0x3cb9c78c6ad402e78e4ea2e0298b7da4e58f91e7,0,contract_or_token,etherscan_labels
0xab83d182f3485cf1d6ccdd34c7cfef95b4c08da4,0,exchange,etherscan_labels
0xbb18d181293940d2215117e7d3a9fecc12db480e,0,contract_or_token,etherscan_labels
0x11a4975b0eb5a37ec637fe395ad767ca4d4aef7f,0,contract_or_token,etherscan_labels
0xbda092e3073ad5472b7cc3b490f9f4be708acb3e,0,contract_or_token,etherscan_labels
0xe55c3e83852429334a986b265d03b879a3d188ac,0,contract_or_token,etherscan_labels
0x5bbf1527a287af6c285e8b852a7552e14edf5ff5,0,contract_or_token,etherscan_labels
0xf0df48041dcdafb47e623ed81788ff8c0edb05c2,0,contract_or_token,etherscan_labels
0x308461c47381bccce52a7ed6a8e39111f5571577,1,scam_heist,etherscan_labels
0x9875ef95c9446104a1f04f54f8ee6d9ea9012169,1,scam_heist,etherscan_labels
0x67f3f90d88d0dd6b6ebda2e92e5e7c0147514ad3,0,contract_or_token,etherscan_labels
0x09a0eb33a087c898a58a24abbf7fff74aeffa1b1,0,contract_or_token,etherscan_labels
0xa9f1e3bb0e431c63c08f61c7f36b5858d86a4964,0,contract_or_token,etherscan_labels
0x0f7a7dd73140fec9a4c4419da66f4b8e582a11a1,0,contract_or_token,etherscan_labels
0x6ffcad0e1ba3a8be68f0b8449ca1430173a3c451,1,scam_heist,etherscan_labels
0x9da9992b5d01bd0efb1ee8310e8011dc837bd476,0,contract_or_token,etherscan_labels
0x44a20601c1930bcab70a32f70ef37c02f14aff23,0,random_sample,bigquery_random_sample
0x049a029498cd35de8196863c496723816d6f1498,0,contract_or_token,etherscan_labels
0xc325d746b576e7159421041e536873af09c1284f,0,contract_or_token,etherscan_labels
0xdef9180f6b51e81d507c8813f95eafdc921ff296,1,scam_heist,etherscan_labels
0xe6022e6145f24f70a7a8eee91d6499bff8ef9a30,0,contract_or_token,etherscan_labels
0x78bb29f673fb6550cabba1e3d543873da704e373,0,contract_or_token,etherscan_labels
0x1d408746abe6956488c2f6c3b05c21dad67b9785,0,contract_or_token,etherscan_labels
0x86e35bf49001719d694f596bd684e85cb5bd122d,0,contract_or_token,etherscan_labels
0x9da0c3083b7649f177d6f39f76335ddf08c437b8,1,scam_heist,etherscan_labels
0x2c006359a5353a16ad24e3214ef6e1581143222e,0,contract_or_token,etherscan_labels
0x02d9cd8f4b86421bfef64deaac6afe246eefaa0b,1,scam_heist,etherscan_labels
0xeb2629a2734e272bcc07bda959863f316f4bd4cf,0,exchange,etherscan_labels
0x043c1272f536ddaac6595d2e44ce26217cb3e86f,1,scam_heist,etherscan_labels
0x3a7235b97deb1a3da5d6e77cf9a0d1a682d2786b,1,scam_heist,etherscan_labels
0xdec042a90de005b22754e94a8a979c4b8c67fde5,0,exchange,etherscan_labels
0x8c6f57b7eb93991c2e90ea8f69265b78d2fa479a,0,contract_or_token,etherscan_labels
0x08ac64ec9902635d18204a1a75df0173aea00057,0,contract_or_token,etherscan_labels
0x587e1052304638532b5ec62c18eb467600b9ed4a,0,contract_or_token,etherscan_labels
0x74c997a53cd97f75dbc7f6c9be29ce2c2ada2183,1,scam_heist,etherscan_labels
0xdc2be78817492a8c10664f8d1e67252453f11b27,0,contract_or_token,etherscan_labels
0x03bdf69b1322d623836afbd27679a1c0afa067e9,0,contract_or_token,etherscan_labels
0x3b3ae790df4f312e745d270119c6052904fb6790,0,exchange,etherscan_labels
0xb5d147337097d5552150c01e14f5ed03cbf645a7,0,contract_or_token,etherscan_labels
0x8e329b79dfa9a69869577c1518fbf04ef1df6245,1,scam_heist,etherscan_labels
0x1fe439651c324b3497f6669ba208f64fbf905a39,0,contract_or_token,etherscan_labels
0xac2f3977bfeb1904c699b4bb93dc3a9ad970728e,0,contract_or_token,etherscan_labels
0xb4e57904eaa6550e9726cbcb6bfde9693f44720c,0,contract_or_token,etherscan_labels
0xef3e0960f21a90f4390b9a08784ba2268b731d48,1,scam_heist,etherscan_labels
0x8adfc4959e321c18a3b64815773d442201c4ba16,1,scam_heist,etherscan_labels
0x53dd6e231c50108072c0ae1bceb53b46f99e3443,1,scam_heist,etherscan_labels
0x5a076b2d0941f2bc9b49d05d3a1ff9c7acdc5e78,0,exchange,etherscan_labels
0x3465d93b84ed7557d42d84cb7c8999fc3db2113d,1,scam_heist,etherscan_labels
0x3d2717061a33a97283069b79ff9af153147ad787,1,scam_heist,etherscan_labels
0x2cff220058b91769b655402a218093784558d2fd,0,contract_or_token,etherscan_labels
0x6fc91732c2b3834ad046eeb3b29357eb770354e0,0,contract_or_token,etherscan_labels
0xb84c45174bfc6b8f3eaecbae11dee63114f5c1b2,0,contract_or_token,etherscan_labels
0x7a165f8518a9ec7d5da15f4b77b1d7128b5d9188,0,contract_or_token,etherscan_labels
0x209cbf3c2a85886e7a3cbef10b889e8cd4465b21,1,scam_heist,etherscan_labels
0xcbc55ee34c9afe5ec29d67fbca863d7c768d65fe,1,scam_heist,etherscan_labels
0x3832424c2b20cb414587456c895892be589b9277,1,scam_heist,etherscan_labels
0xc764cf4e01f0da48174c71c2107886ae2f7b5272,0,contract_or_token,etherscan_labels
0xb835e10742fd05621780158790d7ae8cfa8c6f05,0,contract_or_token,etherscan_labels
0x8f272aa2bb5974f572188558e6d8ecaf179f7c51,0,contract_or_token,etherscan_labels
0x8f44990d76ca83c96d71a1773a8e76396e055fbb,0,contract_or_token,etherscan_labels
0x0e4383eb32d32f8a23476cb4910a6af89c91ef70,0,contract_or_token,etherscan_labels
0xe407a655717b8fcdbd1d0b77c3225d625d8bfeab,0,contract_or_token,etherscan_labels
0x45a1460d69219bc44ff1d6a303c7bc349adbdfec,0,contract_or_token,etherscan_labels
0x31e007276c5862de19f3bca7d0eaaa236462d69c,1,scam_heist,etherscan_labels
0x27736f4a750e53d765af942fea514e146c488c5c,1,scam_heist,etherscan_labels
0x6db49b60b15b27d3e5c948db3025bc522d5262c9,0,contract_or_token,etherscan_labels
0x104c1e66c67c385e6095ffcc6227d75c761dc019,0,contract_or_token,etherscan_labels
0x8e2f87e1f6e5f42c329e6c544c8641af6ed003f7,0,random_sample,bigquery_random_sample
0xd4033e47c602f05c8211bfe649c6ecb136d44b99,0,random_sample,bigquery_random_sample
0x4a85d283bcd7038cc43b6a8d8c50749dd4eb08e3,0,contract_or_token,etherscan_labels
0x977c146c152fd702c45c809f3972cbe1401ddc97,1,scam_heist,etherscan_labels
0x7b4fee49c2944f6c3be2711bde94473105cb0520,0,contract_or_token,etherscan_labels
0x507e63cb8b846988fcb312e9213a9b72365b3550,1,scam_heist,etherscan_labels
0xc1b5364f1743cf7f54683951f15d07a68ce8f92e,1,scam_heist,etherscan_labels
0x8e8bc99b79488c276d6f3ca11901e9abd77efea4,0,exchange,etherscan_labels
0x3b260cf977df1ff8d87960064daee2ce491a1b91,0,contract_or_token,etherscan_labels
0x46409811b272cd75da6ff94db0335b75ebae9fcc,0,contract_or_token,etherscan_labels
0x59945d03c75aabee6a22a3ad3cb3641a42d15d67,0,contract_or_token,etherscan_labels
0x20d3c86cf6ceda62a6cd65955545413f8ccbc0f3,0,contract_or_token,etherscan_labels
0x8488b94f56c0f0afc702c2f53b5c0cc741bebe1a,0,contract_or_token,etherscan_labels
0x054af886d5554ceaf67159bbac29e6cc83785888,0,contract_or_token,etherscan_labels
0xaa09f334c6b547d360e7ec09a84bf6e580d3dc25,1,scam_heist,etherscan_labels
0xa0206ac75aa347327f8ca82440279bd6a0fdef27,1,scam_heist,etherscan_labels
0xab1b2915a4422014087effd9a61de81cec9b0ae0,0,contract_or_token,etherscan_labels
0x5751da706da58e9f1fe2ed8fdc216b8ee7e25fed,0,contract_or_token,etherscan_labels
0x36928500bc1dcd7af6a2b4008875cc336b927d57,0,exchange,etherscan_labels
0xa4824dc4bc118a2611717063ada3628151d95a2e,0,contract_or_token,etherscan_labels
0x5a8844290f44465c71878fef9827a475ab86ebcf,0,contract_or_token,etherscan_labels
0xb34641e24d278fe0acbd32ff9d85c609669be414,0,contract_or_token,etherscan_labels
0x29b60f032fa7e76b0590f0409b6ae4ea227ae006,0,contract_or_token,etherscan_labels
0x8651d66c70297886241b125f11c9fbf5de040a25,0,contract_or_token,etherscan_labels
0x128d531e9ed721d0576f287eb59be6ffb32ebea2,0,contract_or_token,etherscan_labels
0x0fef335c2f04eb8df83f70ebaa2c4427f40250cd,1,scam_heist,etherscan_labels
0xe2c5b84260b967be04e8f679ea6995a91d34d729,0,contract_or_token,etherscan_labels
0x5a9725c0a15344649539f544aabc95bfd3cee248,0,contract_or_token,etherscan_labels
0xfed38d5274dcaafec307cb586018d4dcbed462ac,0,contract_or_token,etherscan_labels
0x3f41d906b068ba39c01b66121a59de622c68664f,0,random_sample,bigquery_random_sample
0x18891fc0ed41cc8ad00607feae0f86b8c03f515b,0,contract_or_token,etherscan_labels
0x2fa1a2fdd37ef6140ef78441815f1ac6c051bae4,0,contract_or_token,etherscan_labels
0x1417bac01f58f68ebf547a3d5b9d0f6e8a495963,0,contract_or_token,etherscan_labels
0x1be6e88db3db977d9d01ec9838e71ce48e016dd8,1,scam_heist,etherscan_labels
0xfa791b494744f42d5fd709ce91c3da626e705782,0,contract_or_token,etherscan_labels
0x048bb3c32cc9b47109d397a17d1c5a6b0c8b2899,0,contract_or_token,etherscan_labels
0xc5b0302e2e8cefc7552265fc705ca44e713fb8ba,1,scam_heist,etherscan_labels
0xd74a2465ac973dc67512cd7bd348f4db2c061169,0,contract_or_token,etherscan_labels
0xdceacfdc8679cc3223541e840a38627e8d2d9fed,0,contract_or_token,etherscan_labels
0xdde784ca7b45cf0dcce969e2443eb4d2893e43c0,0,random_sample,bigquery_random_sample
0xa38748e581ed362dfaa835116bc34ec47b772565,0,contract_or_token,etherscan_labels
0xa00fa8d6d2baf674f84ee2598f52c60a28dec7b6,1,scam_heist,etherscan_labels
0xdc76cd25977e0a5ae17155770273ad58648900d3,0,exchange,etherscan_labels
0xe2a5d73dc0877d1c6c80f89100de370b7373eb23,0,contract_or_token,etherscan_labels
0x09c5d39e789962776c4c0a0cbbd8106f8034823b,0,contract_or_token,etherscan_labels
0xbd2771ffe06717670d094799c135e32656e3433d,1,scam_heist,etherscan_labels
0x5512d943ed1f7c8a43f3435c85f7ab68b30121b0,1,sanctioned,ofac_sdn
0xef810d82e98e9f1c1f92787d609413841a75ab56,0,contract_or_token,etherscan_labels
0x430bb168b724058024859422bcddcece3f1ef8ca,0,contract_or_token,etherscan_labels
0x918fa9fc01271c851e59beb1532b608eb915b294,0,contract_or_token,etherscan_labels
0x99ea1ad0a8f770a3a625602db703990b7e2b057c,0,contract_or_token,etherscan_labels
0x30b705bfa64be9ae395bd9238efc63e9f5f8d1cc,0,contract_or_token,etherscan_labels
0x6b2931a38fdf7bda5e6cd8c05a63ddc5f1049c5d,0,contract_or_token,etherscan_labels
0x062f6c8a339316346048839b4d6dc6b2809fbbb8,1,scam_heist,etherscan_labels
0x555e8b90b7d72cb935112778d1f58d6044cc4e6a,0,contract_or_token,etherscan_labels
0xe74819722d32377ba7fe94c5421ca4ca4e629169,0,contract_or_token,etherscan_labels
0x1498bd576454159bb81b5ce532692a8752d163e8,0,contract_or_token,etherscan_labels
0xce8ceb18cbe8ec490401110795b3e7928807d4ed,0,contract_or_token,etherscan_labels
0x47cab0ce3d17833f668b2c19611354b5477501af,0,contract_or_token,etherscan_labels
0xa3271477ca80cf46c3ef52325a90a6997813dbd2,1,scam_heist,etherscan_labels
0x41328fdba556c8c969418ccccb077b7b8d932aa5,0,contract_or_token,etherscan_labels
0x2f18b365bf7561f38983256cbd8cb5113953a985,1,scam_heist,etherscan_labels
0x1ee18cb68c5430f16b9a4ad5cf7bcb14dfe12097,1,scam_heist,etherscan_labels
0xe705f499f55f18197fbe15fae4e315d6ba35be5e,1,scam_heist,etherscan_labels
0x58d797263f86ae8885c8757efe1a59bd179357c9,1,scam_heist,etherscan_labels
0xb02ec15a53556165af52c3b37bbd17a23088c98e,1,scam_heist,etherscan_labels
0xe361625f216b79a60665cae0b5c9da53a35ccc0e,0,contract_or_token,etherscan_labels
0x92fb109b00f59bc75ea62d3f4adebf9d5c87b897,0,contract_or_token,etherscan_labels
0x6fafca7f49b4fd9dc38117469cd31a1e5aec91f5,0,contract_or_token,etherscan_labels
0x8d6f396d210d385033b348bcae9e4f9ea4e045bd,0,exchange,etherscan_labels
0xb9be45c692037e13404eba917eb9213e2a1e2ecb,0,contract_or_token,etherscan_labels
0x86eed43741c8884924cd7d06fac878c5e5ef3458,0,contract_or_token,etherscan_labels
0xdbaa04796cb5c05d02b8a41b702d9b67c13c9fa9,0,contract_or_token,etherscan_labels
0xd9fb12fa2886e5ff6280e77bb5f0f518889327d4,0,contract_or_token,etherscan_labels
0x5533ed0a3b83f70c3c4a1f69ef5546d3d4713e44,0,contract_or_token,etherscan_labels
0x9e48fadf799e0513d2ef4631478ea186741fa617,0,contract_or_token,etherscan_labels
0x3a72131d0f4aa76d656d226b3ea5f242e1a4ab62,0,contract_or_token,etherscan_labels
0x9561c32840c10721c2c99291a63e5732750b7609,0,contract_or_token,etherscan_labels
0xb1c82ee87ccc4fd2930a250751e2826d5421b7e0,1,scam_heist,etherscan_labels
0xf5972ea0c181f88e700a5ec1ee573917f98df0eb,0,contract_or_token,etherscan_labels
0x1138e39f8838ebaf63dec72263ffec55c5cd0626,0,contract_or_token,etherscan_labels
0x7580ada50f62112b32b3d651caea54012e454bba,1,scam_heist,etherscan_labels
0x75e3198907f7346ca1662694b22ab26ec6232690,0,contract_or_token,etherscan_labels
0xa673ab3ab4b41eedb0f4c161f9a5f8bdb59c46c4,0,contract_or_token,etherscan_labels
0xf7ac1f571856d7dbfbb56728c48823a2a19e4326,0,contract_or_token,etherscan_labels
0x410359b51054eada970ec74a8a6bd3388f6a2f88,0,contract_or_token,etherscan_labels
0x564286362092d8e7936f0549571a803b203aaced,0,exchange,etherscan_labels
0xc9a361a34e24fa85a4877db6955b4518081fd63d,0,contract_or_token,etherscan_labels
0x1eeadcfd9b4889256f9ec49f9ca06b3291e0c7c4,0,contract_or_token,etherscan_labels
0xbcda222ceba24d0453cc6dc99346edb7ede0007b,0,contract_or_token,etherscan_labels
0xc40c734992a5efcf6e572d54fff8de980154b210,0,contract_or_token,etherscan_labels
0x72785e99d6b17b9e906d2dd8ba840dd6ab3bd300,1,scam_heist,etherscan_labels
0xf1934eab3f6b9cac3967cf6d1732c5e8f4c43230,0,contract_or_token,etherscan_labels
0xf94f1d46c11a90e6967ce91ca4749700515a636a,0,contract_or_token,etherscan_labels
0x8efec9592195b128ac4131a8bfb519806b78cc10,0,random_sample,bigquery_random_sample
0x3be6cf2ff232ecfc4a1493c396e93427cc696ba9,1,scam_heist,etherscan_labels
0x904c625470e978e488e6181c38c4e1cad8f0a57d,0,random_sample,bigquery_random_sample
0x36c60c1cc2818ccb9ea5a1b87c0b309196d2d867,0,contract_or_token,etherscan_labels
0x2e46d8d54b606ebe1e8f653a265ef8b1638e64cb,0,contract_or_token,etherscan_labels
0x1df8f3aad2353e087ec0296ed5c504f6d622ca18,0,contract_or_token,etherscan_labels
0x57ec89a0c056163a0314e413320f9b3abe761259,1,sanctioned,ofac_sdn
0xfff293e1f6c174867f23351c1510833c8087fecb,0,contract_or_token,etherscan_labels
0xe76753910b631ace1412ede7d88e7a73779ca35f,1,scam_heist,etherscan_labels
0x93100c6082321d7369d3d61ea5ffff0c697631d1,1,scam_heist,etherscan_labels
0xcfa5e4bfacdd6c7d50ac7ccbfdfd277408235c53,0,contract_or_token,etherscan_labels
0x3af33bef05c2dcb3c7288b77fe1c8d2aeba4d789,0,contract_or_token,etherscan_labels
0x082280b4ae1a9e552555c256124de96fab63159b,0,contract_or_token,etherscan_labels
0xde2b1581306bd3a20ce705474240a6f8bc123a29,0,contract_or_token,etherscan_labels
0x3507e4978e0eb83315d20df86ca0b976c0e40ccb,0,exchange,etherscan_labels
0x8cd6e29d3686d24d3c2018cee54621ea0f89313b,0,contract_or_token,etherscan_labels
0x87b6f3a2dc6e541a9ce40e58f517953782ae614e,0,contract_or_token,etherscan_labels
0xf04aa45c3a0d993092e8fa5425fbe1ed4821cd53,0,contract_or_token,etherscan_labels
0xaaac83f7a153b1ae998df8dd5c1da1b89e2587a1,0,contract_or_token,etherscan_labels
0x5cbf7edf176734b5350b58a7712c20d5545fc827,0,random_sample,bigquery_random_sample
0x2d7e605bb300ef72517db1dca10a5895ab8d6ea1,1,scam_heist,etherscan_labels
0xc0bcfbbf29ccee3724df8efb85bf232ee5b4cc35,0,contract_or_token,etherscan_labels
0x6792a475e00a160c572d6359b1a539fb839ca71f,0,contract_or_token,etherscan_labels
0xe8f004edd7be691bfbb10e101130a23211ce93a2,0,random_sample,bigquery_random_sample
0x2e933a4612c4fa03b258c2fd183c299d099975be,0,contract_or_token,etherscan_labels
0x10ccf16d5337042840c0ce9598f1592d47e27983,1,scam_heist,etherscan_labels
0x320708dbad4bcbbd091a586bd2e9fd6946f502db,0,contract_or_token,etherscan_labels
0xdcebac8f6c17e0fb0f490ee058933b81c89b953f,0,contract_or_token,etherscan_labels
0x6c18f4269c1f97531a04c7d87b949f9a7f4abe33,0,contract_or_token,etherscan_labels
0x83e5bc4ffa856bb84bb88581f5dd62a433a25e0d,1,sanctioned,ofac_sdn
0xa3f6ebdd220918eb5d45523a7d92f11e55046a20,0,contract_or_token,etherscan_labels
0x44b57179b2351e427b6cd9009d6db04702451139,0,contract_or_token,etherscan_labels
0x2420057461bd2fb756e0a610897c51de7fb18311,0,exchange,etherscan_labels
0x7230d622d067d9c30154a750dbd29c035ba7605a,0,contract_or_token,etherscan_labels
0x9f46bdb33a179556a7676f516f4e5adcaebb5fac,0,contract_or_token,etherscan_labels
0x3f249398757bd07ff3a0af9f3bd94bf237684edf,1,scam_heist,etherscan_labels
0xb78cc26d6cf5742215a8ca5c3a1cb11a9a85a9b1,0,contract_or_token,etherscan_labels
0x5db0115f3b72d19cea34dd697cf412ff86dc7e1b,1,scam_heist,etherscan_labels
0xd3b9f81cf359b60f5730deb890a65cf08880459e,0,contract_or_token,etherscan_labels
0xe05809d3465f0bccd142208c7a3bb15bca23e13f,0,contract_or_token,etherscan_labels
0xb93f696e5c46b6772fc2ff65e459cf9685fac782,0,contract_or_token,etherscan_labels
0x94e8c58cbe8d8d20a3c4624858a589a8706c8ca8,0,contract_or_token,etherscan_labels
0xe3ad9c5df48d22c048a185a8e9afd4ebed2a89cd,0,contract_or_token,etherscan_labels
0x38d2dfc2f67ce4a9daefe6c2f2e3882042f5e439,1,scam_heist,etherscan_labels
0x3b3c0b3626b9c240e3075b62cbc6d38cdbf5dae9,0,contract_or_token,etherscan_labels
0xfa584755a0a4a4b393315941a7610887cd37eb80,0,contract_or_token,etherscan_labels
0x6830c5a4f1a1023d5e9bafeb221cebc9eb6f8ed6,1,scam_heist,etherscan_labels
0xe670b699864d5002c35635712047585cf48ae8e4,1,scam_heist,etherscan_labels
0x9133f16a47c1412f1153ecd2387495d997877634,0,contract_or_token,etherscan_labels
0x9287a47c19842dbd9adba75adcf2715c190968ee,0,contract_or_token,etherscan_labels
0x251e5ddb12e6d3858abe8fe368e74f09940e2a81,0,contract_or_token,etherscan_labels
0x517f396b0582a46c00a20de9904717b55b4dbe46,0,contract_or_token,etherscan_labels
0xb9292b40cab08e5208b863ea9c4c4927a2308eee,0,contract_or_token,etherscan_labels
0xc5fbac9cd71f801bfd07feb85a6ecfd2c793afc6,0,contract_or_token,etherscan_labels
0x16766f20827ab5708ccb93ea70e4dc7f447da96f,0,contract_or_token,etherscan_labels
0xac507c413fafa6f049a1c41de153dcbef3a12af0,0,random_sample,bigquery_random_sample
0x8fedca1b2aa38dd751bf4cb329d2a1fc5b26e8f2,0,contract_or_token,etherscan_labels
0x2e581a5ae722207aa59acd3939771e7c7052dd3d,0,exchange,etherscan_labels
0x33d604cea49f4fd123170e9f4ec14adc4ec9033c,0,contract_or_token,etherscan_labels
0xc08ed9a9abeabcc53875787573dc32eee5e43513,0,contract_or_token,etherscan_labels
0xdce3601e18389b46dc1e009760fab0c0a6140db9,0,contract_or_token,etherscan_labels
0x30532bfd106d8c49841c2c47cfee59fe138e19e0,0,contract_or_token,etherscan_labels
0x2d9c622806d0e6d4b12eb194f0382017f4047e9c,1,scam_heist,etherscan_labels
0x3146b0b7ad273f1f80969da2dcf119fd11399d39,0,contract_or_token,etherscan_labels
0xeb1c3021eb23a9b5a0e54beecb2c24c72d630c8b,0,contract_or_token,etherscan_labels
0xfb3569b9078344de30f4a511c35eff8f5d063a11,0,random_sample,bigquery_random_sample
0x78769de5a6ce5e10b4523bc70a8f7ea2f85d6d68,0,contract_or_token,etherscan_labels
0x69aa90c6cd099bf383bd9a0ac29e61bbcbf3b8d9,0,contract_or_token,etherscan_labels
0xce901d921893512ab12f805856b200faadc9af0a,1,scam_heist,etherscan_labels
0xd626015edfbbeba3def1d764a162a0b4d7bf22f0,0,contract_or_token,etherscan_labels
0xce8d27423b8d5b0196f1b32c225407dd1c681330,0,contract_or_token,etherscan_labels
0xd0382ad6fe3759ab65fc4bc435f47045ffea77c7,0,contract_or_token,etherscan_labels
0xd6ade46b608aa954f866d218068c3d1d1d4ba38d,0,contract_or_token,etherscan_labels
0x0d46a9c04a8e50e5f0a88cda81c4f1c356a8a1b6,0,contract_or_token,etherscan_labels
0x1742caf5f3380483668a1a7ea53083fd0538b7c1,0,contract_or_token,etherscan_labels
0x881d4032abe4188e2237efcd27ab435e81fc6bb1,0,exchange,etherscan_labels
0x745daa146934b27e3f0b6bff1a6e36b9b90fb131,0,contract_or_token,etherscan_labels
0xb9d190485026abd119d892161b1ebaac1732e53b,0,contract_or_token,etherscan_labels
0x4441eb3076f828d5176f4fe74d7c775542dae106,0,contract_or_token,etherscan_labels
0x10306faa1b95aa77c192c7570932434d68244d46,1,scam_heist,etherscan_labels
0x75feab555e4db0a5fd6a2c46d31e4c907884dcfb,0,contract_or_token,etherscan_labels
0x0d167d8cbbfc00ffa239640134d780a808e8fba0,0,contract_or_token,etherscan_labels
0x4895aa1e134d8cd028d2eceaf12cd0d9a2db1c0f,0,contract_or_token,etherscan_labels
0x20dd5acc97e3f8685a9da6e499b21b22a7967279,0,contract_or_token,etherscan_labels
0x03945b2932b00dc76cac0932aec89c0820336689,0,contract_or_token,etherscan_labels
0xbc729bc4123ca5ecc01d93295cba6c27ee2507b5,0,contract_or_token,etherscan_labels
0x32bf9b7d71d5a383dee6146013fb714ec2e9327d,0,contract_or_token,etherscan_labels
0x262e500021dbbb3d172853b5991d201cd0302b9d,0,contract_or_token,etherscan_labels
0x67e789c4a276f6822d2bfb7b86fc74bc085bc95d,1,scam_heist,etherscan_labels
0xc2db4c131adaf01c15a1db654c040c8578929d55,0,contract_or_token,etherscan_labels
0x7e595d63cfa92262072b6caa84793bb038f895a7,0,contract_or_token,etherscan_labels
0xba21ef4c9f433ede00badefcc2754b8e74bd538a,0,contract_or_token,etherscan_labels
0x986627db5e4aae987f580feb63d475992e5ac0ae,0,contract_or_token,etherscan_labels
0x10780f38d60c2ff38137ff17d114b453cd460bf4,0,contract_or_token,etherscan_labels
0x764a82c7aa70b60769d752215c2550f7e4ea54ab,0,contract_or_token,etherscan_labels
0x3c00a3fa2eef1afccf044af59ce105b8200272cd,1,scam_heist,etherscan_labels
0xb9554f36351ea7b86b7b67d28204d527be5f28e8,1,scam_heist,etherscan_labels
0xef287b8ad0ead84a6c7007ea56c6d46fd06af1a0,0,contract_or_token,etherscan_labels
0xfa3c06c8974afadabac543f359034129e50d91ce,0,contract_or_token,etherscan_labels
0x5248102e1935eb8fc65bd5cdd3d775672666adf7,1,scam_heist,etherscan_labels
0x7c7ff6ad5ad2b55e496f99db58b040875416cb71,0,contract_or_token,etherscan_labels
0xb1af8c0702ece3ca0535322fa0cbf9087f24b249,1,scam_heist,etherscan_labels
0xc42a6cefc90c6140aaed98c627edbbe495e111f9,0,contract_or_token,etherscan_labels
0xccc0f922383feaf9fefc7b9207ae56130b5cb7b7,0,contract_or_token,etherscan_labels
0x009f1e8d579ed8f651213b11a4973bc132bd9b77,0,contract_or_token,etherscan_labels
0x3e934fbb331e60e0103f54e0dbb0a6011277f8ab,0,contract_or_token,etherscan_labels
0x4512330f4492672adf1f1bacb3f709df79ae62a9,0,contract_or_token,etherscan_labels
0xf90cb58528db7d2f046463d42a885aac8ac855f5,0,contract_or_token,etherscan_labels
0x2910543af39aba0cd09dbb2d50200b3e800a63d2,0,exchange,etherscan_labels
0x5f0c7d0cab54b80f018598afb950e1eaf2cbd6c9,0,contract_or_token,etherscan_labels
0xa3ca378c543ff48ee25d4132e4eb3fed1d3fcda1,0,contract_or_token,etherscan_labels
0x3114f613b9629afbb6a8a6d9a976c0d76ecc2cd2,1,scam_heist,etherscan_labels
0x795dfdfd413c4a9492cef5b58723f9fb3c8af624,0,contract_or_token,etherscan_labels
0x2e513dc557f3ede1dc1522c891637e12c5bdc4ee,0,contract_or_token,etherscan_labels
0x14f375963c24342c542e74347b803826d95d4b84,0,contract_or_token,etherscan_labels
0x88fc3c8e5c12fe0aac65704b4b5ac3812409ed9b,0,contract_or_token,etherscan_labels
0x28af060e80e2c2105f6f834bfc46f4ce78f1f006,0,contract_or_token,etherscan_labels
0xa738103affdbc04101842a5b7b04576e17924fb8,0,contract_or_token,etherscan_labels
0x6051d2158322dbaaa819871f6ae7ff7e5082eb03,1,scam_heist,etherscan_labels
0xab5d5cd0254d67bebe2d034fb8fea2f5b8dc50ae,0,contract_or_token,etherscan_labels
0x2ee59d346e41478b9dc2762527facf2082022a29,0,contract_or_token,etherscan_labels
0x7fbf86622f3f6457b51f85602d56a10ed5c71098,0,contract_or_token,etherscan_labels
0xc6d587ab2cd555462f8feda36d6fb36c115052ed,0,contract_or_token,etherscan_labels
0x8b6e6e7b5b3801fed2cafd4b22b8a16c2f2db21a,0,contract_or_token,etherscan_labels
0xf2276a389a36819e027cc39910fda5a6595deac7,0,contract_or_token,etherscan_labels
0x808b4d6235535094aa04c27e782db998238e5ce8,0,contract_or_token,etherscan_labels
0xeefa3b448768dd561af4f743c9e925987a1f8d09,0,contract_or_token,etherscan_labels
0x7d07da14b87b6370fb987f022367db438ad38c03,1,scam_heist,etherscan_labels
0x98ad8d1dfd7d4ac0850e24ff8fa8f41b69a60de0,0,contract_or_token,etherscan_labels
0xcff6ef0b9916682b37d80c19cff8949bc1886bc2,0,contract_or_token,etherscan_labels
0x3bd07e80fc3b0ac5bb3536309370db43a1053c89,1,scam_heist,etherscan_labels
0x06259b89d286e114c424d23d7629a5cebd0f6625,1,scam_heist,etherscan_labels
0x5166c51aa22896b0ae1b1e2737421d603a779dd6,0,contract_or_token,etherscan_labels
0xa540aabecfef9c19765a82e219505c750c69bbf2,0,contract_or_token,etherscan_labels
0xdc71278e4e6555f9255f58c121ec4964bcaffe19,1,scam_heist,etherscan_labels
0x3bd73cc226623b459a78bf3a6694cbfb1e742ed5,1,scam_heist,etherscan_labels
0xd323f9d737dab8620ea8a0c2b84a2ac0f85e6e72,0,contract_or_token,etherscan_labels
0xeebeff9e7c89803d1ceb3df9703a26b3acf86d45,1,scam_heist,etherscan_labels
0x22fc0ce06aa12d53a34ff38c3eae71868ec78b8e,0,contract_or_token,etherscan_labels
0x729bf28b47712cd95b59e07dc910aff4ba1b8dec,1,scam_heist,etherscan_labels
0xbb0b13a176d2595c573fb75b58d1d60a19b6a973,0,contract_or_token,etherscan_labels
0x0b524d847b5127ff76e4272132b2815f0041be00,1,scam_heist,etherscan_labels
0xbfdaa10e3045823fa6a60e98f530ac02fdeec501,1,scam_heist,etherscan_labels
0xbd73cf1ec9ebb01f5aa1a43b3a47f625e11ec938,0,contract_or_token,etherscan_labels
0x0f5ce3bd139c023eb6194ecd5590055e2edabbbd,0,contract_or_token,etherscan_labels
0x2961c01eb89d9af84c3859ce9e00e78effcab32f,0,contract_or_token,etherscan_labels
0xb95ab2cfdea14a5b0f8c8b9df9812a6657a6d6c2,0,contract_or_token,etherscan_labels
0x975fe0d8ec218315b62cc39a147cfad83ed8b544,0,contract_or_token,etherscan_labels
0x4f9dde745bf54f207dfc1fe34896d6752c63ad07,0,contract_or_token,etherscan_labels
0xf7211c0e7c7bb1256fd9d4fd9e5201d6375c7d91,0,random_sample,bigquery_random_sample
0xc2da0417f2a78ad100fe092b58fb10314bd8f157,0,contract_or_token,etherscan_labels
0x097522a32d79a6900958d6ea035a4216ae49d221,0,contract_or_token,etherscan_labels
0x250b58fbf10e611ac101cf6b0f655f14422de45c,0,contract_or_token,etherscan_labels
0x23de0c1b62843e4c577befe74b4a66e17dd1d47c,0,contract_or_token,etherscan_labels
0x5fd923f905b551d5ed6eeb8284537aff7d7cdcd9,0,contract_or_token,etherscan_labels
0x3f82cdc698a377485bbf6751992bbef66f866db2,0,contract_or_token,etherscan_labels
0x0b0b41ffadbad24432c54170527d9e66c31259d9,0,contract_or_token,etherscan_labels
0x30690772f6ecad9ca31aaa2d9e6b9ab3585c2f0c,0,contract_or_token,etherscan_labels
0x395d221d4f1cc6cd8b55ec7e0e9b8a329999cab7,0,contract_or_token,etherscan_labels
0x448244ac36d67096e436ee82039b432126f79b7f,0,contract_or_token,etherscan_labels
0x8c5e6fdfa54b0027e10d9438e8515b6fa6c38fcc,0,contract_or_token,etherscan_labels
0x065fd679d1a95a73377f8aae60a1c26b89ed7939,1,scam_heist,etherscan_labels
0x939ff8e09f7006bcbada0c41d837a74f77597de1,0,contract_or_token,etherscan_labels
0xf2e329be8334d15f59229952420a593e98bbfed4,0,contract_or_token,etherscan_labels
0x950faa40c8b9cf9dd222eb855c66a1931959c7b9,1,scam_heist,etherscan_labels
0xa348641d62a7640ab2eb90712665bdb8d8c8b04c,1,scam_heist,etherscan_labels
0x4a35d869d28da18eae3f10d6059c343d9e944748,1,scam_heist,etherscan_labels
0xcfd281dff4dfe6961cb8e74afcbb94c9cb9e4ee7,0,contract_or_token,etherscan_labels
0x5a74dce93e048b76e927b5eb8a5814113bffb5c0,1,scam_heist,etherscan_labels
0xe0c89cccc23277e06d6ddec02162fd9cfa723226,0,contract_or_token,etherscan_labels
0xc6a67f77e95577169a35d6e59f21e828b0ae3ba8,0,contract_or_token,etherscan_labels
0x927d41bfcda3da1b364ce44dffe4502c6871d201,0,random_sample,bigquery_random_sample
0x7ff88492aba128d45fd9a90c3a8e462a7bad271b,0,contract_or_token,etherscan_labels
0x4599d0f1185d81fda2bdcbbc8cb5b802d36f5680,0,contract_or_token,etherscan_labels
0xf1360c4ae1cead17b588ec1111983d2791b760d3,0,contract_or_token,etherscan_labels
0x8ce98e58b4cb8e11d17f1419c528df0c50ed69d6,1,scam_heist,etherscan_labels
0xa8e0c42f45c877e611c76f2d4bf57476f2014381,0,contract_or_token,etherscan_labels
0x3349217670f9aa55c5640a2b3d806654d27d0569,0,contract_or_token,etherscan_labels
0x5569061bafd2733e0e8fdc81234f662bd5ac722b,1,scam_heist,etherscan_labels
0xdd58ff0d1460f992ad6786dd7ce78a4a83adf1e9,0,contract_or_token,etherscan_labels
0x52b4f0c9c63e63b4237a2dd90ea0a4da78bb9ac2,1,scam_heist,etherscan_labels
0x3f9ee8dc2fa993127b465eb1a360b961d783a483,1,scam_heist,etherscan_labels
0xc0ab2830a0ea3b26c387793f147dc9719bd4e3f5,0,contract_or_token,etherscan_labels
0xac1ce734566f390a94b00eb9bf561c2625bf44ea,0,contract_or_token,etherscan_labels
0x1d231b85040947f902350ebeacd1c50513e4d77b,0,contract_or_token,etherscan_labels
0x40d24239cca61de7785feb7e75a9c115dd8c59e5,1,scam_heist,etherscan_labels
0x7f841927d3be1507ab7720ed651d81524dcef1af,0,contract_or_token,etherscan_labels
0x92de6182a7e277cd341872854edca1a7e691e49c,1,scam_heist,etherscan_labels
0xaf491d603db3c1138a5ee5db35eb0c7b6c4541a2,0,contract_or_token,etherscan_labels
0x51f5953659e7d63cf0ef60b8674ef819c225169e,0,contract_or_token,etherscan_labels
0x3609b20921f8585717d02d4ae59e33f809e875b0,0,contract_or_token,etherscan_labels
0x443029e75acd7ca29ae737578d4dd91a627d96c2,0,contract_or_token,etherscan_labels
0xfcc43d888ab4d27ccf2108da8f60c1cfc17bd3b4,1,scam_heist,etherscan_labels
0xe069cb01d06ba617bcdf789bf2ff0d5e5ca20c71,0,contract_or_token,etherscan_labels
0xcafb10ee663f465f9d10588ac44ed20ed608c11e,0,exchange,etherscan_labels
0x00a1e325d7bc9172c0b858c5526342439c3d0a76,0,contract_or_token,etherscan_labels
0x9a367a38429d509f00e062b3a6143c1ad0c1250a,0,contract_or_token,etherscan_labels
0x7d785d52f56932883290be8b62f42039b3cca9e3,0,contract_or_token,etherscan_labels
0x9624e9b2265d7a2154dcdd71307ee795f435925c,0,contract_or_token,etherscan_labels
0x02c6260ce42ea5cd055911ed0d4857ecd4583740,0,contract_or_token,etherscan_labels
0x6b2905c1aec77b5687913db4b6d1eadf9cf970b3,0,contract_or_token,etherscan_labels
0x22d7bfadf669976f37c7733a096e3abdb53721eb,0,contract_or_token,etherscan_labels
0xee4148ff794cf1d0976d2063a32a8f562abe6d75,0,contract_or_token,etherscan_labels
0x924cc11fd506fce3dab461aa71a6bb823669ece3,0,contract_or_token,etherscan_labels
0x806e6ca635d668f6004cd7dd3dcd5e127958da3a,1,scam_heist,etherscan_labels
0x0436b55da270d147cd7235f022f6f0a4c43993f1,0,contract_or_token,etherscan_labels
0xfff3ada5a2555a2b59bff4f44dfad90146cce8cb,0,contract_or_token,etherscan_labels
0x7842792a8471d0f5ae645f513cc5999b1bb6b182,0,contract_or_token,etherscan_labels
0xd7c2a4aa31e1bf08dc7ff44c9980fa8573e10c1b,0,contract_or_token,etherscan_labels
0xb8cd3c8d6033c826af99d0c4ff67feee3712d85b,1,scam_heist,etherscan_labels
0xc75ce2c11b3a481b586843510b065e29e8d9fed4,0,contract_or_token,etherscan_labels
0x9f91087db7287083eaa07956b4d57ee92855dbf7,0,contract_or_token,etherscan_labels
0xd41fe0892caab038a4732e6dbd11d8932b7cf4fc,0,contract_or_token,etherscan_labels
0xdc7d39628855b6013000c9af957e6cd484beda6c,0,contract_or_token,etherscan_labels
0x0bff31d8179da718a7ee3669853cf9978c90a24a,0,contract_or_token,etherscan_labels
0x9a7bb14d7e32b2d3600aa22b495a451be335797f,0,contract_or_token,etherscan_labels
0x51d7a6e0392b5c6e79502bc0b77f0e0cdd022348,1,scam_heist,etherscan_labels
0x24814f85d80fc875119470b907bcd9b92082d48b,0,random_sample,bigquery_random_sample
0x4976a1b0d8b57909fa4a370aca8323a0945585ae,0,contract_or_token,etherscan_labels
0x2c7dcd774b33e10367f7d6385479e04f97d179dc,1,sanctioned,ofac_sdn
0x3df1175713784786a31959eda0442b8784ba34ae,0,contract_or_token,etherscan_labels
0xb0824a58f3d26b6df4a037fc85b548f2a6eec096,1,scam_heist,etherscan_labels
0xfdffd50f48db754df1a58d5be654ebb3928c036d,0,contract_or_token,etherscan_labels
0x2a4a07bfabf24cfc7af7d05ff3ff78e7b57f2ec0,0,contract_or_token,etherscan_labels
0xa333d5899d21c356e0cd4e4b96aebc9f7dfab9a6,1,scam_heist,etherscan_labels
0xa67deaa3f700fc0ca67681fe0c1e6c5fbbfa4616,0,contract_or_token,etherscan_labels
0xc837f51a0efa33f8eca03570e3d01a4b2cf97ffd,0,exchange,etherscan_labels
0xfbf19634ec42f7a3fc5b3bd78dfae16d09b49edb,1,scam_heist,etherscan_labels
0xe6cb1c3a212001d02706ef93ea0a87b35b36d016,0,contract_or_token,etherscan_labels
0xb67e28a7e0d1ad886eeeb18b0bda55b7efb56113,0,exchange,etherscan_labels
0x3ea34c838fb724f5ccb54b7338fc0481abff192d,0,random_sample,bigquery_random_sample
0xb011ea8096ce5986f3e89b4c2c02f193c82abea8,0,contract_or_token,etherscan_labels
0xc03f1107a9ffe9e46d10d6f880d64f6b97bd052a,0,contract_or_token,etherscan_labels
0xc2e676ebd7d37bbbbcbe92eb57e435a81af3e559,0,contract_or_token,etherscan_labels
0x0f9ddf273502db48466d60f140d586e883b4afae,0,contract_or_token,etherscan_labels
0x574fdb861a0247401b317a3e68a83adeaf758cf6,0,contract_or_token,etherscan_labels
0x80441f9a4e0c1f42f753e71b3b63dc8b64667dd2,1,scam_heist,etherscan_labels
0x279ca79d5fb2490721512c8ae4767e249d75f41b,0,contract_or_token,etherscan_labels
0x5feb140c79e0776c637a91d27668380826a9c786,0,random_sample,bigquery_random_sample
0xc8f13cae26664fd3a8b53d49506bab4606621505,1,scam_heist,etherscan_labels
0xbf181848d5ce0088b83541c2e11fed8c94c955e1,1,scam_heist,etherscan_labels
0xf75350e9e70c2531345d7b567b742923b2d8ef43,0,random_sample,bigquery_random_sample
0x152649ea73beab28c5b49b26eb48f7ead6d4c898,0,contract_or_token,etherscan_labels
0xd1482dc5d5f6c140a69157d945267831d1cf2d6e,0,contract_or_token,etherscan_labels
0x824063cf83aab15ef7bff055547d454d2cb4b8cd,0,contract_or_token,etherscan_labels
0xb537ae8eebe8a7bec9ee8720c936fd15c35940fe,0,contract_or_token,etherscan_labels
0xd9ed5abd75349aa9b9701bf3cd268bcf4ceb1150,1,scam_heist,etherscan_labels
0x5a770dbd3ee6baf2802d29a901ef11501c44797a,0,contract_or_token,etherscan_labels
0x153b4c29e692faf10255fe435e290e9cfb2351b5,0,contract_or_token,etherscan_labels
0x2db614b9ca9c7f650349ba21a7af55cb587df02c,0,contract_or_token,etherscan_labels
0xa1bb9783775547d8879fe84db32e9c843c99328f,1,scam_heist,etherscan_labels
0x3dc20fc27f078868e337fc2dd22f27ff8914750c,1,scam_heist,etherscan_labels
0x4e3580c3924b306a290d55dcc657bf63fc404261,1,scam_heist,etherscan_labels
0x31a0c1afe431fcb8659003a735fa22613b03ef21,0,contract_or_token,etherscan_labels
0x671c574ef03266cdf616174fa8cd75ca49945a9a,1,scam_heist,etherscan_labels
0x4fabb145d64652a948d72533023f6e7a623c7c53,0,exchange,etherscan_labels
0xf171725e0313389351cdd1ebb87cc1708cec2b95,0,contract_or_token,etherscan_labels
0xe65607162f091af23cf278442ec333321a8c3320,0,contract_or_token,etherscan_labels
0x54f7d982c4abd5ca3482127b9077bcfe80a8361f,0,random_sample,bigquery_random_sample
0x5b86217a0e7877d22902c4b18c2863e5776eb518,1,scam_heist,etherscan_labels
0x1e09a37fd2fb7715992aeec5069cd21b660f3d42,1,scam_heist,etherscan_labels
0x2758bf6af0ec63f1710d3d7890e1c263a247b75e,0,contract_or_token,etherscan_labels
0xdd35bd8a76c711783ae2ef5ed0d6bb3fee18fdc3,0,contract_or_token,etherscan_labels
0x62713503753e179cde1066d9efc854088a4debf0,0,contract_or_token,etherscan_labels
0x8a7bbebedf5ae0422c81a6bd050d0ef65c5bcc8f,0,contract_or_token,etherscan_labels
0x381479aef601d864a0b3882e96e23438ff3011e5,0,contract_or_token,etherscan_labels
0xa39de66d8690d5923fa5e579b19908efb43c8033,0,contract_or_token,etherscan_labels
0xab79e53fba392d16a29cb64ff4fbf281ec579102,1,scam_heist,etherscan_labels
0x4d2e7d81d4da0fe8ac831344d54c027f3eea324c,0,contract_or_token,etherscan_labels
0xcb36c8a473921244c570be749acc87a7b560d2af,0,contract_or_token,etherscan_labels
0x4286560cb4430270ab7d009f189224f070b1c861,1,scam_heist,etherscan_labels
0x56e412d7c022a16cb24a4325d43f5bc1ec322a24,1,scam_heist,etherscan_labels
0x3d7173d89d50a5797614cb7e0324ad6370851909,0,contract_or_token,etherscan_labels
0x3ee7dc29293935b474df93878592d01f82b76dc9,0,contract_or_token,etherscan_labels
0x644d6944666a92e65a3d41250a646e72f4203bb9,0,contract_or_token,etherscan_labels
0xdf34f62a90717bac9067a1b9eb49f5e7419fdc7f,0,contract_or_token,etherscan_labels
0x14af1f801e88314a9a677a0d35517c1d43c51f51,1,scam_heist,etherscan_labels
0x76ea76ca4eb727f18956ab93445a94c5280412b9,1,sanctioned,ofac_sdn
0x4a86c01d67965f8cb3d0aaa2c655705e64097c31,0,contract_or_token,etherscan_labels
0xe683fbdf4c031023d68b43fcbcf3df0780757774,0,contract_or_token,etherscan_labels
0x55e011b7ccd001037ecd5120f5a6e0d648f1f2cc,0,contract_or_token,etherscan_labels
0xa2a7e3605693646769434855e4a45482101851e1,0,contract_or_token,etherscan_labels
0x9b91ac477e285b35dfe8b222f5a36fb7dd76cf3e,0,contract_or_token,etherscan_labels
0x83578bedd7a4b0d26e1a087c2b1f6c805ffc982d,1,scam_heist,etherscan_labels
0xd493cee2bb3c6dd29f75c4c80ecbbac6613ad242,1,scam_heist,etherscan_labels
0x9f39b5913d9093bc8ca389a011e3cd7e8aa78bed,0,contract_or_token,etherscan_labels
0xefe3213030d155e7649df6da3502d74de6e25d38,1,scam_heist,etherscan_labels
0xcf47edc5454759f594a6d3a4b17457c36ea8e047,1,scam_heist,etherscan_labels
0xd69700557c79bab3a9ccc4074a8381b2e5cb6e41,1,scam_heist,etherscan_labels
0x469207752c41d7fdd5cde46cc1c486535d24f224,1,scam_heist,etherscan_labels
0x6fc4819aff0eae81f43ec8fc00bf224128bec902,0,contract_or_token,etherscan_labels
0x5353e4294fcf069a5e8db9b8109d8f23dcd25f35,0,contract_or_token,etherscan_labels
0x6ba975118545f1bcbda6376d08417494ef9a6e16,0,contract_or_token,etherscan_labels
0xe4d236bba818af87fe992a626c7e80a93185dddb,0,contract_or_token,etherscan_labels
0x924ba95d7f0c2b8fef6054301e167f1ffb953387,0,contract_or_token,etherscan_labels
0x9a5ba50d225f30c17305662c8e7a44106356afdf,0,contract_or_token,etherscan_labels
0xfbec2e818c61f97334518961f79c8f856233cc22,0,contract_or_token,etherscan_labels
0x47a89dbe876ffa34580c86b891e21648130f58b9,0,contract_or_token,etherscan_labels
0x61a674cc467e7c6ecaf27dfda3b34890f8fe1ae4,0,contract_or_token,etherscan_labels
0x0b498ff89709d3838a063f1dfa463091f9801c2b,0,contract_or_token,etherscan_labels
0xf54025af2dc86809be1153c1f20d77adb7e8ecf4,0,contract_or_token,etherscan_labels
0xbe1f4dc51e89cf3f72cc4039bb0104eb96f85733,0,exchange,etherscan_labels
0xdc9fb6c1ca9a6f584aa24b559fef198cdd842696,1,scam_heist,etherscan_labels
0x47f0cd2ccdfb9616601d13920e0f06e76017670b,0,contract_or_token,etherscan_labels
0x3312577ad0426cc38db777aca7a7e90ff60ac2f0,1,scam_heist,etherscan_labels
0x04631328f056046ab6a5ae62df2d4fe6bead5334,0,contract_or_token,etherscan_labels
0x53b6936513e738f44fb50d2b9476730c0ab3bfc1,1,sanctioned,ofac_sdn
0x718ff3f9957ab5586ecff2df2aa11121f71f3d67,0,contract_or_token,etherscan_labels
0xb2b161e19cd9edd4494681a4313e16de34700d6f,0,contract_or_token,etherscan_labels
0xbca7b4fba4262a7e369875042d73981921764b30,1,scam_heist,etherscan_labels
0x74b09f9408b25653ae632bbc81449db9d736ffa8,0,contract_or_token,etherscan_labels
0x4b9ef9b7deeff1ca1e8d9a4827073b2b765207d0,0,contract_or_token,etherscan_labels
0x9754411f775c54d6bd8e8db01507a34c272abc02,0,contract_or_token,etherscan_labels
0x08087e28c43e46530503f3a2adae2cb7f5530554,1,scam_heist,etherscan_labels
0x06808e6d257e06236bfe1db74fd62c1f582806af,0,contract_or_token,etherscan_labels
0x8d493fa33a4ad78b17084e1422723c642e06cd54,1,scam_heist,etherscan_labels
0xb58f19e17ef9d8cdd1d870164a026f4135bd0cbf,0,contract_or_token,etherscan_labels
0x9dd7fc49e88e2e665580225410c82386b1b69607,0,contract_or_token,etherscan_labels
0x5919b56128132f0049daa1b638d83beaf08b2e41,0,contract_or_token,etherscan_labels
0x7836b563527bbc70f2428d7feeacbb6890537764,0,contract_or_token,etherscan_labels
0xaa5ab9c6658051b1c4cfc54264223ee7592c5a29,0,contract_or_token,etherscan_labels
0xc88f47067db2e25851317a2fdae73a22c0777c37,0,contract_or_token,etherscan_labels
0xb666e775d9b85948a609f36347edea7c6e15f47a,1,scam_heist,etherscan_labels
0x3528185fde2eef9eca1badc4cf5b4fe767b6e0fc,0,contract_or_token,etherscan_labels
0xfdf9a318f5dc73b4ea4136fd576ca62b023ec7aa,0,contract_or_token,etherscan_labels
0x1a49d23e3ec07f8108c04bb924556f65a1712373,0,contract_or_token,etherscan_labels
0x01c0075b25579229b374dd375afd1982b3fddd0d,0,contract_or_token,etherscan_labels
0x9a39f31dd5edf5919a5c0c2433ce053fad2e0336,0,contract_or_token,etherscan_labels
0x4f89711729bb495cb648d0b47c1e428b41174eb6,0,contract_or_token,etherscan_labels
0xe1996640c0e7ae4ddca6310a25879b8255c7e92f,0,contract_or_token,etherscan_labels
0x0e83602d5caa899f609fea6b8c702d8c8cc3f735,0,contract_or_token,etherscan_labels
0x843a7e45ad0c9a353016bf586dc53e8e1e428ea3,1,scam_heist,etherscan_labels
0x950a7100d489bd386bd6885f1defda478b4e5f2f,0,contract_or_token,etherscan_labels
0xf15e21e1c90f851b735778c001aa22a635bf9dbc,0,contract_or_token,etherscan_labels
0xb731ff7458048edf6f7c8cbd91f9011fa328b33b,0,contract_or_token,etherscan_labels
0xe3e43bc4366d5643bf5a0be511cb1efbd3758d00,1,scam_heist,etherscan_labels
0xdf44a80c17813789f60090638827aeb23698b122,0,contract_or_token,etherscan_labels
0x7094aaaf662b876ec0c22d739fde7fcd0bd1e0e8,0,contract_or_token,etherscan_labels
0x6c80a9a791010ea52aaa7085ebe787b4176a74ba,0,contract_or_token,etherscan_labels
0xd3a38eaeae085b04d4da3614c870c3b985067c40,0,contract_or_token,etherscan_labels
0xf8b085cf89e0021ba16d617fcc5ccc1b3c4948a4,0,contract_or_token,etherscan_labels
0x1d6cd96ecbe7fa1d78ba213ed857b1556b44be63,0,contract_or_token,etherscan_labels
0x1692e170361cefd1eb7240ec13d048fd9af6d667,0,exchange,etherscan_labels
0x98b16121412adcefd7d879f78df90bca886caaef,0,contract_or_token,etherscan_labels
0xc926990039045611eb1de520c1e249fd0d20a8ea,0,contract_or_token,etherscan_labels
0x95212b7dc03e8d4bba9b62ebfa61745df9f017dc,0,contract_or_token,etherscan_labels
0x3a7f3019a295cff0de44eff749987e0d1d5f6424,0,contract_or_token,etherscan_labels
0x4fb3cae84a1264b8bb1911e8915f56660ec8178e,0,contract_or_token,etherscan_labels
0xa94e72c89a6f56e0bd8683f71c3f9f57ec5f4220,0,contract_or_token,etherscan_labels
0x2e7e5a4c2466492b69a05e00e313cd2e68229059,0,contract_or_token,etherscan_labels
0xe8190db88c4688481bb3a09ca18db932e3c7b820,0,contract_or_token,etherscan_labels
0x7fe0bbd6a1ddb15a24c315afe4f45f00bfd0a4c3,1,scam_heist,etherscan_labels
0xb8676e16353497c8e8a71f343baf9679c7897b2f,0,contract_or_token,etherscan_labels
0xae5cb2f51bfc1a5afaf2c6064177a6b2a520e5a3,0,contract_or_token,etherscan_labels
0xbb4946eea34a98b2c0e497cb7f8f3af83311b2af,1,scam_heist,etherscan_labels
0xd76e75fbb57d0af1b14fec9d3f151691c20ece26,0,contract_or_token,etherscan_labels
0xffdd1ebbb1eccb009b3bdc8ac34fb693575d36f2,1,scam_heist,etherscan_labels
0x803fa1e1338cfc5504b214313a74e7ba2b360404,1,scam_heist,etherscan_labels
0xfbaf939ad1b43e541c1107ba712933b84cee7c41,0,contract_or_token,etherscan_labels
0xe6b78ea475a77a447c1c44227c3a8e9839a675c0,0,contract_or_token,etherscan_labels
0xa1ac1450ee86c35d1f959f2792cb8cef726bb60d,0,contract_or_token,etherscan_labels
0x09c4eea8ad5e12e1979a9edda897c4cac13baed9,1,scam_heist,etherscan_labels
0xfc0bddc5f77205dbc290b4c2cfdc3569ba7db817,0,contract_or_token,etherscan_labels
0xef71a185c81d6605cda4a19c8ae2dd8efadae72e,0,contract_or_token,etherscan_labels
0xdf2aba953787c365a819228f5417059a66e70dc3,0,contract_or_token,etherscan_labels
0x404c10ef1239cffddbf0dab103b1e414b0f72703,1,scam_heist,etherscan_labels
0x4c28a18f48cd0f01555e7350c3fc5ce60deded00,0,random_sample,bigquery_random_sample
0xc7d9a8889717a69f16c9c3c626475f7c24c7912d,0,contract_or_token,etherscan_labels
0xf056f435ba0cc4fcd2f1b17e3766549ffc404b94,0,exchange,etherscan_labels
0x607a2730b39fbfeea8fcdcb656bdacfa23501f5e,0,contract_or_token,etherscan_labels
0xb45c5ae417f70e4c52dfb784569ce843a45fe8ca,0,contract_or_token,etherscan_labels
0xd5ed34b52ac4ab84d8fa8a231a3218bbf01ed510,1,sanctioned,ofac_sdn
0x046d8c308fd8b1d287fecec297dea805a6d925f0,0,contract_or_token,etherscan_labels
0xbe844f05e3eada9453156e3fe5c39891b4245bc6,0,contract_or_token,etherscan_labels
0xfffae4a0f4ac251f4705717cd24cadccc9f33e06,0,contract_or_token,etherscan_labels
0x16cb9f72903e280870e12bc5de990b668d6a2d59,0,contract_or_token,etherscan_labels
0x507bbec9eab284e7b3f02e5e620ee48e44f1e6e8,1,scam_heist,etherscan_labels
0x224e13ca815ab8333191efe9c622cd439bd9fc4d,0,contract_or_token,etherscan_labels
0x53d284357ec70ce289d6d64134dfac8e511c8a3d,0,exchange,etherscan_labels
0x0c17dfcb6987faa428f1c27b3b118387899fe8f2,0,contract_or_token,etherscan_labels
0x19cef65550ceb2242a89355cb89888563bcf0cc8,0,contract_or_token,etherscan_labels
0xcc733b12ab73dc285577613e9ce47c65f2925573,1,scam_heist,etherscan_labels
0xcd83cada168c389fb5221e2cc961e6a56163176a,0,contract_or_token,etherscan_labels
0xec54c8442d89de145acd1bb9e09152aad59192c4,1,scam_heist,etherscan_labels
0x2734f4a846d1127f4b5d3bab261facfe51df1d9a,0,contract_or_token,etherscan_labels
0xd715b4b579ed3e3b126620a308da2c5b6680d800,0,contract_or_token,etherscan_labels
0xdf2ff5946df21f818d5f67e62d22486ca470798e,0,contract_or_token,etherscan_labels
0x2e6aff2c29e630e0faeebf4a654cf6e57af136b8,1,scam_heist,etherscan_labels
0x188be80617f3e8a6e89170d03ac7265b220af0d8,0,random_sample,bigquery_random_sample
0xeac2c3d4f65cce2cb9197221934c04a4d1feb863,1,scam_heist,etherscan_labels
0x608c9fdf4db38c6b83d3d6a3150ac8d89f3ace5f,1,scam_heist,etherscan_labels
0x3d8b32a05468223038a164cd90d2eb34cf1322c8,1,scam_heist,etherscan_labels
0xf9b15ead8af6a7bd3fa018ef69f64a502ea49f87,1,scam_heist,etherscan_labels
0x562385758925cf0f1cf3363124fa9ded981d67e3,0,contract_or_token,etherscan_labels
0x050f6837e087009a726f1c7ef7ac058f744f68a2,0,contract_or_token,etherscan_labels
0x801a8b12c6a6bd62dad7f2a8b3d8496c8d0857af,1,scam_heist,etherscan_labels
0x826f313076afae1b86ad211ef79d0616451a9045,0,contract_or_token,etherscan_labels
0x1c3728d8a30cfda5e55885d35a36bfc397e8791c,0,contract_or_token,etherscan_labels
0xbe56eda19e8c0e5163fe599ea5c4431192745b69,0,contract_or_token,etherscan_labels
0xf4377eda661e04b6dda78969796ed31658d602d4,1,sanctioned,ofac_sdn
0x8d6ab3ed30baf3bc7217e3a18377b8175b659be6,0,contract_or_token,etherscan_labels
0x2d42efafde25cdfde195216669b655d8c188218a,0,contract_or_token,etherscan_labels
0xbded49a446de07bb9c1568a4da975d2d319d0d55,0,contract_or_token,etherscan_labels
0x5aec4cff7fc3880ade1582e5e37cf89152e70ace,0,contract_or_token,etherscan_labels
0x0b0dea284a07d60d026691476b130f160e48bd0a,0,contract_or_token,etherscan_labels
0xa892b6ba0d0e5f16e6279a179ac057be77e8ea85,1,scam_heist,etherscan_labels
0xa0f21b3ede02b0befe2f4718efc39241029ba58a,0,contract_or_token,etherscan_labels
0x92c366872c71d2751068690939d0c972e8241377,0,contract_or_token,etherscan_labels
0x03feccfad6d9c6a0f8ef339813643416f3859ae0,0,random_sample,bigquery_random_sample
0x7a6425c9b3f5521bfa5d71df710a2fb80508319b,0,exchange,etherscan_labels
0xd3d555bb655acba9452bfc6d7cea8cc7b3628c55,0,contract_or_token,etherscan_labels
0xe6c5b7f6666f13c716cd9561bfc9c073c9397920,0,contract_or_token,etherscan_labels
0xd9f93c5baf9fb4e1533f76412283f6ef8d906bf9,0,contract_or_token,etherscan_labels
0x78cf256256c8089d68cde634cf7cdefb39286470,0,contract_or_token,etherscan_labels
0xe3e3966c667371d510da5dc14b2d297a0c33b94d,0,contract_or_token,etherscan_labels
0x3329fbcda16f15c4ed1d6847bf18e9d045ee941f,0,exchange,etherscan_labels
0x04a6f4fb538b462c5ea46f331ee249f4c6d60a9d,0,contract_or_token,etherscan_labels
0x7ba20c0831b9ebfcb7a921d37161e768191b2049,0,contract_or_token,etherscan_labels
0x21c48840bb382c9e15120a7c9b9a6cf99a5d1a93,0,contract_or_token,etherscan_labels
0xc0d2abafcd0f5bba37bfe9b06beb34adcea7847a,0,contract_or_token,etherscan_labels
0x1766733112408b95239ad1951925567cb1203084,0,contract_or_token,etherscan_labels
0x5a4ded310e262139144c758ccdf1c99897358595,1,scam_heist,etherscan_labels
0x662511a91734aea8b06ef770d6ed51cc539772d0,0,contract_or_token,etherscan_labels
0x77c28536e60f92f1d5b7ec1bac12bbdd17995dc3,0,contract_or_token,etherscan_labels
0x78aaa0a61ff6299ba3fb8c8366d1958971a45660,0,contract_or_token,etherscan_labels
0x2d9824a63f8f63cf1eee95d957099ba1f78bbbcb,0,contract_or_token,etherscan_labels
0xb14dc6d1bb858758a848393e2f04e0547c380f0b,1,scam_heist,etherscan_labels
0x26d296e9f5a8dae79d0c95a0cd2e05f48fefa574,0,contract_or_token,etherscan_labels
0xf529daa0b8f716801ba6a65507a1a2345d19be58,0,contract_or_token,etherscan_labels
0xa296e8bbd5a34bb14b7689aa6ee2d01857b069e8,1,scam_heist,etherscan_labels
0x9612058664e8e25dbcac956375a0571758123ee4,1,scam_heist,etherscan_labels
0x9f90a60f38bacd9b27096e27b32fd8acb6b1a8f6,0,contract_or_token,etherscan_labels
0x9852730a1e960f16d8947d717d3b21cad2fafcc0,0,contract_or_token,etherscan_labels
0x83297cdfd415301bd27fa2c68c7b639c717b1a3a,0,contract_or_token,etherscan_labels
0x89d39ac7c7534f50c8a56a0c018aa58e0b24418d,0,contract_or_token,etherscan_labels
0xa28d81bf8e4823cf4d6cc2767507dee271994e1a,0,exchange,etherscan_labels
0x1b8874baceaafba9ea194a625d12e8b270d77016,0,contract_or_token,etherscan_labels
0xf040464a9f8f3da5d19c59d36e3a0f02c51ebe6f,0,contract_or_token,etherscan_labels
0x5885f906c031338f124a84dc3483e1ccc6f4e863,0,contract_or_token,etherscan_labels
0x170bd642c91cf81c7972cadde498b216650f36aa,0,contract_or_token,etherscan_labels
0x51a0b6de9493461b5918842a6dcd9ea78d3b1416,0,contract_or_token,etherscan_labels
0x164b245cb4f1198d8b4a156aa2c44e71e4ef8082,1,scam_heist,etherscan_labels
0xe4763f935bf200c57b9e2c3d02ec21eba36196d1,1,scam_heist,etherscan_labels
0x536063e870e2df4403248a55959d933d6df08dba,1,scam_heist,etherscan_labels
0x739e4c57ef305f20b90cc04d384ae17cd7edb90d,0,random_sample,bigquery_random_sample
0xdbb184456618431d4190b253f9664e73bce56d27,1,scam_heist,etherscan_labels
0x51ca21ed46a9df3cb6f34624cbd482d312996730,0,exchange,etherscan_labels
0xc083b41a37619682df012809784f2deab9e4f048,1,scam_heist,etherscan_labels
0x3415a072447e50c80f315f47e6e8beb684105df0,0,contract_or_token,etherscan_labels
0x969a194eb18fcb7417756c159e26d25d8e05cfe2,0,contract_or_token,etherscan_labels
0xa47aaa0dcc5e4bd7d861bc6078d3f942a3dc2534,0,contract_or_token,etherscan_labels
0x69aae96a220813975083048175926c3f1f19da16,1,scam_heist,etherscan_labels
0xf58d6de1659f1670ffddca9ecb4dd0e994e182b7,0,contract_or_token,etherscan_labels
0x65f6870b17694ae8092bd821391604e77979a5de,0,contract_or_token,etherscan_labels
0x8bf495304697e420b3b766ca4d2fb6c9051f3b04,0,contract_or_token,etherscan_labels
0x102ac27f0df5f3601036a6809158e0649f378bbd,1,scam_heist,etherscan_labels
0xb6981eb2ebf1fc62f69c4601097b4a4474264dfe,1,scam_heist,etherscan_labels
0xa83509cab3b68b46212d10a9eb1cb430c4cde591,0,contract_or_token,etherscan_labels
0x40ca499226c94b95016d53b70ed1fa5813265611,0,contract_or_token,etherscan_labels
0x386a54aeffe4c62394755965fb0fd4bfae094f27,1,scam_heist,etherscan_labels
0x8dd09873a1c712a9e0a986df78cbb307f82ee760,0,contract_or_token,etherscan_labels
0xfa203e643d1fddc5d8b91253ea23b3bd826cae9e,0,contract_or_token,etherscan_labels
0xa0e1c89ef1a489c9c7de96311ed5ce5d32c20e4b,1,sanctioned,ofac_sdn
0xd938da53417b522d5a11f79ff17da3f0f9f5157e,0,contract_or_token,etherscan_labels
0xa04ac47d86237e1e2a77d8512bdf62e3350ffbe2,0,contract_or_token,etherscan_labels
0xae15ff242cab4eedce9904774baf0c761f6f9b57,0,contract_or_token,etherscan_labels
0xb493e877fdd0ce531f2a129a08831efcefa44fda,0,contract_or_token,etherscan_labels
0xf778f543188060c555432172e629c016fbe060e4,1,scam_heist,etherscan_labels
0x45f8e63b8da142db365165c4af1c68cbbf962b2b,0,contract_or_token,etherscan_labels
0x30741289523c2e4d2a62c7d6722686d14e723851,0,exchange,etherscan_labels
0x1f407f623b4117ec2a95e0e878c1bad19737867a,0,random_sample,bigquery_random_sample
0x039b5649a59967e3e936d7471f9c3700100ee1ab,0,exchange,etherscan_labels
0x8c68a087130cc7dbf0a48e6ba13b9618d40f06d6,0,contract_or_token,etherscan_labels
0xdc372d0e73c39f448782bc488dddad8bda597236,1,scam_heist,etherscan_labels
0xfd38565ef22299d491055f0c508f62dd9a669f0f,0,contract_or_token,etherscan_labels
0x7ef2c76430b2e450ba0b7c56b7fd5ca32530753e,0,contract_or_token,etherscan_labels
0x0681d8db095565fe8a346fa0277bffde9c0edbbf,0,exchange,etherscan_labels
0x784253c300d6cfc9fbfa358a81cab67da8ef88ac,0,contract_or_token,etherscan_labels
0xa316e340c8f9feba1549dc71cf8b0b87ff2d7463,0,random_sample,bigquery_random_sample
0x659feb90afb43bf9ade6c88ee730ecbfadda01b8,0,contract_or_token,etherscan_labels
0x6469b34a2a4723163c4902dbbdea728d20693c12,0,contract_or_token,etherscan_labels
0x6d313883c6db5ea58bdd5546f403f1fe27e92690,0,contract_or_token,etherscan_labels
0x8b5f44cd7731f9256a0124c7a9fa4ce18507567e,0,contract_or_token,etherscan_labels
0x30e0cf5e044f4b526e3d51bb1a2a70d1e0666fe0,1,scam_heist,etherscan_labels
0xb3b761f4a6fe402c9ac1cebec1ae66a4be2994a0,1,scam_heist,etherscan_labels
0x6c2787df72590a2a124ba7930f5e1af7a6406c79,0,contract_or_token,etherscan_labels
0x097b21e4784c2b224fd8b880939f75b2e9f4dba5,0,contract_or_token,etherscan_labels
0xf3a7077a4de9387c4247af534b94522145f21484,0,random_sample,bigquery_random_sample
0x8f041a3940a5e6fb580075c3774e15fcfa0e1618,0,contract_or_token,etherscan_labels
0xc83ce8612164ef7a13d17ddea4271dd8e8eebe5d,0,contract_or_token,etherscan_labels
0x3e8e89d14e20ae64e59a0d0ac669fcc0d2ff57f4,0,contract_or_token,etherscan_labels
0x7f493f8c3d2c5a02ac73aeed566ed410d5c1b291,1,scam_heist,etherscan_labels
0xa70f8cc54a6e9ea85129abe659067559d42030f9,0,contract_or_token,etherscan_labels
0xf4bf0fad52b55d2bff2fbc253bbbaad21d711803,0,contract_or_token,etherscan_labels
0x2d035737cc3e8efaf06533fe1c3453cf674441c7,1,scam_heist,etherscan_labels
0x9e2363e885ed2f1a65df589d99723458c637a3af,1,scam_heist,etherscan_labels
0x969a0603281653446b1ba87df086aea89e4e8cb9,0,contract_or_token,etherscan_labels
0xfe944d5d48fc94be2454792f98c092cb4b70af9f,0,contract_or_token,etherscan_labels
0x29f6827cbfa2032e0b7f6a4f616f57980fb97da3,1,scam_heist,etherscan_labels
0x3ab8703141b6cfc5c54c0edcccd7abf16fd0f416,0,contract_or_token,etherscan_labels
0x4d8076e0cea0476f77915796df9123f62cd652e0,0,contract_or_token,etherscan_labels
0x459b0a922081e54019c24a3abb7ad6aa1d9b36ca,0,contract_or_token,etherscan_labels
0xed73cdb210b24a59c57275f3f1d91ff0b7020e82,0,contract_or_token,etherscan_labels
0x354594ab5018fed842146c0b2062c82ea8834292,0,contract_or_token,etherscan_labels
0x9070c706919e40c33875600a2ab2d4058518e400,0,contract_or_token,etherscan_labels
0x097f8990874fdbd38fc8add815f9bc9effeed1db,0,contract_or_token,etherscan_labels
0x0bb6e2a9858a089437ec678da05e559ffe0af5b2,0,contract_or_token,etherscan_labels
0xd59c7ee3bd7f9acf17bfa5bad059ae2ec4eee8f6,0,contract_or_token,etherscan_labels
0xf780799585b2f16db57da55829c061b3fa0ab368,1,scam_heist,etherscan_labels
0xa25631202067c53e46edd559aa7a13ad61bd259c,0,random_sample,bigquery_random_sample
0x60acf8d95fd365122e56f414b2c13d9dc7742ad7,1,scam_heist,etherscan_labels
0x40d01e546ed25142ad943eae2774074ae35e1e45,0,contract_or_token,etherscan_labels
0xda5ed43b9b6e36b4f27cc6d8c1974532cdbd55f9,0,exchange,etherscan_labels
0xbc7a01c9482c99037709b14705d10c25661740ab,0,contract_or_token,etherscan_labels
0x30c36a7c7a7e3727a86ea080d97630d61b4e3bda,1,scam_heist,etherscan_labels
0xabf84116200e0a67d4d6673f6ace1da3f8a216f3,1,scam_heist,etherscan_labels
0x6b02a329027469a1beffa3bd02a8acc0624b54b3,1,scam_heist,etherscan_labels
0x72c4d884245d80c6eeb89f9774def966e883c6d1,0,contract_or_token,etherscan_labels
0x5a1993285c17507da692653c96916bb04ca9f555,0,contract_or_token,etherscan_labels
0x85622b4e5c6447d0448b5cd00e957de2b510e03d,0,contract_or_token,etherscan_labels
0x2912c46b99f39942f81863ef8d91dce052ab4c30,1,scam_heist,etherscan_labels
0xd41ec40bd466e54c2b5ed2526e4597a82ca7381c,0,contract_or_token,etherscan_labels
0x9723ebe14cd21bdd26870458f175c75e03cd4466,0,contract_or_token,etherscan_labels
0xcc8d4dccdf7cbe7a3499e78594c4a1d77f569b9b,0,contract_or_token,etherscan_labels
0x2c492138498165c3f6ff94ab7d0b7ab6dd546ada,1,scam_heist,etherscan_labels
0x46efe979a0e4df679b64b056cd3df81f8320269e,1,scam_heist,etherscan_labels
0x7d481708cb6a0018699f1e380f2c55e102942ccb,0,contract_or_token,etherscan_labels
0x155ff1a85f440ee0a382ea949f24ce4e0b751c65,0,contract_or_token,etherscan_labels
0xa5cdb960dbfabc7ff697393714ae84cd1d53befb,0,random_sample,bigquery_random_sample
0xa3919c2ce1e3bdc8662452f8e28ae81f46353f83,0,random_sample,bigquery_random_sample
0x89f3cead363a592dac21cb444b74734011823028,1,scam_heist,etherscan_labels
0x3a85609b1aecdaf2853dda200d9a74dc81a845ba,0,contract_or_token,etherscan_labels
0x5b5082214d62585d686850ab8d9e3f6b6a5c58ff,1,scam_heist,graphsense_tagpacks:ronin_bridge.yaml
0x7ef35bb398e0416b81b019fea395219b65c52164,0,exchange,etherscan_labels
0x502ca49f93ae52d35cd29b359ac0b19260b4fd31,0,contract_or_token,etherscan_labels
0x7d1a66d1f6790681b49c9281010fa1a4ff9c4179,1,scam_heist,etherscan_labels
0x679be1a012def27deb238bf6dc5080805db65bf5,0,contract_or_token,etherscan_labels
0x3a80bb3f082dbc16984a783fb4fd32154132e86f,0,contract_or_token,etherscan_labels
0x7412b3c0f94b65d82662f25e2210913f52996b48,1,scam_heist,etherscan_labels
0xc97e126a9927509297b34db5f3f4321a3f796742,1,scam_heist,etherscan_labels
0xff0a024b66739357c4ed231fb3dbc0c8c22749f5,0,exchange,etherscan_labels
0xa5dcc48e79a80ddfcc86f47b31b30dcefded21e0,0,contract_or_token,etherscan_labels
0x8434019a3ac641d10f93f20efdf5a56456adf8af,0,contract_or_token,etherscan_labels
0xe2dc070524a6e305ddb64d8513dc444b6a1ec845,0,exchange,etherscan_labels
0xbe2631b2615a0eb7a8063094fd84d84b98588505,0,contract_or_token,etherscan_labels
0xee3223583c1723bb8694c309ada39bab252231ee,0,contract_or_token,etherscan_labels
0x1929bacca9fab9cd16efb1afd8b690c50fcfb4df,0,contract_or_token,etherscan_labels
0x5acc84a3e955bdd76467d3348077d003f00ffb97,1,scam_heist,graphsense_tagpacks:forsage.yaml
0x0727e2d2c233795af0a80f3b7144b523341bec1f,0,contract_or_token,etherscan_labels
0xfddbe61486de811184fbf8219e74544efd330356,0,contract_or_token,etherscan_labels
0x5b5df10564e62a3db905090c7222c82e16869c27,1,scam_heist,etherscan_labels
0xd990ef33d359edbb93154a0685972f62ba1f362a,1,scam_heist,etherscan_labels
0xef24ee4187340233427a4511f40dc516c68f0c65,0,contract_or_token,etherscan_labels
0xfad1467f8144837e12a09deb177f926ea0a86ab4,0,contract_or_token,etherscan_labels
0xdc3b488aee9e4ed6ffa180246535645dcb2d6060,0,contract_or_token,etherscan_labels
0x9271d303b57c204636c38df0ed339b18bf98f909,0,contract_or_token,etherscan_labels
0x09397bca64eb0783d90c3b253c5e039bb5f3a4ed,1,scam_heist,etherscan_labels
0x2a16b3d2b8f1906742ff3dd91b2ea0977e5e26e9,0,contract_or_token,etherscan_labels
0xe65de360befdba16426f8d1166b03fce01535a93,0,contract_or_token,etherscan_labels
0x16f8383e99c22fb33144ee9808b4ab25b06c5bb5,0,contract_or_token,etherscan_labels
0x3157daa5c5340ae04c8842a2dd7ca8e861010468,0,random_sample,bigquery_random_sample
0xc3c8e0a39769e2308869f7461364ca48155d1d9e,0,exchange,etherscan_labels
0x7c1460e627d64febe9294c9b6aabd5bb801d7ab6,0,contract_or_token,etherscan_labels
0x3fc748bc9b1958000c149c4fc744f8b5f8f1d577,0,contract_or_token,etherscan_labels
0x9d45081706102e7aaddd0973268457527722e274,0,contract_or_token,etherscan_labels
0xa190a291d31230fafe89962a55b1e77fe14b6ae6,1,scam_heist,etherscan_labels
0xa8719ac56a01690dc85e8e87cb7c3219cbc2d8ea,0,contract_or_token,etherscan_labels
0x1a88d1f7899906febac6236c3377f5a0694e23f1,0,contract_or_token,etherscan_labels
0x4f0f422874e1525d88551d6a755116b9b7dcea7c,0,contract_or_token,etherscan_labels
0xa5cc679a3528956e8032df4f03756c077c1ee3f4,0,contract_or_token,etherscan_labels
0x9266554f50a0a3999a9781eac95421517bc6cc84,0,contract_or_token,etherscan_labels
0xaf9a22bed003d01824ac85b141f2a3073ea1b0dc,0,contract_or_token,etherscan_labels
0x9dd3a82d5f6e5871f52b7961d5aab8bd343c7c82,0,contract_or_token,etherscan_labels
0x8c50e5e1105ce305410da5c721bd0d560e47bdc0,0,contract_or_token,etherscan_labels
0x0aa760947cd519fc35074ac106c9ce1cff8a40ab,0,contract_or_token,etherscan_labels
0xd5384f39a47d0fd988be9f2a5b341b20467c5229,0,contract_or_token,etherscan_labels
0x034f854b44d28e26386c1bc37ff9b20c6380b00d,0,exchange,etherscan_labels
0x49cc774222b2609353cb462313b3a344edd8d713,0,contract_or_token,etherscan_labels
0x5f890841f657d90e081babdb532a05996af79fe6,0,contract_or_token,etherscan_labels
0x947b1ca8f5658b1840a8f69776782ae18e20e199,0,contract_or_token,etherscan_labels
0xd0b53c43d3e0b58909c38487aa0c3af7dfa2d8c0,1,scam_heist,etherscan_labels
0x8d88f384fb251c08805944f0c31e52a2277b530b,1,scam_heist,etherscan_labels
0xf14dd1fc6007bda344806b449a8f52a62f285174,1,scam_heist,etherscan_labels
0xba34e436c9383aa8fa1e3659d2807ae040592498,0,exchange,etherscan_labels
0xccb9b9f4d1b2d3c685ea7ebfc4ee01c55ea4cfcf,1,scam_heist,etherscan_labels
0xe62d946b285122d45be7fbb04e1130658edcfbd4,1,scam_heist,etherscan_labels
0xc2019e004c7c7cbfbb1befbcb6389aa301fb32a8,0,contract_or_token,etherscan_labels
0xa945b3256453986a0a2014591362908a45655cb3,0,contract_or_token,etherscan_labels
0xad8c610b166108dbb2ae8f3d1630db035f35b7ba,1,scam_heist,etherscan_labels
0x66c9e1e4fe518cebfe59c9de16e1c780ef5bacd3,0,contract_or_token,etherscan_labels
0x516bd93d659a8e3b6028022bb07e49b435a1e74a,0,contract_or_token,etherscan_labels
0x479eccecde65e3350d4b2305e42026f6dbae4a18,0,contract_or_token,etherscan_labels
0x97384d957c8346f84457b201fa362db7c23ff1ad,0,contract_or_token,etherscan_labels
0x59fae149a8f8ec74d5bc038f8b76d25b136b9573,0,exchange,etherscan_labels
0xb7b42c9145435ef2432620af3bf82b7734704c75,0,contract_or_token,etherscan_labels
0xbb6e45ef8956de4bce1ea159839e5e518d593c48,0,contract_or_token,etherscan_labels
0x71a0cb5927a4a8c387b200869c540c9e11322d89,1,scam_heist,etherscan_labels
0x4a381b816e45fbfce0d9b010a4ec62d3fbc1e1af,0,exchange,etherscan_labels
0xc230d3a379c00645f4e8825cb6a223ee5136e7be,1,scam_heist,etherscan_labels
0x79be085d1ec8347c97cce55ba9a9751751644e33,0,contract_or_token,etherscan_labels
0x2af5d2ad76741191d15dfe7bf6ac92d4bd912ca3,0,exchange,etherscan_labels
0x598d960eeee655b57c1c5c60f516cde001dc09f8,0,contract_or_token,etherscan_labels
0xc7c52b5d386b999ffa1e469eb723a299881e9df4,0,contract_or_token,etherscan_labels
0x8d5ab4e5e62c6c0c763f9642c92f3aa3421a3f19,0,contract_or_token,etherscan_labels
0x033ecd066376afec5e6383bc9f1f15be4c62dc89,0,contract_or_token,etherscan_labels
0x24c654f6b143dc5cae3c02fbb527ca63aa555dbc,0,exchange,etherscan_labels
0xfe39ce91437c76178665d64d7a2694b0f6f17fe3,0,contract_or_token,etherscan_labels
0x42b1e97b317976e34c20287c31182304b2a112d2,1,scam_heist,etherscan_labels
0x9509665d015bfe3c77aa5ad6ca20c8afa1d98989,0,contract_or_token,etherscan_labels
0xd54023eafb458ac9d747449a9e5c97962831d55e,0,contract_or_token,etherscan_labels
0xdee57059eb8f9caf9176ad0a1277d84efad4777b,0,contract_or_token,etherscan_labels
0xbf5cdcb26072c8aa0395af533db08d9ab242b00a,0,contract_or_token,etherscan_labels
0x9d39a4559a9fb2b4bbede149ecb8249365d05710,1,scam_heist,etherscan_labels
0xc4cfa799ae258379a88c11b38b15e3414bbab249,0,contract_or_token,etherscan_labels
0x343aed64144ed1940360e25917fc781bbb98b899,0,contract_or_token,etherscan_labels
0x6cff7b12a9e3481b70d1c1a6e70ee674f5b9906b,0,contract_or_token,etherscan_labels
0x35280a184f18a00b785875bcc848f1e227bed1ca,1,scam_heist,etherscan_labels
0xfca5eb2d999687b8d6e4318a25451dddba6ff8f5,0,contract_or_token,etherscan_labels
0x47d9e3f2ddae87abe831521cf5a9eb7b71ccf3ef,0,contract_or_token,etherscan_labels
0x37badf1172eeb0f8269f9d5e8472651b1b6660c6,0,contract_or_token,etherscan_labels
0xe659cbac388c8fed117308003a05a9a138cbfa1f,0,contract_or_token,etherscan_labels
0x96306d30112fb1f307109f58b674cc855fd037c7,0,contract_or_token,etherscan_labels
0x946c919d58390be564802ecf7ac7990627fac561,0,contract_or_token,etherscan_labels
0x7996ee6cc025cfc29f4e51b49d6d4eb354b14140,0,contract_or_token,etherscan_labels
0x78d6227cc2ca9d55fc04008b2d2c58306a06a99c,0,contract_or_token,etherscan_labels
0xb637f84b66876ebf609c2a4208905f9ddac9d075,1,sanctioned,ofac_sdn
0xf431898dfbefd54d11405a2a874a55d7f021b0af,0,contract_or_token,etherscan_labels
0x252b17eb53f8baeae583cfed1665a5483632829f,0,contract_or_token,etherscan_labels
0x5978af6b240f08327cbdc321b4837636c942039a,0,contract_or_token,etherscan_labels
0x10761f8dce37331248b6065cf48239153d0d3de8,0,contract_or_token,etherscan_labels
0x40b37bb9ff0410e5a9ee65eaa5ebfdd9c0ce2909,0,contract_or_token,etherscan_labels
0x3052fe989318559811d1c09d392f142bda325d86,0,contract_or_token,etherscan_labels
0x1923b5dbdc74916b0a79254395e6fe35e3b80804,1,scam_heist,etherscan_labels
0x999c9daa5287505d42ab61044abf435b12c48466,0,contract_or_token,etherscan_labels
0x2fe250c81f5980b054bbd3a440e240189cffaf6f,0,contract_or_token,etherscan_labels
0x3f4b1011af32642bbb12eaec693fb14ca37ac69d,0,contract_or_token,etherscan_labels
0x6600e98b71dabfd4a8cac03b302b0189adb86afb,0,contract_or_token,etherscan_labels
0x39db6b0228892d21a9f5bbe6d5f62c52b9e18d9a,1,scam_heist,etherscan_labels
0xfd52305d58f612aad5f7e5e331c7a0d77e352ec3,0,contract_or_token,etherscan_labels
0x82c83dda32db09f63f9a59a129278f3fdc3eee67,0,contract_or_token,etherscan_labels
0xdca8bedda2a15b740d3bc58bb14027c48f2afbf6,0,contract_or_token,etherscan_labels
0x4fcf718855fe7bbb16177ce24566263aa026f8dd,0,contract_or_token,etherscan_labels
0xdeda055c25345141e8515c48a678d45a99aaf691,1,scam_heist,etherscan_labels
0xbb57984978184c65730669dac60b2287aa6f345a,0,contract_or_token,etherscan_labels
0xa862eb147c8a23fefc4601df14947023db43d806,1,scam_heist,etherscan_labels
0x2299a1a18dc8544de366c52a65be739cafb4dcbd,0,contract_or_token,etherscan_labels
0xb2dc93d7e3770674cce12d3af2e457cd6f8b7b93,0,contract_or_token,etherscan_labels
0x9ae419b24592a92b3981ad9700d944400330b3fc,0,contract_or_token,etherscan_labels
0x90e31ab1cb06757e60ddd196f213cb767170987b,0,contract_or_token,etherscan_labels
0x765f0c16d1ddc279295c1a7c24b0883f62d33f75,0,exchange,etherscan_labels
0x439bbe1b8878a66f57c443f303b5905b5378060d,1,scam_heist,etherscan_labels
0x2bf7b66d7b1e29b84007f0fac5b33ebefb0d3773,0,contract_or_token,etherscan_labels
0xbc9c6379c7c5b87f32cb707711fbebb2511f0ba1,1,scam_heist,etherscan_labels
0x0646583be34b133ce5d247f1d94e7effe32b58d0,0,contract_or_token,etherscan_labels
0x2c55f2b1b5a0b7df6126f1ac3632bed912faec82,1,scam_heist,etherscan_labels
0x3b6c3600b6350eb34da0eaf26204fbed8953a14e,0,contract_or_token,etherscan_labels
0x686a01120827cae5230bb81d5c2a74667c8b7552,0,contract_or_token,etherscan_labels
0xda5b87087877033728b9f9b67ea34e2007890cdb,0,contract_or_token,etherscan_labels
0x4bc3a95dcc417aa9856fb50c93d0f73aa477dfb6,0,contract_or_token,etherscan_labels
0x7c8d0315dfee1b7f6a8c36fd95f7e9249105b985,0,contract_or_token,etherscan_labels
0xe82b1dd3073ea1f542207371be2e8c3f0a873904,0,contract_or_token,etherscan_labels
0xf60875d3b0e60bc9f62aeb31af63fdffe3e165ee,0,contract_or_token,etherscan_labels
0x985d215cbd0411ae82d1acb23ca944a20e72d1b2,0,contract_or_token,etherscan_labels
0xb0ed7ef727331bca6bf45e5598dae6c8f164d9bc,1,scam_heist,etherscan_labels
0xda71950f39cdbb856e04cacd61aec898484d22a3,0,contract_or_token,etherscan_labels
0x1d32916cfa6534d261ad53e2498ab95505bd2510,0,contract_or_token,etherscan_labels
0x35c0dc8fd9da87296f70ad7915843a56c1feee93,0,contract_or_token,etherscan_labels
0xff0677aa319585fecd5b06a0bae4d918422ce0e5,0,contract_or_token,etherscan_labels
0xdea0d77a9b02020acf075074881f370a31009982,0,contract_or_token,etherscan_labels
0x97261e4894cb43ee0cf8c5c5c83505bd6cf8a60b,1,scam_heist,etherscan_labels
0x66dcff95eb9b44f4cdf09c6af2d09cc531012dab,0,contract_or_token,etherscan_labels
0x39a0df4cb847aa5877326b7c6af7ad28dcbc7b1e,1,scam_heist,etherscan_labels
0x391a911c273457445d40af81bb6f4978d8ddd250,0,contract_or_token,etherscan_labels
0x7d00efcf5788fe855f72bcf6910ffa660b9a83bc,0,contract_or_token,etherscan_labels
0x2dd7255b487a62d738110bd10f8bc4b4ea989778,0,contract_or_token,etherscan_labels
0x9c4032de39f564367fdeb6e7807179c7e6df0d8e,0,contract_or_token,etherscan_labels
0x53e6728366d8518e69867ee15fa990708c0d8cd6,0,contract_or_token,etherscan_labels
0x34b13f8cd184f55d0bd4dd1fe6c07d46f245c7ed,0,contract_or_token,etherscan_labels
0x201bd36734c8b4765195da62df305e5fcc70c94c,1,scam_heist,etherscan_labels
0xc0e47007e084eef3ee58eb33d777b3b4ca98622f,0,contract_or_token,etherscan_labels
0x74aeff07c5ecf0d2bccc9078cc955f7a4f8b63ed,1,scam_heist,etherscan_labels
0x7688367ad3092e984d5087130c5cbf63581d8a55,0,contract_or_token,etherscan_labels
0x6439256186d2fa69a4fb2561c4648e541065c76f,0,contract_or_token,etherscan_labels
0x3f6aab3bd4a024ae0900a4aca0f8ce7db65dec8b,1,scam_heist,etherscan_labels
0x0330070fd38ec3bb94f58fa55d40368271e9e54a,1,sanctioned,ofac_sdn
0x87033d52425f487652c07f25a6edc8750484200a,0,contract_or_token,etherscan_labels
0xae54ef98b3514ec5eb48bd75346f7445fce5400c,0,contract_or_token,etherscan_labels
0x854123b3c1ea19242d3a1a3510703f8f01635372,0,contract_or_token,etherscan_labels
0xb1984bc3f5f2b20b23380708facc1ec29f9c03c8,0,contract_or_token,etherscan_labels
0x55d31f68975e446a40a2d02ffa4b0e1bfb233c2f,0,contract_or_token,etherscan_labels
0x4f428c11dc82388fa5136d636e613ad923eb700b,1,sanctioned,ofac_sdn
0xae48037d73c30c2aefddaf1407f5b0e8fe1ff5e4,0,contract_or_token,etherscan_labels
0xadeb572b5a753337c22aaed74f8409db953b0146,0,contract_or_token,etherscan_labels
0x000000000000541e251335090ac5b47176af4f7e,0,contract_or_token,etherscan_labels
0x123964ebe096a920dae00fb795ffbfa0c9ff4675,0,contract_or_token,etherscan_labels
0x06bcdfff7b51f5e67f44403ae0c2ee1a1a8f6e28,0,contract_or_token,etherscan_labels
0x794c1f9dd88b557d607b632b9debb3e638783995,0,contract_or_token,etherscan_labels
0x18cc17a1eed37c02a77b0b96b7890c7730e2a2cf,0,contract_or_token,etherscan_labels
0xe06e1bff85187ab405144268c0055a80ba60c179,0,contract_or_token,etherscan_labels
0x06b75638fef03d2a814e40d547678d495678b503,0,contract_or_token,etherscan_labels
0xe5f06db4f3473e7e35490f1f98017728496fe81e,0,contract_or_token,etherscan_labels
0x0b1cd8ebbec000f4a064fad846a225faac1e1885,0,contract_or_token,etherscan_labels
0xe4796a49c6a7b316612f7a095ffd33ac2b078953,1,scam_heist,etherscan_labels
0x5bcf7c79f0b0ddb5adb5824a21e784d384793572,0,contract_or_token,etherscan_labels
0xa5af158d9449da9ba12fd7a6cb6eba5e15ac1ab1,0,contract_or_token,etherscan_labels
0x720de55b8689a1e19847b0e31ffe574d4ab72d31,0,contract_or_token,etherscan_labels
0x41ff9aa7e16b8b1a8a8dc4f0efacd93d02d071c9,0,contract_or_token,etherscan_labels
0x594c883cee163fa1f7e594dbaaf5291ab99fc891,0,contract_or_token,etherscan_labels
0x12ff2b8269e93016e8350c6641b1208b0d70afb8,0,contract_or_token,etherscan_labels
0xe4024f078b1e8aecf970400102da75e158837d36,1,scam_heist,etherscan_labels
0x98e23d501615b649c9c9b6b375a8158960ae835b,1,scam_heist,etherscan_labels
0x37c94a19ca76a849ec631ba82f8f69f01fda9137,1,scam_heist,etherscan_labels
0x18f72f6be2c6c67fd97a41087415996067a53735,1,scam_heist,etherscan_labels
0x9ec579a562b632d5c089d6a8b21b7bf0505d6198,1,scam_heist,etherscan_labels
0x8775ae5e83bc5d926b6277579c2b0d40c7d9b528,0,contract_or_token,etherscan_labels
0xec5c96f2ab2ff9aa416662fd690c39fdd6a536cc,1,scam_heist,etherscan_labels
0x6af5a6ce8c6f9edda44587c78404d96add823b26,0,contract_or_token,etherscan_labels
0xd78b8d17dd3c42e5615236bfa18c07f7de5aeb6a,1,scam_heist,etherscan_labels
0x05cc2e064e0b48e46015ead9961f1391d74e5f83,0,contract_or_token,etherscan_labels
0xf5da9d37853e954945c82ee5167dc0ea7f7e78d4,0,contract_or_token,etherscan_labels
0x775ee938186fddc13bd7c89d24820e1b0758f91d,0,contract_or_token,etherscan_labels
0x17e099f3ff2a1a95079a70dbde59bf446de0725d,0,contract_or_token,etherscan_labels
0x674f9ef0a5b875bdafcd4cb52b36856fe6edbe6a,0,contract_or_token,etherscan_labels
0x9f533382024f02632c832ea2b66f4bbb1dbc4087,1,scam_heist,etherscan_labels
0x7e5e15a2dfcd4f11f556f7b1e7f98487160f8403,0,contract_or_token,etherscan_labels
0xd482792508470f629491302570cfead2dd4da564,0,contract_or_token,etherscan_labels
0x1fc3e6947225367af284605e27277b439e58dc11,0,contract_or_token,etherscan_labels
0xa6ebe923c675603d4b73a8457dd2f86617405eb6,1,scam_heist,etherscan_labels
0x38cc9238cb931584de042b9c13838c0fff3769cc,0,contract_or_token,etherscan_labels
0x747ad02267188593cb44f9e869208b0d3b6345bf,1,scam_heist,etherscan_labels
0x451e862dd49028dbbd3cde548025542739cda57f,1,scam_heist,etherscan_labels
0x490fdf6a7dbe4ae33f48e3b4957601de97cb3a54,1,scam_heist,etherscan_labels
0x9b8753ac5a975708a654d16f7a1c1fc9a7b98828,1,scam_heist,etherscan_labels
0xc581b735a1688071a1746c968e0798d642ede491,0,exchange,etherscan_labels
0x9829007fa88112c5b8e25f59b52422f5c6b6ff6d,0,contract_or_token,etherscan_labels
0x9911b111860bd8a611c2a6654ff38208208055d4,0,contract_or_token,etherscan_labels
0x02085e17ec3530a702e9a15154e1d1b4a53f8352,0,contract_or_token,etherscan_labels
0x1fe8ab6a7ce39c6dcabb5d8c2027b10060bc34a2,1,scam_heist,etherscan_labels
0x55f8b6ef4dcb870326c333e5ceb53723d794d9f0,0,contract_or_token,etherscan_labels
0x13df307ab41869a98acc32d076da1b28c0eeae11,0,contract_or_token,etherscan_labels
0x51245e5395b98b71e47838bcf6c6020b513415fa,0,contract_or_token,etherscan_labels
0xa24ebe62c3e7167c87c6915081815a6b82d45a44,1,scam_heist,etherscan_labels
0x0616c42c82ad14a3a2732bc51d8bf8d05dae7707,1,scam_heist,etherscan_labels
0x1cb8630bbb5d3d693a208d45c450dd6ea56c0d42,0,contract_or_token,etherscan_labels
0x2273ba77c8e7c074f769b3f2599d27b7a4648a15,0,contract_or_token,etherscan_labels
0x7bd0b170fa8aeb0eae4844bf50c23f0be2c7a8e1,0,contract_or_token,etherscan_labels
0xc7296300cb533dc8e43c48d73e32c588b47396d4,0,contract_or_token,etherscan_labels
0x9b84fc7ab1203c1f9bc4c779681a94ab80ba2a94,0,random_sample,bigquery_random_sample
0x26d9980571e77ffb0349f9c801dd7ca9951fb656,0,contract_or_token,etherscan_labels
0x1ba3ca46d0c039eee36b71c2b0eb8b7f227fd7a2,0,contract_or_token,etherscan_labels
0xcd8f2ee69c336eb8d4cdb38a7e1ae4b61950b28c,0,contract_or_token,etherscan_labels
0xd9ce42ba16a333495d4861e956c16d9d18bc8ce1,1,scam_heist,etherscan_labels
0x7f1c7aa2ce3cbc533afc7934156d4ae20d313808,0,contract_or_token,etherscan_labels
0x7471e9de841a6407eefdc9cface3d65abccbe409,0,contract_or_token,etherscan_labels
0x39caf13a104ff567f71fd2a4c68c026fdb6e740b,0,contract_or_token,etherscan_labels
0x7ff974f48e66688d0f14cd61c6a14cd64eaa6aea,0,contract_or_token,etherscan_labels
0xff67a86a01c7c90b0c3f3a26b65c25f432ec1751,1,scam_heist,etherscan_labels
0x764bacf332a43bd5eb6f04e298edf4c034728a61,1,scam_heist,etherscan_labels
0xab9a0624c773a5864a823f71ef790731595036e8,0,contract_or_token,etherscan_labels
0x070cc9e2af88a4e5cd9df6d43e9edcf01652cbc4,0,contract_or_token,etherscan_labels
0x73355194ad8fbb8b2e451a6dc1f362e686c27f5f,0,contract_or_token,etherscan_labels
0x461249076b88189f8ac9418de28b365859e46bfd,0,exchange,etherscan_labels
0x5754284f345afc66a98fbb0a0afe71e0f007b949,0,exchange,etherscan_labels
0x13e57f44d44f47ec9bd8e60c2b055c7e43b29854,0,contract_or_token,etherscan_labels
0xa2dfeac16d3101328aa6e9b54e85258e4397bd95,0,contract_or_token,etherscan_labels
0xe0ad57551ce43c8b67cfd8d43c324e5e6dad5402,1,scam_heist,etherscan_labels
0xf19298f5e42bfcf7d426397cbe7df78dcdc25cf7,0,contract_or_token,etherscan_labels
0x3664f51e2879fd651c308e7798ef4f294fe2f36c,0,contract_or_token,etherscan_labels
0xfa212c9dc01d1899fdcaf19905d013b59127565b,1,scam_heist,etherscan_labels
0xd4bb33342a509ff44e769527f4b9770e1c668cc8,1,scam_heist,etherscan_labels
0xb967058350d81a6904472d2fc8a359f7d76a755a,1,scam_heist,etherscan_labels
0xcb0e9b07226f468374024873862f95dad3a2fc31,0,contract_or_token,etherscan_labels
0xe124502daa3c66dab2af4f4418ce1392248417b8,1,scam_heist,etherscan_labels
0xa410b48d3b42e8a7be7499fed3ba2be9ff83cb6f,1,scam_heist,etherscan_labels
0x2d18e16138196f4a1fd93af24db4b9cbc9f5e938,0,contract_or_token,etherscan_labels
0x311c606b496ed08e74ec56f258490bd62a884bb3,1,scam_heist,etherscan_labels
0x55a5705453ee82c742274154136fce8149597058,1,scam_heist,etherscan_labels
0x8c87ca150234f2d187e6cf0419c642e0486763a8,0,contract_or_token,etherscan_labels
0x53c455dc20195890063ec2a4772263f63d120048,0,contract_or_token,etherscan_labels
0xb6eb59ad9a01813b4986901a42d302eea27804b1,0,contract_or_token,etherscan_labels
0xda6500ffdd9f3ffd9cedb57e88028568bb770ea9,0,contract_or_token,etherscan_labels
0x5a1d5806924e9ab6628e54245a90baec01fa708e,0,contract_or_token,etherscan_labels
0x105cc15877dbbd1ab4e81bbe2e1cbcb9f425ffbe,1,scam_heist,etherscan_labels
0x3169673fe57e87960afc14d0714346273be019b4,0,contract_or_token,etherscan_labels
0x0485c25a5e8d7d0c5676d0e6d3bfc4aa597ba0b0,0,contract_or_token,etherscan_labels
0xbacb69571323575c6a5a3b4f9eede1dc7d31fbc1,0,contract_or_token,etherscan_labels
0x3e44446c0e130d6135187c7d0d50e1b5088d6ff1,0,contract_or_token,etherscan_labels
0x49f03f808dac5b5379ad2be5cb4163acbe48713a,1,scam_heist,etherscan_labels
0xe9ab8038ee6dd4fcc7612997fe28d4e22019c4b4,0,contract_or_token,etherscan_labels
0xd766147bc5a0044a6b4f4323561b162870fcbb48,0,contract_or_token,etherscan_labels
0x68bb81b3f67f7aab5fd1390ecb0b8e1a806f2465,0,contract_or_token,etherscan_labels
0xbfe6f929485508ee1d3adfa2023465e516f28d0f,0,contract_or_token,etherscan_labels
0x3b188b0c813a8d34bb401c9a6630477025823e7d,0,contract_or_token,etherscan_labels
0xda0cad9f08f8f4c5045cebfac9f281d8a4af1442,0,contract_or_token,etherscan_labels
0xfdbbfb0fe2986672af97eca0e797d76a0bbf35c9,1,scam_heist,etherscan_labels
0xdd7cace434f25b087c9894f301f8877787e262ac,1,scam_heist,etherscan_labels
0xe5813a38fef65ef9c879b86017baf9ef80dc491d,1,scam_heist,etherscan_labels
0x63f56dd0872ed913d1bbcdafc09e2aae4fd857f4,0,contract_or_token,etherscan_labels
0x3023c558bbb50ba1cedc4607efe4ad99310158df,0,contract_or_token,etherscan_labels
0x5dcc42789f96911ffd5a087ab5505c7d4efd97bd,1,scam_heist,etherscan_labels
0x5dc4ca91e791252e58d7ee39cae39fcf56fe80f3,1,scam_heist,etherscan_labels
0x23927c11e4b03387f20968af32f548b8e5563a55,0,contract_or_token,etherscan_labels
0x1ae70ab545663cb930c18b3ebd64ae07d66b8637,0,contract_or_token,etherscan_labels
0xf112f054c7753199387d0495a0da0e8872b7c36f,1,scam_heist,etherscan_labels
0x959de8846f505e4f40efaa9bc4102a1d14c7d67e,0,contract_or_token,etherscan_labels
0x679413df824471765a39e5e44dc9299ca4b11a92,0,contract_or_token,etherscan_labels
0xae46af8768b32a4571af40ac3ba2fe4252d9ca27,1,scam_heist,etherscan_labels
0x6cbeddef11007089553bf6a2b70fad439a06949b,1,scam_heist,etherscan_labels
0xb5f78a8d30fe2594f6cd0d454dbfa626d2c21627,1,scam_heist,etherscan_labels
0x614071aaf2b2cb455fba4eabf8a34771e9fa27b5,0,contract_or_token,etherscan_labels
0x1a43f939a8260bf1c730cc1e2a93a8f82e40d49a,0,contract_or_token,etherscan_labels
0x55bab068a339d3c66ff2cb7bedcd7bcfe28fc713,0,contract_or_token,etherscan_labels
0x60aacb5e507d41a95c9109cc6778fb0b94227616,0,contract_or_token,etherscan_labels
0x5eb87caa0105a63aa87a36c7bd2573bd13e84fae,0,contract_or_token,etherscan_labels
0x84e5bf858ee50be323143df88f2089827834b9ce,0,contract_or_token,etherscan_labels
0x2f1d940593e661e1aa1f274aa419f2b8b8acefc2,0,contract_or_token,etherscan_labels
0x229b5c097f9b35009ca1321ad2034d4b3d5070f6,0,exchange,etherscan_labels
0xb1d218c6811ac2c4c26644ed45a8a161a15941fc,0,contract_or_token,etherscan_labels
0x5637bf8cf5f25799faf7c372184bfa6b790f901a,1,scam_heist,etherscan_labels
0x29d2e5957249e5c8c2b22a9101002183f7d35382,0,contract_or_token,etherscan_labels
0xbae4e00a7c6acbc9b1bc61adcbbc6348a9b49972,0,contract_or_token,etherscan_labels
0xdddb70395f1a447c0942a8540ef13af640abd5e6,1,scam_heist,etherscan_labels
0x902c9d7137b4e11a38277606b612511a670e919c,0,contract_or_token,etherscan_labels
0x1e2118a80860a5c92594f5f7d56514bd38f0f0c1,1,scam_heist,etherscan_labels
0x73eba399fbbea50852359ff8b8d0e3eba1f22500,0,contract_or_token,etherscan_labels
0x4c0ebb723bcb72626dcf8387e642a9aa4fc69231,0,contract_or_token,etherscan_labels
0xe1a650e1d81dc1ffcf8e43a376cf67f7f07d8c8e,0,contract_or_token,etherscan_labels
0x9dcc2104f25d40db2f455b458fcbe538c6812bbc,0,contract_or_token,etherscan_labels
0xfaac556087ab39eaf9576dedbd0e44cfe170b364,0,contract_or_token,etherscan_labels
0x4297af51730523eedc5bef598a05e67853de2c15,0,contract_or_token,etherscan_labels
0x439e91c8a56a9e1fb04be68e971b57d99b269459,0,contract_or_token,etherscan_labels
0xdde1ece971e1b0dd9ea212051b9fa9a9f1d14ab8,0,contract_or_token,etherscan_labels
0x66f03b0d30838a3fee971928627ea6f59b236065,0,contract_or_token,etherscan_labels
0x52ce421f7cc47ff2e22736a79a230733ea2781ec,0,contract_or_token,etherscan_labels
0xdccb9a7c699d8d86c7dbb1de1528f4d8d2c4b577,0,contract_or_token,etherscan_labels
0x4b3fa856cef9aa85ed9bbfa8992d6138c5f150e6,0,contract_or_token,etherscan_labels
0x719baaeeaaa67f41885801bae8b754335872f35f,0,contract_or_token,etherscan_labels
0x7aef3763f94fa9dfb52e0cc7f4391e31688968ae,1,scam_heist,etherscan_labels
0xc38f42fbed3d2221599f18f1aaf01262275ce3dd,0,random_sample,bigquery_random_sample
0x5d7669a87153a36adb9980e20f67c621af98adf0,0,random_sample,bigquery_random_sample
0xcd461b73d5fc8ea1d69a600f44618bdfac98364d,0,contract_or_token,etherscan_labels
0x4702add05ce47afe4e42665d5b00ded0813ab3b9,1,scam_heist,etherscan_labels
0xef1cb0b29344f400cf79d52657f64d4e936dc467,1,scam_heist,etherscan_labels
0xf11df5baf7a9ecc6539a6e1f3e27316654a5595a,0,contract_or_token,etherscan_labels
0x1fd2d2d368b0a5e325c61d85554c5ce0e2c1b6d1,0,contract_or_token,etherscan_labels
0xeeeee1033f5486ccd95c77257b2a2f2ee5f1eed8,0,contract_or_token,etherscan_labels
0x0fd211e491a66daa7305949b88d81723cc6ea992,0,contract_or_token,etherscan_labels
0x3287a966bb80a2445d8464e60ed854b15df3d6c4,0,contract_or_token,etherscan_labels
0x7bee47379c01a8a2f73c6506d980ac628388ee00,0,contract_or_token,etherscan_labels
0x5401dbf7da53e1c9dbf484e3d69505815f2f5e6e,0,exchange,etherscan_labels
0x06e91284cc31ee5e50edfa2d89a41861bc8bbe46,0,contract_or_token,etherscan_labels
0x8ee653d4bf998f45365fdf28bd7d1a55335a54a8,0,contract_or_token,etherscan_labels
0xab0e90f073c216ff3fd577a1cf5fa07a9dcd0a29,0,contract_or_token,etherscan_labels
0x12fb15ff6b7420d85f5fe3f9b5ddcfe88aac63c0,0,contract_or_token,etherscan_labels
0x05c6961c6a903d7b8e064ac759ce0172a44c38f7,0,contract_or_token,etherscan_labels
0xa3a2e5e73c8b4cdc89572b808420a34f45615da6,1,scam_heist,etherscan_labels
0x49812738c5c5c3f05622fcbfd192a330ba46a7d5,0,exchange,etherscan_labels
0x26d8151e631608570f3c28bec769c3afee0d73a3,0,contract_or_token,etherscan_labels
0xa94c9dbfdb5d3754399532d923a43f53a6a2cb24,0,contract_or_token,etherscan_labels
0x0fdd5d210b53f7a2b399fc37ef5f8253a024df70,0,contract_or_token,etherscan_labels
0x55353cbadda8fd525f0e6f307b3527d518416700,0,contract_or_token,etherscan_labels
0x8c551a2f7c12c695894ea1876125da363f13c6c1,0,contract_or_token,etherscan_labels
0xf942dba4159cb61f8ad88ca4a83f5204e8f4a6bd,0,contract_or_token,etherscan_labels
0x9ce2cf4b7ba57f22ffd740a0eb9c8c67c15e2187,0,contract_or_token,etherscan_labels
0x78678bc5df1ad74a54265b3c5026e29ca0064bf1,1,scam_heist,etherscan_labels
0x7393140378578e441e410ebf62f8b3ed7c8c3932,1,scam_heist,etherscan_labels
0xa2b8608af1eae40ef19c487f3a770f66ddc7a10b,1,scam_heist,etherscan_labels
0x0aa69e22e0dbd5daea0101415aa7b9b28147f3ae,0,contract_or_token,etherscan_labels
0xcd25584fe1f7ea61d3aa84d2248fb9c2b953c71b,0,contract_or_token,etherscan_labels
0xe295ad71242373c37c5fda7b57f26f9ea1088afe,0,contract_or_token,etherscan_labels
0x02e35963fab259453f527b195fbf5fdc3ab3eadc,0,contract_or_token,etherscan_labels
0xd0cd6c701a567e7a3887a6ba5ebdfc10a6da7f9c,0,contract_or_token,etherscan_labels
0x3a7a90ac4064c55abedfc919a773b54189ea25dc,0,contract_or_token,etherscan_labels
0xc492ff23bc32c078ad429a93d61aeca7acd47628,0,contract_or_token,etherscan_labels
0x8367af78444c5b57bc1cf38ded331d03558e67bb,0,contract_or_token,etherscan_labels
0x957648b83164b1ae2ae715295cf5c154c0cc4267,0,contract_or_token,etherscan_labels
0x1f54495b5952d2a8e5df62cb83e699b8b45637ef,0,contract_or_token,etherscan_labels
0x2760547fa25ce9df109bab40b68cad09e7364a4a,1,scam_heist,etherscan_labels
0xfb3cd0b8a5371fe93ef92e3988d30df7931e2820,0,contract_or_token,etherscan_labels
0x03616c1bb1699d50a8f7a468fcc27593f5936e1b,0,contract_or_token,etherscan_labels
0xdaf02f3490ff5ad4762c0c019ab2510b5e456543,1,scam_heist,etherscan_labels
0x3d5faeb5a82f1a73719a8d344c4d258ac809530f,1,scam_heist,etherscan_labels
0x2577865a9f7dd93e09ec9cc63f560ccdd7d91102,1,scam_heist,etherscan_labels
0x78b9b419011ffac7ff5058e7bd7ed8de7b2577c6,0,contract_or_token,etherscan_labels
0xe6f836d358a019c9ca0b0be238d1e6b29591ffce,1,scam_heist,etherscan_labels
0x782b71f069e35bda5ae0dae2704f985751b44190,0,contract_or_token,etherscan_labels
0x90feaf9360cc77d55d11645f773a046cbb97ab4f,0,contract_or_token,etherscan_labels
0xc116df49c02c5fd147de25baa105322ebf26bd97,0,contract_or_token,etherscan_labels
0xe4cce488de8c6c4c13b05cb8711a304f957d92f7,0,contract_or_token,etherscan_labels
0x87d4bb1053b6c4b8ad4496c4e020cdba79df5dcf,1,scam_heist,etherscan_labels
0x28ed2b6d0a2b995a3db91fb133a56b25bee05382,0,contract_or_token,etherscan_labels
0x9db4cb8bb3263758ad1204110f9d0765cfe56987,0,contract_or_token,etherscan_labels
0x84424d03b3f93ccf1cc6391edbbaf12612d4f10c,0,contract_or_token,etherscan_labels
0x94c92f096437ab9958fc0a37f09348f30389ae79,1,mixer,etherscan_labels
0x3c37908298017707809eeb4895d15e7cbfc6aa6c,1,scam_heist,etherscan_labels
0x797d7ae72ebddcdea2a346c1834e04d1f8df102b,1,sanctioned,ofac_sdn
0x36d960741d2ea0bfccfa23838828af528e38cd9a,1,scam_heist,etherscan_labels
0x4c161a466cec9c45d7980e30137eba94f8133b5b,0,contract_or_token,etherscan_labels
0x30a2ebf10f34c6c4874b0bdd5740690fd2f3b70c,0,exchange,etherscan_labels
0x7f83935ecfe4729c4ea592ab2bc1a32588409797,0,contract_or_token,etherscan_labels
0x648806dae0b6b1bf070324dff045c4af5bee8c61,0,contract_or_token,etherscan_labels
0xc0df696267ec71523b79ca50c0f5b3ada95978e7,1,scam_heist,etherscan_labels
0x96565f5f7be458225e52e332a6a7cd674e95640c,0,contract_or_token,etherscan_labels
0xa707d601a0089e91dc535e38300733dad5fa15b7,1,scam_heist,etherscan_labels
0xe1b659b2d8ae3138ddaf6e2c2182e176093abe3e,0,contract_or_token,etherscan_labels
0xeb6d43fe241fb2320b5a3c9be9cdfd4dd8226451,0,exchange,etherscan_labels
0x2a030b52c052a1d9d69a83cc2e6959c358ae63c0,1,scam_heist,etherscan_labels
0x40aa5306efad9df1919be3ed2a1aa51754e33bad,0,contract_or_token,etherscan_labels
0x61a42ea9d85cebf92abe08e1eb3464ce2c0526e3,0,contract_or_token,etherscan_labels
0x31d18b64fed46c820c5e78a492a25ff91c1c6085,0,contract_or_token,etherscan_labels
0x4f871f310ad0e8a170db0021c0ce066859d37469,0,contract_or_token,etherscan_labels
0xca2008dc6692639907bc229b6510aee63cdf76b2,1,scam_heist,etherscan_labels
0x489c9a3d952fd25541c4d5f2a5f626fb085f3478,1,scam_heist,etherscan_labels
0x6320bacd752eb602fecff80d75b8a3be57b7f282,0,contract_or_token,etherscan_labels
0xb4db7fc33d8ecdeec6f29054c9aa83e1536e224b,1,scam_heist,etherscan_labels
0x188ab731d0142ddded25975200567d51fdcf7cba,1,scam_heist,etherscan_labels
0x5245b037f49c9856748c272dc2d3f088c8cd382f,1,scam_heist,etherscan_labels
0xd97310a6be1c7cefac6d26eeba073c39e7573423,0,contract_or_token,etherscan_labels
0xa8b1cb4ed612ee179bdea16cca6ba596321ae52d,0,contract_or_token,etherscan_labels
0xd9651b65416f6c90864d351c0bb104368928d1bc,1,scam_heist,etherscan_labels
0xddf312942adeb9f54b1c30b28ddd72b8da0e1bb0,0,random_sample,bigquery_random_sample
0x9513b1034f3b64c3e2bc5b71e561db1500a7512f,0,contract_or_token,etherscan_labels
0x33837822a540571d4591a2aeed4918725b840510,1,scam_heist,etherscan_labels
0x9820436bf37e2a38a3cec78161335d1a081321dd,0,contract_or_token,etherscan_labels
0x9facd845a3fb9adf16c3a01cce3c55fadd1195a8,0,contract_or_token,etherscan_labels
0xadbb4ed08c010d8f2a301a6147f7b0019db912c1,1,scam_heist,etherscan_labels
0xe3ed642486a4f4edd290fc8b997134b77ff0be9e,0,contract_or_token,etherscan_labels
0x0887014d1a38c8c64bf51c5207e3b6162015095e,0,contract_or_token,etherscan_labels
0x1a23a6bfbadb59fa563008c0fb7cf96dfcf34ea1,0,contract_or_token,etherscan_labels
0x8c4271d8b62b4336404acc0d4d06e1a0b011fff5,0,contract_or_token,etherscan_labels
0x1af23b311f203844108137d6ee399109e4981401,0,contract_or_token,etherscan_labels
0x5129b92518f2968f0ce2fad63caf3b2ebd46909a,1,scam_heist,etherscan_labels
0xb75e3645846173b69768fc621150334ccde88c33,0,contract_or_token,etherscan_labels
0x5399e1b38102f33ebcc78c3cb6c0fae43513b88d,1,scam_heist,etherscan_labels
0xb0ac1636ef2bbcc55719f90b786794799bbb9609,0,contract_or_token,etherscan_labels
0xe4b0b3f2f54d77867c2fe82f1c8d4fa4c471bbfa,1,scam_heist,etherscan_labels
0x644531810bbe30b9fdcfa7f004205f650f6bfcb9,1,scam_heist,etherscan_labels
0x6f400810b62df8e13fded51be75ff5393eaa841f,0,contract_or_token,etherscan_labels
0xa703c6d03414e7b761a715f6442a73ec1b15cc52,0,contract_or_token,etherscan_labels
0x8fdf03a2e8c9276ccbc228ebcd9c7b1fc1ea486a,1,scam_heist,etherscan_labels
0xcb11313f4b9071736b28c2f616dea5de2f33f078,0,contract_or_token,etherscan_labels
0x75462eac5b8bc3c7c9ccca58defa57b27c587b54,0,contract_or_token,etherscan_labels
0xb50580b0d81d9fe860746387cef9a8fc36d48d49,0,contract_or_token,etherscan_labels
0x6d7c40746accd8e028da5848e38093e5bafe8a18,0,contract_or_token,etherscan_labels
0xa5910940b97b7b8771a01b202583fd9331cb8be3,0,contract_or_token,etherscan_labels
0x1845d8d12846d7d7c6908bc5df48cfe29a7283c7,0,contract_or_token,etherscan_labels
0xae229ac62b2c663a7c9553f76b7999d6a693268d,1,scam_heist,etherscan_labels
0xbe6daaf4ab70a1690759331aec740881620856f0,0,contract_or_token,etherscan_labels
0x05c2b0418cc01b86336de43259aad7261abd5326,0,contract_or_token,etherscan_labels
0xf289d35882dea47c6bd6662f0c5675b07615f0db,0,contract_or_token,etherscan_labels
0x85bcccab2886735e23ddc3e7744df9afd1db3284,0,contract_or_token,etherscan_labels
0xa711d1b745b28efe28146756dd7a494c6e92915f,1,scam_heist,etherscan_labels
0x0f58793e8cf39d6b60919ffaf773a7f95a568146,0,contract_or_token,etherscan_labels
0xcbaf9d3e0cae494cd77e49621995062107848a5b,0,contract_or_token,etherscan_labels
0x9ea56195cfeffde9957df9f33ab4642e202fb40e,0,contract_or_token,etherscan_labels
0x59416e1aa15aab32a3ac42e34d564aa38092d1cc,0,contract_or_token,etherscan_labels
0xd2057d71fe3f5b0dc1e3e7722940e1908fc72078,0,contract_or_token,etherscan_labels
0xce70364ab98289e25fb9277a49686fcc086f3075,0,contract_or_token,etherscan_labels
0x271d0c1940fe546e787b273a0ccc780ecd8db461,0,exchange,etherscan_labels
0x5e89f8d81c74e311458277ea1be3d3247c7cd7d1,0,contract_or_token,etherscan_labels
0xf3168b50751173e150af543997abe0fec5d58b7f,0,contract_or_token,etherscan_labels
0x0133042ade87514c0a7b34a4e83ec7ef597ff3cc,0,contract_or_token,etherscan_labels
0x42b7b8f8f83fa5cbf0176f8c24ad51ebcd4b5f17,0,contract_or_token,etherscan_labels
0x7d6f3d2b830f316d4f1361a6f3e3c706f0f55ce1,1,scam_heist,etherscan_labels
0xfc21ff4440dd9d4fac0d115298909a372e7deed7,1,scam_heist,etherscan_labels
0x9171e0bed4b0d6e51d33e2a5fa7fa48eb2c06ce2,1,scam_heist,etherscan_labels
0x02a7d7fa2ead4e983594aa2cd7a73521db957628,0,contract_or_token,etherscan_labels
0xcc75c7ded9b9f57afbce070e6377b2506b7a14a8,0,contract_or_token,etherscan_labels
0xc9085aec0e38a03e4da3d445b9cb7ffa7f46949f,1,scam_heist,etherscan_labels
0x8e16bf47065fe843a82f4399baf5abac4e0822b7,0,exchange,etherscan_labels
0x11b335147a20aa142f210726abe13f30cf3b1163,1,scam_heist,etherscan_labels
0x433d0c33288b985cf232a7e312bcfafd372460a8,0,contract_or_token,etherscan_labels
0xe61b348a0712a4214abfd9821adfa5077063dd7e,1,scam_heist,etherscan_labels
0x43608b54b2a5ad2b8bf18d66d09f74fc1cb007f5,0,contract_or_token,etherscan_labels
0xa2cdb4c734283ff9297fa238e5d945d731881405,0,contract_or_token,etherscan_labels
0xc4d738746950172671d581a5f057c13f19e4d387,1,scam_heist,etherscan_labels
0xa1d766f5c86f706f8543da5f787b9fad21d41eb3,1,scam_heist,etherscan_labels
0xc19e794865a7d5b260cb71f028d8ca7aedb3f507,0,contract_or_token,etherscan_labels
0xb454f3f2b982e56b962392d93d01e5895b532995,0,contract_or_token,etherscan_labels
0x2b2e8cda09bba9660dca5cb6233787738ad68329,0,contract_or_token,etherscan_labels
0x0cda986e80fd4b5920acf387cbbc5b606d30ca0b,0,contract_or_token,etherscan_labels
0xb6ad5fd2698a68917e39216304d4845625da2f57,0,contract_or_token,etherscan_labels
0xe2d3b92ad576a991ddeaf58874037ec610f4b9d9,0,contract_or_token,etherscan_labels
0x408eeeb29734555e01fdab5e52ab61c79362b008,0,contract_or_token,etherscan_labels
0x47ae2b6ae0a0d195bb660c00722e5266e15f908a,0,random_sample,bigquery_random_sample
0x5c82541d9cf1fd3188fd20977cb38a4c018928ae,1,scam_heist,etherscan_labels
0x5865e71a961a5f3539ff8c8ea5eca40e8fa07a14,1,scam_heist,etherscan_labels
0x0b3ecea6bc79be3ecc805528655c4fc173cac2dd,0,contract_or_token,etherscan_labels
0x9aacce0208fa3cbbe045974589bf9898adc13caa,0,contract_or_token,etherscan_labels
0x86cd47b072d95f412ea00a75d86ef910b478e0dd,0,contract_or_token,etherscan_labels
0xe9edbcec421c526e1b661f7971a25d5228ce4374,0,contract_or_token,etherscan_labels
0x803f26a1cea97162e2a4464fbf03a881db332c87,1,scam_heist,etherscan_labels
0x4e21db79ff71cb4ea8f948dbb9a2ee8cf43e4c4f,0,contract_or_token,etherscan_labels
0x2d0d66481f36029791e03d8cf8a2540a14a87b9f,1,scam_heist,etherscan_labels
0x92e11292ec4779e5b7a1356f91362d45447c9a43,0,contract_or_token,etherscan_labels
0xc4cdb7e641e34943d9946859a5807ffdf29394ab,0,contract_or_token,etherscan_labels
0x396c46f10a5283e6b4d956cbbf676fd2e1706e9d,1,scam_heist,etherscan_labels
0x23ca5e2ef187ed36964cd40df9fe3f2e1ca63c41,0,contract_or_token,etherscan_labels
0x0c502bdadbd0228c21d4cdcf256ea0785d45189d,0,contract_or_token,etherscan_labels
0xc22d5b2951db72b44cfb8089bb8cd374a3c354ea,0,contract_or_token,etherscan_labels
0x8d7f4a9e95db699d8e0a3b123db608e93a552e3e,0,contract_or_token,etherscan_labels
0x156d96eac6fe0e403428379c2d891c17a24c77f9,0,contract_or_token,etherscan_labels
0x7a70f1b5158921365751ccd6a064c1228f243d6a,0,contract_or_token,etherscan_labels
0xa4463ebc81d9a2d98499b6c0da88e1d1dcebb8fb,1,scam_heist,etherscan_labels
0x9016149cea0d3743f9e182408053b7d71440ac04,1,scam_heist,etherscan_labels
0x613c836df6695c10f0f4900528b6931441ac5d5a,0,contract_or_token,etherscan_labels
0x13e34689deafb89f3f70d662056c1eb3f3d37cfb,1,scam_heist,etherscan_labels
0x70d6b9923b034e6eb6ccc5e97e13f7f45fcfbd0b,0,contract_or_token,etherscan_labels
0x9c13bae9c0c6df970ea2740739fb163271f73397,1,scam_heist,etherscan_labels
0x1ce484f9307544149b2f2271af16eb98b4ff72be,0,contract_or_token,etherscan_labels
0x2a498804b8ee42ef7b773646a7e70ad6b19dfc28,0,contract_or_token,etherscan_labels
0x2774b60974c52d633d843e95dbd27b032c6e452e,1,scam_heist,etherscan_labels
0x1b58b67b2b2df71b4b0fb6691271e83a0fa36ac5,0,contract_or_token,etherscan_labels
0x1968ca49240c01730ba734ff97679cc5c8b29b6d,0,exchange,etherscan_labels
0x6dc376e81bcd2115a704ce0fc9c49bacb3f2f128,1,scam_heist,etherscan_labels
0xcdcebf1f28678eb4a1478403ba7f34c94f7ddbc5,0,contract_or_token,etherscan_labels
0x3e861e9e7e5f7662d398803d264f830e9ea0a40e,0,contract_or_token,etherscan_labels
0x1c9fbbae241391ff41dc7211677487064075fa17,0,random_sample,bigquery_random_sample
0xae6515b0d97f8f147213492e5efe0f9bde54e167,0,contract_or_token,etherscan_labels
0x8688e04083db68ad90395fc11375eab73e43af8a,1,scam_heist,etherscan_labels
0x07f8cf17b135ade5544a38558633b391e27f9c87,0,contract_or_token,etherscan_labels
0x3fb50d7f7760526e50be2cd8ece5ba8931f70d8f,0,contract_or_token,etherscan_labels
0xe338a2febfdc73e3cfbb70eac14556b491291596,0,contract_or_token,etherscan_labels
0xac7b426f56921b1a04cd606f5df8d730aaeed52d,0,contract_or_token,etherscan_labels
0x41d9de8a68ac90c17159bd41db278767474d4a62,0,contract_or_token,etherscan_labels
0x79e0d4858af8071349469b6589a3c23c1fe1586e,0,contract_or_token,etherscan_labels
0xf2af516ec81724e35ab9023633438c8c1604d443,1,scam_heist,etherscan_labels
0x90c329a9d96775b742d4a2ab5c6b9e5870472fcf,1,scam_heist,etherscan_labels
0x38006ab9ed02926b93854c506e6d02af26ffdf25,0,random_sample,bigquery_random_sample
0x5fcb31b789b4504350eed6ff44b94542abc2e1fc,0,contract_or_token,etherscan_labels
0x53aabccae8c1713a6a150d9981d2ee867d0720e8,0,contract_or_token,etherscan_labels
0x2e27d4160b257708375a7bf23381110d2328bc1b,0,contract_or_token,etherscan_labels
0xd2995b003ac0b71c7e52f1fa1fd44f0784823409,0,contract_or_token,etherscan_labels
0xd6b7406537e43eee23196fafd02021b0c0495bd8,0,contract_or_token,etherscan_labels
0xa66fc1a99e788e0ebf87f16932fc92c53fcde2e8,0,random_sample,bigquery_random_sample
0x4b43c8a6363e11f9f2c309ce64b0988c2e42b21f,0,contract_or_token,etherscan_labels
0x7fe844d2e410ee55d131ca1244aadc6cff3f4df4,0,contract_or_token,etherscan_labels
0xa258b39954cef5cb142fd567a46cddb31a670124,0,contract_or_token,etherscan_labels
0xf66f09fa46fa23c2294b1af3aa6d073dd829c1b4,0,contract_or_token,etherscan_labels
0x27c45c933ce81328c7175e9a79ac0af848187c32,1,scam_heist,etherscan_labels
0x8d87b3abf9bbba65af8095a9838846d237821008,0,contract_or_token,etherscan_labels
0x0e250c3ff736491712c5b11ecee6d8dbfa41c78f,0,contract_or_token,etherscan_labels
0x3d3f13f2529ec3c84b2940155effbf9b39a8f3ec,0,contract_or_token,etherscan_labels
0x4f8dfe04b61a0e20ed7fd7d7bac2b856b652ab95,0,contract_or_token,etherscan_labels
0xd829de54877e0b66a2c3890b702fa5df2245203e,0,contract_or_token,etherscan_labels
0xc27006affa2bb48de0cf77ecf4cf9835640cf6f2,1,scam_heist,etherscan_labels
0x10b60ad466b9d8582ea43c579632eb56183525ca,0,contract_or_token,etherscan_labels
0x2077fb0f3e47a8e5c07063ab6d032c62817a0e4c,0,contract_or_token,etherscan_labels
0x8fb1973c7f2160977b02a0c8700ac0e2ec9f8621,0,contract_or_token,etherscan_labels
0xa7d7d09484fa6e5f497b6b687f979509373c6530,0,contract_or_token,etherscan_labels
0x05b52cf68336dc52104dd541857fae1b1f3badf0,0,contract_or_token,etherscan_labels
0x573197e7e760ca55f89dd12a93515f0687947e0f,1,scam_heist,etherscan_labels
0x16513fbacafe96d13da05044e365f33aa27d6caf,1,scam_heist,etherscan_labels
0x01120f7ae720a458c4d0f65d53382fdf78634eb3,0,random_sample,bigquery_random_sample
0x4ef3f7c240ffc48a149a27a0947bd09b5fa81ffd,0,contract_or_token,etherscan_labels
0xccb42aaab2ea1f8012c30418ee3fce550954d827,0,contract_or_token,etherscan_labels
0x5abfbe56553a5d794330eaccf556ca1d2a55647c,0,contract_or_token,etherscan_labels
0xfd2f76218e84610bfc203331daeea19c16abebc4,0,contract_or_token,etherscan_labels
0x384037c4599da16f3e178b89b765e6d1a6737572,0,contract_or_token,etherscan_labels
0x5b18df96d3c8b9f1d1b9e38752498f92d1e2d490,0,contract_or_token,etherscan_labels
0x6541bfd839b10d5e5254a6a2cff029917d72f546,1,scam_heist,etherscan_labels
0x6d9017a66ae604a5f6cad44212dba3a3dcf4fcb1,0,contract_or_token,etherscan_labels
0x0f1087b3b6d5e6bf6f9fc214c97e0dc74a782af1,0,contract_or_token,etherscan_labels
0x732344640802d975080634c804417fc00787ca9a,0,contract_or_token,etherscan_labels
0x4e352cf164e64adcbad318c3a1e222e9eba4ce42,0,contract_or_token,etherscan_labels
0x594f576820e2e4f553a8c15a9b265ad2cc54cd60,0,contract_or_token,etherscan_labels
0x65b91e57b367879f6550e842ed9a4765e4112ddd,0,contract_or_token,etherscan_labels
0x3e46f1733da022a59685cba6e085c1c6341efca6,0,contract_or_token,etherscan_labels
0x1a1ca2df29ae84ee8a517193e373510b29c67d52,0,contract_or_token,etherscan_labels
0x51f50ae3709292adccc33b922df73f79ef0e72ff,0,contract_or_token,etherscan_labels
0x5664e55ebfbc7dfc283ac9a4c9e7237d546a9a7b,0,contract_or_token,etherscan_labels
0xeb4c8d02857bf66543592181144740a57d89c81f,0,contract_or_token,etherscan_labels
0xfae3b6dd3e656f4882c6cb8da927f16ce0748982,0,contract_or_token,etherscan_labels
0x4e6803822506449ef20c214660c9731e3bd79db3,1,scam_heist,etherscan_labels
0x976c31f01ad41da0a9296d26ff981cf168f56e9e,1,scam_heist,etherscan_labels
0xbb3eb99a93b19e067251fb1c4a2fb048a1ed0a6c,0,contract_or_token,etherscan_labels
0xe817c89d057ee85025237022e175d83db21e983b,0,contract_or_token,etherscan_labels
0xd3c62303eba7df3b88a5e9848bdef2c6cc67dc77,1,scam_heist,etherscan_labels
0xa822543f872715ced83e1927797162bc9fbb54f7,0,contract_or_token,etherscan_labels
0xcf778f3cd6c25ca1c09ebb0ea0ab4fc90f50fe13,0,random_sample,bigquery_random_sample
0x140c3b19ad6e8a4e3443a56114396b214f31d0ca,0,contract_or_token,etherscan_labels
0xdfdce8b98d1b3f1003391010d2af723f954e12e1,0,contract_or_token,etherscan_labels
0x00d0f137b51692d0ac708bde7b367a373865cffe,0,contract_or_token,etherscan_labels
0xc103b7dc095c904b92081eef0c1640081ec01c10,1,sanctioned,ofac_sdn
0xf45d97f9d457661783146d63dd13da20ce9bf847,0,contract_or_token,etherscan_labels
0x84e393cdffd89250f136598036eef066eed8f8da,0,contract_or_token,etherscan_labels
0x4dbac3d921fd83d79f4377d8c58bedd491bbe452,1,scam_heist,etherscan_labels
0xec40d02cd286457a5cd77ce05fcee6514596be2c,0,contract_or_token,etherscan_labels
0xde9c6869ccc5e4d3ded0f9e6d58cf285b5bd89c5,0,contract_or_token,etherscan_labels
0x2908a0379cbafe2e8e523f735717447579fc3c37,1,scam_heist,etherscan_labels
0xf5ed2dc77f0d1ea7f106ecbd1850e406adc41b51,0,contract_or_token,etherscan_labels
0x4171ae1e1e6f7261822b88001a0e33a0f3effa10,0,contract_or_token,etherscan_labels
0x4c34a687906092ec11cc04ddf30b71e29747ed76,0,contract_or_token,etherscan_labels
0x43dbd5a0c7ae345c86247c18e6b133f6d866d73a,1,scam_heist,etherscan_labels
0x5bbbaf040a017966c9e966edbb9221b37b2c2923,0,contract_or_token,etherscan_labels
0x18df42fa3bd773f11f481798be9dab26d5bb2874,0,contract_or_token,etherscan_labels
0xf7cb62bf544513be4d013f742f70d842c48633cf,1,scam_heist,etherscan_labels
0xab3f8df0e99595a4135f4cd79765c366f5030314,0,contract_or_token,etherscan_labels
0x84525d09fc9a0a3978e12a00e684d5cac1f52c79,0,contract_or_token,etherscan_labels
0xc50188aba81af79e3082f3c7bf5845b06c7fdd20,1,scam_heist,etherscan_labels
0xcae442642c19f82e4f61672b4504563604092dc4,0,contract_or_token,etherscan_labels
0x71660c4005ba85c37ccec55d0c4493e66fe775d3,0,exchange,etherscan_labels
0x28ffe35688ffffd0659aee2e34778b0ae4e193ad,0,exchange,etherscan_labels
0x31b01de59532f556a9a66422c8202bfe8fecb640,1,scam_heist,etherscan_labels
0x7c195d981abfdc3ddecd2ca0fed0958430488e34,0,exchange,etherscan_labels
0x1c352d566f29c315cbc0663738bda2d33618fab7,0,contract_or_token,etherscan_labels
0xcbc50d87dd3bca8148d36c59aaf7130937b73e33,0,contract_or_token,etherscan_labels
0x5c985e89dde482efe97ea9f1950ad149eb73829b,0,exchange,etherscan_labels
0x75a291f0232add37d72dd1dcff55b715755ecdee,0,contract_or_token,etherscan_labels
0x5c7e6cb2102ec8f28a3ab93ed31ad4f027f49912,0,contract_or_token,etherscan_labels
0x4eacec4728aa7125a8011f6a492385d1b557bfa3,1,scam_heist,etherscan_labels
0x821fc797d33bc293d450936070b3fbcccae3c1c9,0,contract_or_token,etherscan_labels
0x9f4e5d1c13194996564a169e7388b5c86cab3464,0,contract_or_token,etherscan_labels
0x1ca8b9a61fdbe55bc038a90297278c080ad1b9fd,0,contract_or_token,etherscan_labels
0xf0d726d3478d6f8206eca8a52070f99054131221,0,contract_or_token,etherscan_labels
0x6c765d6b957dacac398d0996cc3e32bd599c8f79,0,contract_or_token,etherscan_labels
0xdee269fb49cc899a6611eb1154655bad54ac0c65,0,contract_or_token,etherscan_labels
0xcfd1b2bc075ffded450d39aca650e02011f6ad15,0,contract_or_token,etherscan_labels
0xabdf147870235fcfc34153828c769a70b3fae01f,0,exchange,etherscan_labels
0xd7dbfbf98e1d4ceed14607f93fe2acf537d375da,0,contract_or_token,etherscan_labels
0x832546cd9509876f377e35d9fc738b2b785369dd,0,contract_or_token,etherscan_labels
0x61edcdf5bb737adffe5043706e7c5bb1f1a56eea,0,exchange,etherscan_labels
0xc1e7dfe73e1598e3910ef4c7845b68a9ab6f4c83,0,contract_or_token,etherscan_labels
0x41937a749c53a2ce6e8c8df9b960979f46995e81,1,scam_heist,etherscan_labels
0xd86e35c06f14363dcc225d3d45e5ac7bdd413322,0,contract_or_token,etherscan_labels
0x8c2e6a4af15c94cf4a86cd3c067159f08571d780,0,contract_or_token,etherscan_labels
0x7a95057ee28f7377e077736dc763dd47d3cc7f0b,1,scam_heist,etherscan_labels
0xeb260699b5a8641e00cad8647ce7f1c6d56991ca,1,scam_heist,etherscan_labels
0xc7ede11422ba9b7e151caa5c431155a8f82c51f1,0,contract_or_token,etherscan_labels
0xa8b629b02a0addded4d2cc85eab8fd1741988159,0,contract_or_token,etherscan_labels
0x46b7ac6fdfffc0ae710c158a78180156f983baea,0,contract_or_token,etherscan_labels
0xdbe29107464d469c64a02afe631aba2e6fabedce,0,contract_or_token,etherscan_labels
0x3c9fbaa0998fd45ab483d71e61bfe50349532454,0,contract_or_token,etherscan_labels
0xa9e511466f192e9c3308379dc965667f77f286e0,0,contract_or_token,etherscan_labels
0xc77a935044c77012a5b7fd109362d252a005cf53,0,contract_or_token,etherscan_labels
0x3efc3f93c3b8852623579c3240d28670e295a9b8,0,contract_or_token,etherscan_labels
0x11498aafed141eb86bbb1e67bf51b9acd3893470,0,contract_or_token,etherscan_labels
0x070bfe1e7e77c9602702db798794db0dc77d94a4,0,contract_or_token,etherscan_labels
0x4af310af3aa5ab2883863e4c3842d3eaabeccc98,1,scam_heist,etherscan_labels
0x0d5e30ccf58e7399458eea4a24a95148bb6da41b,1,scam_heist,etherscan_labels
0x84d99aa569d93a9ca187d83734c8c4a519c4e9b1,0,contract_or_token,etherscan_labels
0x3d80cd499dca1c6e41a1d20382ee6e1c70cea112,1,scam_heist,etherscan_labels
0x73624ad6927607c6d0ab869814d9faecc4c9818d,0,contract_or_token,etherscan_labels
0xdb6da2d5f80f30f72a1fcb503f4f5a79ac46588d,0,contract_or_token,etherscan_labels
0x96e799c03c4f9d85f843d7faea5aafa258313f2b,1,scam_heist,etherscan_labels
0x71577e3747b10889e32fbe98953b8c63806f3020,1,scam_heist,etherscan_labels
0x82cf3284c06cee2c34f56358d772de301d19dc07,0,contract_or_token,etherscan_labels
0x48f2339da7d4db105ade880a2809ab8a38899f21,0,contract_or_token,etherscan_labels
0x947aeb02304391f8fbe5b25d7d98d649b57b1788,0,exchange,etherscan_labels
0x44d475e57cb9f53ec068a583e826434b1dd15d48,0,contract_or_token,etherscan_labels
0x5b475ec5118c3da019c9954f0d4a0927b6e219ba,0,contract_or_token,etherscan_labels
0xc805951c43f8ef947808e14ba400d92190bf6849,0,contract_or_token,etherscan_labels
0x20eed9af60a886ae63fdefb5fe8a30769ebe66d4,0,contract_or_token,etherscan_labels
0xf4d1443fd89b9f39206ca23862997de3632a99de,1,scam_heist,etherscan_labels
0x504b37b251cc15f4852cede69206bca5ca66a635,0,contract_or_token,etherscan_labels
0x283669123bd83da2536bb534e20512101c18e5d8,0,contract_or_token,etherscan_labels
0x491c5e14208efdcdb997efe914a83486e807a897,0,contract_or_token,etherscan_labels
0xeb2b9959c7943eb3c0bdb69ede25247bab4d1c6c,0,contract_or_token,etherscan_labels
0x307bb4e6d5832e9083032e5830a60893f1b69532,0,random_sample,bigquery_random_sample
0x3d980e50508cfd41a13837a60149927a11c03731,0,contract_or_token,etherscan_labels
0x67eae4c1bfd92640492c99daef51c25a82e60816,0,contract_or_token,etherscan_labels
0x0d88b55317516b84e78fbba7cde3f910d5686901,0,contract_or_token,etherscan_labels
0x2aeb22cd755fa598b493e4b69ce99effb64e676e,0,contract_or_token,etherscan_labels
0x4a77b41ec5708bfa5ca0dccead8a4145e31c85a0,0,contract_or_token,etherscan_labels
0x381d1003b22f93445a410964fcf855523740cddf,0,contract_or_token,etherscan_labels
0x1eca02c2f8fae397490c2722fd0a3becb907d698,0,random_sample,bigquery_random_sample
0xfa7ce57a0c69367b4bb64c74bd464497e39cbe4e,0,contract_or_token,etherscan_labels
0x535442c3127656f389041f6986991e0128e4ff06,0,contract_or_token,etherscan_labels
0xaa3d98e1ba725fdc1bd94c818d5bc3968ad73b63,0,contract_or_token,etherscan_labels
0xe558a10c36b6de2d604203d094e449c4180fd5ba,0,contract_or_token,etherscan_labels
0x61775b4230fc3bb1fa57e569f44cd088eff3da0f,0,contract_or_token,etherscan_labels
0x9e2bd4d2819fc5fd2a685cc744a4c59b17356c92,0,contract_or_token,etherscan_labels
0xc68f8fe5e40e98fbad6dee914abf753d95a5b8c4,0,contract_or_token,etherscan_labels
0xd1413936f8af7773b076c8916fece9bebd1968ec,1,scam_heist,etherscan_labels
0x4f13b527203eeb689346f29f1e19e4df31f74701,0,contract_or_token,etherscan_labels
0xeade64d5a54512e0d9f810aa13276cf2c451bb66,0,contract_or_token,etherscan_labels
0xedca3fefb917d91f61fb429dc220aab3ff5609ab,0,contract_or_token,etherscan_labels
0xaafe840af7509a2d58512e1a9eb1d52f552fd0f9,1,scam_heist,etherscan_labels
0x4f320a3a50956e9c9292c7c3de7cc419beaad560,1,scam_heist,etherscan_labels
0x71c95ac822ae62ad578f4e4b3a4d59d61006d801,1,scam_heist,etherscan_labels
0xe7a76d8513e55578c80e4b26fc61ee7d4906d4cd,0,contract_or_token,etherscan_labels
0x4ffb2cf7eca55ad81b1ff94fbb8e333b9689878d,0,contract_or_token,etherscan_labels
0xfd6088cfe26434d9fea8b696aa0b34da3c300c3b,0,contract_or_token,etherscan_labels
0xf9cdf49e076eb01c34d707f1a3350a9bd7838e13,0,contract_or_token,etherscan_labels
0x4c0667db0ba55cd81629d1a9baa1c068962c2594,1,scam_heist,etherscan_labels
0xcd87ab12b8afa0ed7c7ec7302d83f6683b783173,0,contract_or_token,etherscan_labels
0x953500397dbd43bf64321c4f54cd7b3f862c1bd6,0,contract_or_token,etherscan_labels
0x6f2bf830d8fc98e20be795f3a34d87a242c3b96b,0,contract_or_token,etherscan_labels
0xb1317be21f145b4be2314112ae99579ba185eb8b,1,scam_heist,etherscan_labels
0x3351be9654188571a3e32388da582947928111ce,0,contract_or_token,etherscan_labels
0x5f018e73c185ab23647c82bd039e762813877f0e,1,scam_heist,etherscan_labels
0xd2b873011bd7f2082e9c35c473ba2fcdb08627bb,0,contract_or_token,etherscan_labels
0xc60e079d655254a996fc22650245c26aefd6128b,0,contract_or_token,etherscan_labels
0x04091c6f16516aa55f2c61ac9a3da31df2c47dbe,0,random_sample,bigquery_random_sample
0xbf0bc755625b5b82bfd7dfd51a6ae6eeeea94186,1,scam_heist,etherscan_labels
0x245cafa9261d8b68c885495a0bcae76023f0e387,1,scam_heist,etherscan_labels
0x049c586132110f6551d758deb50a7c984fc0ec59,0,contract_or_token,etherscan_labels
0x554b5981ce8c0e0558b780abbbf4c6d1152e00d9,0,contract_or_token,etherscan_labels
0x745cd398daeb6ea2f4b5865f792e76446d6c9a48,0,contract_or_token,etherscan_labels
0x29f55de880d4dcae40ba3e63f16407a31b4d44ee,0,contract_or_token,etherscan_labels
0xcfc98153c073db67e666c52df5ec5dd204c70e64,1,scam_heist,etherscan_labels
0xdc091cb42e2d14d180042f66f1def3a04e2b61f8,1,scam_heist,etherscan_labels
0x96e96ed941d9f967ed7298612a8bd0aeaf974a3a,0,contract_or_token,etherscan_labels
0xea39286dc727535692e65a7de33e94feb4065498,0,random_sample,bigquery_random_sample
0xc1fed723a985ddab24236a9ac6f0e18671a61a4f,0,contract_or_token,etherscan_labels
0xbbd09f768082de6c642ee792f20f17aba6130a3c,0,contract_or_token,etherscan_labels
0xc27b1ade413a349152e07c7829268c3447b43283,0,contract_or_token,etherscan_labels
0x3895bd6a41c914111c8e1bbbd0c351e43190bd7f,0,contract_or_token,etherscan_labels
0xb8144fb36ecbaccc55992ce47e8abdaf6138892a,0,contract_or_token,etherscan_labels
0xcea4eef16e9517d504b697ae98c9add068ed4f86,0,contract_or_token,etherscan_labels
0x0d30d4dc3824d501d01029c70255c3e77659171e,1,scam_heist,etherscan_labels
0x92fb34f730b42b47e3fb57dffac853d055c37961,0,contract_or_token,etherscan_labels
0x08c92fb7c4902babd2b6d5e51760e13a719accfa,0,contract_or_token,etherscan_labels
0x956e0dbecc0e873d34a5e39b25f364b2ca036730,0,exchange,etherscan_labels
0xc1f496aaeee907facb973174d6e94a6729eb9c6b,1,scam_heist,etherscan_labels
0x8ed3fb55e6703a5ff681285c1e987c752f48d085,0,contract_or_token,etherscan_labels
0x41ff247834eef08aa0273f67971e2c31a6615a80,0,random_sample,bigquery_random_sample
0xe36d96440a8522844ef85a709b2e36fd255e580a,0,contract_or_token,etherscan_labels
0xed0f37b31a88793f82e4fd82001eabaa483d7ddb,0,contract_or_token,etherscan_labels
0x5eacbd7577ff0ed84367f0e0b43eec1d95edbd61,1,scam_heist,etherscan_labels
0x4b3b8b9f401661b890077b0cc5710e5a436316c0,1,scam_heist,etherscan_labels
0x6b56101f8070d5218e0a331d38e6a0f7e668302b,1,scam_heist,etherscan_labels
0xf3bea940c1fa9340372df73c97fb67480542250a,1,scam_heist,etherscan_labels
0xb43672c801ee36af44dca625f0591dfe49f3bd71,0,contract_or_token,etherscan_labels
0x29062e4a6999246dcb8c129837ee77e06b9a0122,1,scam_heist,etherscan_labels
0xfaa14171ce8d8dd7b5d62955e05465b40380fd07,1,scam_heist,etherscan_labels
0x9e4a4b53e19410ae519be74f92659e5b0ef9489b,0,contract_or_token,etherscan_labels
0x4d781006d47828d0d5713b61465c1a252e8b3291,1,scam_heist,etherscan_labels
0x19c6a6bfbcb0a804c83a0b1852e6f548c395c2e3,0,contract_or_token,etherscan_labels
0x15d1feecc23691e2e5e39490f5fc14413f9d909a,0,contract_or_token,etherscan_labels
0x1fba9dff384ce1158ac4a7e4c53b77b585f29d3e,1,scam_heist,etherscan_labels
0xeedbe65064c8d69a64a0385c7be573f777657b9a,1,scam_heist,etherscan_labels
0x792c9fe4dc9916ec7d7ca92ff11db4e2d00719e3,0,contract_or_token,etherscan_labels
0xf139473f526f7a139298ef2892f1915031c4f4da,0,contract_or_token,etherscan_labels
0xd04cbc12d9d6a8f5048e8d487534b0bd005ecaf1,1,scam_heist,etherscan_labels
0x8b8a9dc738273621e7c7294a1f0ca79faea67907,0,contract_or_token,etherscan_labels
0x6a30d6c9408c84fafdc8b0b00580f78f61feb56f,0,contract_or_token,etherscan_labels
0x38efefaeca70bf8cc73d018c2d0134f96f079f62,0,contract_or_token,etherscan_labels
0xfb7dd6b4c2287aaf0630b805338a18cf64b1c302,0,contract_or_token,etherscan_labels
0x1dc9e3bb8b0700ce29d1615fbb62daa78c6ac427,0,contract_or_token,etherscan_labels
0xbe7760adb8e08218d984d50822e7656d46effd40,0,contract_or_token,etherscan_labels
0x48c04ed5691981c42154c6167398f95e8f38a7ff,0,exchange,etherscan_labels
0x635a8235189d62e9f048e246bd8a240e2a7bacbe,1,scam_heist,etherscan_labels
0x73a775b6e3c9b3ae2a4b06db369c9d4ff79b8c40,0,contract_or_token,etherscan_labels
0x32114b4410583fe98660652c28fa84828fd5175a,0,contract_or_token,etherscan_labels
0x6862e23f01eb5491d72d609038dc90ae0fb73bfb,0,contract_or_token,etherscan_labels
0xdd51121d1efc398b4c09fd0cb84d79ae2c923fc9,0,contract_or_token,etherscan_labels
0x276c1d6204bda29012a1227cecdc24b69ddeaa9a,0,contract_or_token,etherscan_labels
0x20a3f06eeb360b6502db8831feea7494961e3612,0,contract_or_token,etherscan_labels
0x586de4306a1b4f409fff3ea71d480b4b15f74ec7,0,contract_or_token,etherscan_labels
0xd69b0089d9ca950640f5dc9931a41a5965f00303,0,exchange,etherscan_labels
0x1999ef52700c34de7ec2b68a28aafb37db0c5ade,1,sanctioned,ofac_sdn
0xd3969fcd871b57ff48886d289e8e13c4b0039171,1,scam_heist,etherscan_labels
0x37dc8961e5f2bf5b0673ee46749f9845f886a7e8,1,scam_heist,etherscan_labels
0x11f7116fed37a8df3b4a389dd70e509adafce0d3,0,contract_or_token,etherscan_labels
0x44d34985826578e5ba24ec78c93be968549bb918,0,contract_or_token,etherscan_labels
0x0964dd906c79bcb2dfad6f8569f81ea724dd1e40,1,scam_heist,etherscan_labels
0xaf71d6c242a00e8364ea0ef3c007f3413e975011,0,contract_or_token,etherscan_labels
0x228ee1332cfec2ab1363c4a50f8b3bc6e697f369,0,exchange,etherscan_labels
0x10d9b57f769fbb355cdc2f3c076a65a288ddc78e,0,contract_or_token,etherscan_labels
0xb235d825f66b6b06d9dc6e89d57117e4755578bf,0,contract_or_token,etherscan_labels
0x206a10c50a0790cf084f47f67349842a5cde58ac,0,contract_or_token,etherscan_labels
0x6f1ca141a28907f78ebaa64fb83a9088b02a8352,1,sanctioned,ofac_sdn
0xd9d81f36394a171bd026a914c90d7a56b678ee50,0,contract_or_token,etherscan_labels
0xf20ad10628af054a8aad2c91a318c6c14c7ec7b1,0,contract_or_token,etherscan_labels
0xbb2034db5611c50540b48fb9038a80b8f6ae6fe1,0,contract_or_token,etherscan_labels
0x702099e284f23da733c03b461c7571a742782fc2,0,contract_or_token,etherscan_labels
0xbfaef9bd648640ef6b60cac9fd9d284b729b60ec,1,scam_heist,etherscan_labels
0x0744faa646ad31e6f78f2c1714d72c3ff4777ad9,0,contract_or_token,etherscan_labels
0xa2d81bedf22201a77044cdf3ab4d9dc1ffbc391b,0,contract_or_token,etherscan_labels
0xe2043b460e15b0ed323777d9e6f6063cba307203,1,scam_heist,etherscan_labels
0x9b98ff54446c7ccf3118f980b5f32520d7fa5207,0,contract_or_token,etherscan_labels
0xeb594dbdeacaf6b41431ebc1c7952d48d79722d8,0,contract_or_token,etherscan_labels
0x0a0b1e1835cdcc570074d3b8b7a0b3a2313fe9ca,0,random_sample,bigquery_random_sample
0x476f31e7e45ff115506be486c8e7009acc1988ff,0,contract_or_token,etherscan_labels
0x438a6b4026017a4be5c16f7be45e7c85e5cb86ac,0,contract_or_token,etherscan_labels
0x5cb061cafdb29428fe024b158fb76817880711c2,1,scam_heist,etherscan_labels
0xfd28585ce23c7e22424159b929b6f0835b554ebe,0,contract_or_token,etherscan_labels
0x065dcb0d124932818aa2424be6fafc39354e81bd,1,scam_heist,etherscan_labels
0xbf70cd06e2aab047f2f307a59c79bfb5feb7a82a,0,contract_or_token,etherscan_labels
0xf4b5a2a0b9de8e81a85efcf9794d70fc13b731a6,0,contract_or_token,etherscan_labels
0x3f94997ebbf3edb4bd764a8b4a9842dcce617604,1,scam_heist,etherscan_labels
0x566af89e075c3e1f66922e28a4d20a78f7a3d8b8,0,contract_or_token,etherscan_labels
0xe290e867dd1a7373c9d0422277ca1747a656bfb2,1,scam_heist,etherscan_labels
0x73971a8c654b7703060ca70e39bc293c64a08138,0,contract_or_token,etherscan_labels
0xf18daa8b8f28762b8127740a0f7e862a522d998d,0,contract_or_token,etherscan_labels
0x77c8a1e990f1b1cb509dc294bd576c93cfbb2fb2,0,contract_or_token,etherscan_labels
0xca2cfb57df10e86315bd7d51ae433d3e2563f3a4,0,contract_or_token,etherscan_labels
0x052376e3597a2a19d93ab5d6ecefdcb442d009af,0,contract_or_token,etherscan_labels
0xbf81d2aa8d257df302d58735367fd727e3ecf38d,1,scam_heist,etherscan_labels
0x11573f8127248fe51af08f46e9e24fd28f1c890a,0,contract_or_token,etherscan_labels
0xf0b685d0dcf39ca02e4deba3544e9234d29fb7d8,0,contract_or_token,etherscan_labels
0x751dffd0a33cf72a42e959fca7e50fdde1bffd65,0,contract_or_token,etherscan_labels
0xe314a98715a4ff10e4eb76874b15aada84941569,0,contract_or_token,etherscan_labels
0xcd366fdfc6ee6baf61c1d07a4f13e3f78abe7964,1,scam_heist,etherscan_labels
0xcb8ec8236aff8e112517f4e9a9ffb413a237e6b7,0,contract_or_token,etherscan_labels
0x292679cca971e2b387c465a54f33dc27cf0e5e4d,0,contract_or_token,etherscan_labels
0xd970227827a64abe0243879edcd5a56d386f3640,1,scam_heist,etherscan_labels
0xe541769bc7ad8e1a02a36307d7cbcb9de31a6c73,0,contract_or_token,etherscan_labels
0x77c1af597ab5486efe9517ab8b59ab2bb4fd9941,0,contract_or_token,etherscan_labels
0x33f8740d924a286b22ebf2bc91d5106b4df686f3,1,scam_heist,etherscan_labels
0x10eaac9bffe44975f5fe10b68c2442f51462bcb8,0,contract_or_token,etherscan_labels
0xc5355ed4e5d0e34e92363ad46494456fc32c5194,1,scam_heist,etherscan_labels
0xf4d8c95478d9fb81c3ba863353b19f5484e799ed,0,contract_or_token,etherscan_labels
0x39f77c98c6a3835a756fca3b54a1d5b20d1fbf26,0,contract_or_token,etherscan_labels
0x7a34bbd9db8686bf9c1489a4682825f65eeafa6e,0,contract_or_token,etherscan_labels
0xbd506dca103b64c6f4deebd4e294916cc2eece9d,0,contract_or_token,etherscan_labels
0x22f78d6545598fbc290c278c7309b46084bfdae1,0,contract_or_token,etherscan_labels
0x17b947811336764c0f0ae77011772a2acd5bba6b,1,scam_heist,etherscan_labels
0x82374bf03dbfe35845cb5b90b6c9a660a49f69aa,0,contract_or_token,etherscan_labels
0xe48f21e33e63e42b871b9e850dd75d8791d991e0,1,scam_heist,etherscan_labels
0xca658217ce94dfb2156a49a8fad0ff752cac39c2,0,contract_or_token,etherscan_labels
0x132d8d2c76db3812403431facb00f3453fc42125,0,contract_or_token,etherscan_labels
0x376a35611d64cb1cb2f78c1cb9fa618d143ee046,0,contract_or_token,etherscan_labels
0x426698fcfcff22401a14fcc1ccbe779990bc2f8d,0,contract_or_token,etherscan_labels
0x70633cdd5261ff89263277bd24772f5fd0d1a9ca,0,contract_or_token,etherscan_labels
0x4b936d89dc948d8761de9598ccf8f2072e66fb66,1,scam_heist,etherscan_labels
0x6d31d3140e1700e43f190ff7f33d86e3aea52684,0,contract_or_token,etherscan_labels
0x4f9a8e7dddee5f9737bafad382fa3bb119fc80c4,1,scam_heist,etherscan_labels
0x40fe9af262ffee75e631258f021c93b9a161a1d9,0,contract_or_token,etherscan_labels
0x38449f1fe0a7b24dbef33a267df6b9afb50a93bc,0,random_sample,bigquery_random_sample
0x28c8ad18a00cddf95091a76462dd1e98bbc353f2,1,scam_heist,etherscan_labels
0xa7916a0a665a2bd5942962b4cfcc5da527ec0b45,1,scam_heist,etherscan_labels
0x40b0c7e60ebc2ecaabe08fd92b02c09544eaf3de,1,scam_heist,etherscan_labels
0x2a0d9059075a84c280db8f8542bf7e7cd75f51f2,1,scam_heist,etherscan_labels
0xac4dc99050e46d04bf5cc48e36f3897a4ce0512a,0,contract_or_token,etherscan_labels
0x9759cb9e1865ebc76ca3e3b6c6eb5e063f18ea75,0,random_sample,bigquery_random_sample
0x6545773483142fd781023ec74ee008d93ad5466b,0,contract_or_token,etherscan_labels
0xfa3bc6ddef77dc737b11ca7b11623f1cc77262e9,0,contract_or_token,etherscan_labels
0xa9d06f185f300c57fa54dc71678b225e4ce89407,0,contract_or_token,etherscan_labels
0x7c34cc49efd200df6910ce040cb7ebcd36074743,1,scam_heist,etherscan_labels
0xb499ace3f61a2680b506f926c95ccda8f4e0bcb7,1,scam_heist,etherscan_labels
0x7212fb4efc7c1d5eb56dea974becb3079c805c6b,0,contract_or_token,etherscan_labels
0xef4fa701fa5df88ef0d5707d6144e446a1a2238b,0,contract_or_token,etherscan_labels
0xdedced761f0c533d3f6fc817b5abb4b9de89a709,0,contract_or_token,etherscan_labels
0x55bc7b81c0adab608b5fe3efa8df0c8b60982131,1,scam_heist,etherscan_labels
0x1929becc1d0ed3480b2544882b3a2ad26bad3503,0,contract_or_token,etherscan_labels
0x02e7ac540409d32c90bfb51114003a9e1ff0249c,0,contract_or_token,etherscan_labels
0x8e2b1f1fced951e1f9d05bc1cc0c1b4e9c3194b0,0,contract_or_token,etherscan_labels
0x418d3dfca5099923cd57e0bf9ed1e9994f515152,0,contract_or_token,etherscan_labels
0xb2a48f542dc56b89b24c04076cbe565b3dc58e7b,0,exchange,etherscan_labels
0xf0f7c5337cb2e0e8b5bc374ee05a4966309f3072,0,contract_or_token,etherscan_labels
0x5517895509203a9e97ccd6df1cb2506d9e03231a,0,contract_or_token,etherscan_labels
0xfcb9a06dc21441a967e170fcea3a34f97636aff2,0,random_sample,bigquery_random_sample
0x34d7d7aaf50ad4944b70b320acb24c95fa2def7c,0,contract_or_token,etherscan_labels
0x49c2e58890e98e430fd441be6eda6fe0c39d3bb9,0,contract_or_token,etherscan_labels
0x7699aa381d4df02213ac1421b7b8cfbaaf8290eb,0,contract_or_token,etherscan_labels
0xa06c4b981dae1e0e8945eb61380431d83f68bf39,1,scam_heist,etherscan_labels
0x37f9d93881f7b4c7c566d62d45f0a156bdb2e2c8,1,scam_heist,etherscan_labels
0xd4fa17ee0cef04d66c53f797a6a89b8e3c523ceb,1,scam_heist,etherscan_labels
0x73ab2bd10ad10f7174a1ad5afae3ce3d991c5047,0,contract_or_token,etherscan_labels
0x1dc2948b6db34e38291090b825518c1e8346938b,0,contract_or_token,etherscan_labels
0xa46a663588c5aaf47237296c5bde45d9a984a95f,0,contract_or_token,etherscan_labels
0x75a83599de596cbc91a1821ffa618c40e22ac8ca,0,exchange,etherscan_labels
0xec5e5a5933b09b048ce2aeff89ad09c9b083f741,0,contract_or_token,etherscan_labels
0x31d4caed75ca491f92fa972d8b72347b8460465c,1,scam_heist,etherscan_labels
0xe110035268b32deff65ce0539ac914d310f3a16e,1,scam_heist,etherscan_labels
0x9c1b855a9cd2d6232a6debd6f8b431c19a54c14e,0,contract_or_token,etherscan_labels
0x524796ba7e48b2d30858fa38227c882b88245be6,1,scam_heist,etherscan_labels
0x205285d6eef9055779650f6556c3704a5b514271,0,contract_or_token,etherscan_labels
0x10b47177e92ef9d5c6059055d92ddf6290848991,0,contract_or_token,etherscan_labels
0xdc1fe78be6f8add8627754cbfebb0b1e582abf73,1,scam_heist,etherscan_labels
0xd5da8cef79c430d337fdb4d7a5b6646132395a86,0,contract_or_token,etherscan_labels
0xa38315c5aa40a4337f62a17122d6403e019fd81c,1,scam_heist,etherscan_labels
0x33d63ba1e57e54779f7ddaeaa7109349344cf5f1,0,contract_or_token,etherscan_labels
0x14de393d86d4b7679693522241cd45d246c92b37,1,scam_heist,etherscan_labels
0xd72e50a2299642bb8b3ba33929c2f129b6198875,0,contract_or_token,etherscan_labels
0xf726d1b6cd1f6d7c0ebb07f3ec520615eda1e309,0,contract_or_token,etherscan_labels
0x5704ded131e36a3e171e317057ca7c894bf5b423,0,contract_or_token,etherscan_labels
0x7c31ccd168a6519f932c6c890661770ec857e08c,1,scam_heist,etherscan_labels
0x4e2579468f414f3b2c683e8562d4c67056d5cb4b,0,contract_or_token,etherscan_labels
0xac100342ec5021343060745a5eb05dc98d09dde0,1,scam_heist,etherscan_labels
0xab382243459bd409a240e530ba4ebb6c3e9ccf81,0,contract_or_token,etherscan_labels
0xd7067192df19c415ee35cc86708020eaf924cd75,0,contract_or_token,etherscan_labels
0xbaecd59463dcb90628ef58ace0e2cdb5a6423e2f,1,scam_heist,etherscan_labels
0x6bd7541d807effed7b814b45beed8c10b7c06d5d,1,scam_heist,etherscan_labels
0xf5fbc6ca5c677f1c977ed3a064b9dda14c5e241b,0,contract_or_token,etherscan_labels
0x09bc95c8ed7d932ba77c059bb95e4f9da6233e03,1,scam_heist,etherscan_labels
0x5614def95e045e29c8b5e1584e594e88d1b96655,0,contract_or_token,etherscan_labels
0x4ec30868b3722f121d2bb6b670ba9ffc9cfa091b,1,scam_heist,etherscan_labels
0xb2b0d4b45451f0c45edbd2db8803e99a28120c9b,0,contract_or_token,etherscan_labels
0x41523be0ab764a2aef588b2d49eb424b71bcb9b0,0,contract_or_token,etherscan_labels
0xb8f305617ac00a9404cafa82226ee5bd0c85f914,1,scam_heist,etherscan_labels
0x4b5a6947daf64c1df7f684e971cc8eb099f5620a,0,contract_or_token,etherscan_labels
0xc5a93444cc4da6efb9e6fc6e5d3cb55a53b52396,0,exchange,etherscan_labels
0x47247ef07c94232ecd869ce1aade84bb6b9d2d01,0,contract_or_token,etherscan_labels
0xe58fdcfe26fa06c6a2d7e0b1144fcaec832887c7,1,scam_heist,etherscan_labels
0x70c629875dadbe702489a5e1e3baae60e38924fa,0,exchange,etherscan_labels
0x055d9894faae9118414244d286027599c250fb6b,0,contract_or_token,etherscan_labels
0x6a9b540750d6ae8549e955e45b32f516b4ffe1ee,0,contract_or_token,etherscan_labels
0xd2463675a099101e36d85278494268261a66603a,0,contract_or_token,etherscan_labels
0xae6300452a0184f381d1458db92a384a678e28ed,1,scam_heist,etherscan_labels
0x2d5d4869381c4fce34789bc1d38acce747e295ae,0,contract_or_token,etherscan_labels
0x8ebb3115186d20ebac42f3aa95a2dcabc3a1aa62,0,random_sample,bigquery_random_sample
0xf42e896f21470bd063d5fe461954b40d15b6ec9d,0,contract_or_token,etherscan_labels
0x0d8410643ae7a4d833c7219e5c6fadfa5ce912cd,1,scam_heist,etherscan_labels
0x02e216e519e83ca19f7eddf4678a2fb8ebddc5e5,0,contract_or_token,etherscan_labels
0x87c528c6af30491d0315e2a74803f5b0d58b79da,0,contract_or_token,etherscan_labels
0xf4259e13dcadafc4361d94898729212393ce380f,0,contract_or_token,etherscan_labels
0x04645af26b54bd85dc02ac65054e87362a72cb22,0,exchange,etherscan_labels
0x3ec47182417edae54d672399a861e5a0a278ad67,0,contract_or_token,etherscan_labels
0xe7829a30ae90e114997d2f5749ade474c66c8d84,0,contract_or_token,etherscan_labels
0x195b7f4441f30dfe64e718682ff5484fcbe9c3a0,0,contract_or_token,etherscan_labels
0x53aa48b2ac0071a6ce61ddb3ba4e41d395b2db51,0,contract_or_token,etherscan_labels
0x112b12089611749406fde450fda9917f7f4ac3cb,0,exchange,etherscan_labels
0x07d5695a24904cc1b6e3bd57cc7780b90618e3c4,0,contract_or_token,etherscan_labels
0x4a3841dce547efea8dbf7e5cf8cd0b5bebfd3a4a,0,contract_or_token,etherscan_labels
0x003a70265a3662342010823bea15dc84c6f7ed54,0,contract_or_token,etherscan_labels
0x8659102390fcd6eb590a7c2f7e8665817502ab3b,1,scam_heist,etherscan_labels
0x9543d6502901e700c269a94cfa92eba549f61c2b,0,contract_or_token,etherscan_labels
0x7a5185014d685dde6ec605fd56965969e272205f,0,contract_or_token,etherscan_labels
0x4470bb87d77b963a013db939be332f927f2b992e,0,contract_or_token,etherscan_labels
0x8dde59eea5f8fccd17c17e28884fb025a3a9fc6a,1,scam_heist,etherscan_labels
0x73715aa097a38583704f7e17e9e7326408b2ed79,0,contract_or_token,etherscan_labels
0x1e63fd8f5c2b7d4498f72f09016c0893e382e1f8,0,contract_or_token,etherscan_labels
0x7d390267b2d6a4ea28cdb610aeaca3ecebb191df,1,scam_heist,etherscan_labels
0x09c3adb579c7125d27ac22093011b80fbd9aff70,0,contract_or_token,etherscan_labels
0x9ebc2a125b1daf3b8a56cb52fa81f89a199e2b38,0,contract_or_token,etherscan_labels
0x3b0c0760b928ae414a49c422fe4fff3d0ff8255a,0,random_sample,bigquery_random_sample
0x8bdbef67b4c9e9970fdb87d335926c0b3d3c0585,0,contract_or_token,etherscan_labels
0xa5e8d98b637b1825780db916240d96b885bb804e,1,scam_heist,etherscan_labels
0x540bcfc77d617e7ced6b7fe814b8be4187110c6b,1,scam_heist,etherscan_labels
0xd036ab041f8ea4955ee7932deab856725e2f8aba,0,contract_or_token,etherscan_labels
0x4c48ad6dda341696a380fc8dc6ae153fc863fa57,0,contract_or_token,etherscan_labels
0x4d6895f78d1c7bfe0a34b32b4b95a9b8b9f00b26,0,contract_or_token,etherscan_labels
0x8d83323dee4edcd1e51b2601150b87e3ca4bdb83,0,contract_or_token,etherscan_labels
0xa1d7b2d891e3a1f9ef4bbc5be20630c2feb1c470,0,contract_or_token,etherscan_labels
0xe56db0b80bed4a9151691046e52acbb51f61753f,0,contract_or_token,etherscan_labels
0x21426471ebf0b7db0f07216d81a897b5f5554394,1,scam_heist,etherscan_labels
0xd0ad511b2f0315ac8641a885219809ea3c4935c9,0,contract_or_token,etherscan_labels
0x2508ab7e1204d7a07516a79860323ae8fc5b1c1a,1,scam_heist,etherscan_labels
0x6ddafe3a15ecd15071eeac186b9d9223708f0bfc,0,contract_or_token,etherscan_labels
0xf1f85b2c54a2bd284b1cf4141d64fd171bd85539,0,contract_or_token,etherscan_labels
0x5a875034bb718d583e490b1e6831a436e73db2e4,0,contract_or_token,etherscan_labels
0xe0e30b4ef5dbe9bf99c53999ada5e44eb55e0c5b,0,contract_or_token,etherscan_labels
0xf9ec7fa79b0f0909a7ea3a9dd73a9808fc1590a4,0,contract_or_token,etherscan_labels
0x7e96a8a1131ee896e2ff015f3cac248596433de6,1,scam_heist,etherscan_labels
0x8a61482c99dab4db6a865b60aa669f6d4a030c0d,1,scam_heist,etherscan_labels
0x5d81ed33b1f5aa18b1c1f907ce4ed07fc2cc59b4,0,contract_or_token,etherscan_labels
0x814c01ecb99b090cae15adfe662d949b3244c51c,0,contract_or_token,etherscan_labels
0x90965ccccc81925ee3ffe4cc6f7acffc6a65a446,0,contract_or_token,etherscan_labels
0x28636d519ba7d949dff540719e66bce3dca87e26,0,contract_or_token,etherscan_labels
0xb938210104d65230ccdb5287ed064becec13f6b8,1,scam_heist,etherscan_labels
0xd379700999f4805ce80aa32db46a94df64561108,0,contract_or_token,etherscan_labels
0x4976a4a02f38326660d17bf34b431dc6e2eb2327,0,exchange,etherscan_labels
0xfc5c34a81d63321e47194761ccfb4b8bdf82da11,0,contract_or_token,etherscan_labels
0x0b7ee2f06837e16e6a5239a75a5ce83cdcb43fd6,0,contract_or_token,etherscan_labels
0xc2fccdb698862ceb2d54e22f6d1eb50cbea51960,0,contract_or_token,etherscan_labels
0x6366c165a0d2620d0ef1dd0a072f80137dfda780,1,scam_heist,etherscan_labels
0x16cac1403377978644e78769daa49d8f6b6cf565,0,contract_or_token,etherscan_labels
0x717385e1a702f90b6eb8cd23150702ca7217b626,0,contract_or_token,etherscan_labels
0xf64f38ae6b1e6144f292ecfa0a7c9236885f032e,0,contract_or_token,etherscan_labels
0x08c6661e09358ea610f46442cd768c65a2c0c4e9,0,contract_or_token,etherscan_labels
0xe24d3701841f65bccba0434e65e126393223c1b1,0,contract_or_token,etherscan_labels
0x6e01db46b183593374a49c0025e42c4bb7ee3ffa,0,contract_or_token,etherscan_labels
0x65bc523c6201abce5473e53074cd0c80193ab38e,0,contract_or_token,etherscan_labels
0xac9080dea626b4cbe9a296472ce6ac2cb9f143ed,1,scam_heist,etherscan_labels
0xc17c2f19a02fe29c0e0dd65a901c90d1ab35ac0e,1,scam_heist,etherscan_labels
0x7805bf71e2d5cf60684f29ae219ac4bd25cc6752,1,scam_heist,etherscan_labels
0x9ea0be688655b91d1c637f9a43941e70db1b92c8,1,scam_heist,etherscan_labels
0xf0e0c8d9f383f57f3efb1d297c5b23802c78e9a2,1,scam_heist,etherscan_labels
0xc4949929328e41521cf2a8acbac54179dd9db3ae,0,contract_or_token,etherscan_labels
0x393c4dbd93a8921da8c7633d2f2a98e55867c789,1,scam_heist,etherscan_labels
0x74821343b5b969c0d4b31aff3931e00a40990cfd,0,contract_or_token,etherscan_labels
0x1a282f9c002c18d08d909b3acb90d5cd6d5fb34e,1,scam_heist,etherscan_labels
0xcc36840f129725f1936401faf1b51aef878456be,0,contract_or_token,etherscan_labels
0x02b77ad79e27ad80a0a0868cc7528520e8442c9b,0,contract_or_token,etherscan_labels
0x1294bc499779314777498d3c485b83e013c52fcf,0,contract_or_token,etherscan_labels
0x6b453eedf0a38f32a2650a21f1f9ccdac5eaf208,0,contract_or_token,etherscan_labels
0xfd52e698aa54cb429ed1e5f7050db890bc81adca,1,scam_heist,etherscan_labels
0x2ed7e8639a419cb2b77d0a6ec45a738ae712a609,0,random_sample,bigquery_random_sample
0xd07bdb3cd7813df5446dd34ed52c4dd3460db4e7,1,scam_heist,etherscan_labels
0x2617cb704b1e5b6c4fe28399f2031cc2d2b99cf6,0,contract_or_token,etherscan_labels
0xf91e7532797e659a9a8c6e8fbb53ba2deab24875,1,scam_heist,etherscan_labels
0x51c241a793d9972d8aaad3710e289805552fbdf9,0,contract_or_token,etherscan_labels
0xf19fdfbb541c7fe01f3f7de369c9c613ec93257f,0,contract_or_token,etherscan_labels
0x7558db388f2002fe230c5efd1fb9dcb06744dfc2,0,contract_or_token,etherscan_labels
0xc791dfe7f379b1e804c1f977525679d6f22cffaa,0,contract_or_token,etherscan_labels
0x417b1716452e78e5a6a80121edf471bca1779ce9,1,scam_heist,etherscan_labels
0x68198e4ed6975204b3467dc217166d9ff1cbb57a,0,contract_or_token,etherscan_labels
0x9651d6c4efb2f78fdabd75537596df7f6d0d9c5f,1,scam_heist,etherscan_labels
0x4a98b33fef7b90eaedfce14e6af4a716581f8ca4,1,scam_heist,etherscan_labels
0xaba96d19c6b472338a126d7641d40b300e619492,0,contract_or_token,etherscan_labels
0xea8a915197ab1940ba4ff869815a378b8d2c6408,1,scam_heist,etherscan_labels
0x9f6d2bf822e444b63ceaf30e16e087d4210263eb,0,contract_or_token,etherscan_labels
0x32047ac688997feb8fbf1d5d4aee39ec0202086d,0,exchange,etherscan_labels
0x9f2371715564f996d72dfea3437c52c92ac4522a,1,scam_heist,etherscan_labels
0x2ea6a1a50f72e49944df0823627a478c2bd6d643,1,scam_heist,etherscan_labels
0xe6e1fcc762d6cb33af84d8eb007691598ed4f1b9,1,scam_heist,etherscan_labels
0x747c9884d29474fe4334c477ebfd25f8a6f5b90d,0,contract_or_token,etherscan_labels
0x62744db1c8ce86c0e7a7915900c31634666dfd59,1,scam_heist,etherscan_labels
0x1be21dd1fa2aced16656b7d765b88afa6853cc98,0,contract_or_token,etherscan_labels
0xd3ff20fd8be06da4ba3a7b974a57572a03a0ca35,1,scam_heist,etherscan_labels
0x99ba95cd5d8781ed8369da8699b0934644e502f3,0,contract_or_token,etherscan_labels
0xd37742d8959d9e7e9192c604e2413ce63f2d2d73,1,scam_heist,etherscan_labels
0x3a99e53b8f5bb7acc583701ae37f1c7305ff79dd,0,contract_or_token,etherscan_labels
0x70319a13a489b363a9ef0007f5b2282cc729d2ab,1,scam_heist,etherscan_labels
0x6418c69b0de51873a1cc01cf73ba6e408acc1940,0,contract_or_token,etherscan_labels
0x8dfadef1f9c4521cd5e451edfc6f0f00adac0168,0,contract_or_token,etherscan_labels
0xef368554597946c2ca1508ec2355618cf2b05102,1,scam_heist,etherscan_labels
0x8d7d90a9554ca05c1668ded1a554d1b1d7b34480,0,contract_or_token,etherscan_labels
0x55ca1797fdc5f5c2c4e3d69180a72dcd57e98b22,0,contract_or_token,etherscan_labels
0x9cd7c3aa1afae3c59d6767009842bfc512029005,0,contract_or_token,etherscan_labels
0xf960d5d584e81edd940e4f176a4bc7c9cb5bb892,0,contract_or_token,etherscan_labels
0x47088c4c7fce81a733e1beb31e962d305e6f3da7,1,scam_heist,etherscan_labels
0x0a5712d6f5ac59405935e11ed05d4b07ed56a498,0,contract_or_token,etherscan_labels
0x430e35e8b96e30243ef7941475b2b7b141ab3033,1,scam_heist,etherscan_labels
0xb9812e2fa995ec53b5b6df34d21f9304762c5497,0,exchange,etherscan_labels
0x4524baa98f9a3b9dec57caae7633936ef96bd708,0,contract_or_token,etherscan_labels
0x3dd957216c182675f630ee2ee957a5c735472fd1,0,exchange,etherscan_labels
0x7a6e65dfad98058fd2cf3db7b078b0fe071ddbbc,1,scam_heist,etherscan_labels
0xeed9f9795bf12739cf4f50f8c84ab9f13ada8129,0,contract_or_token,etherscan_labels
0xf5f51deb9f7f596bf513ea1cdf35612f2cb05777,1,scam_heist,etherscan_labels
0x948244c2133d93f9d27f8dc49ee4e35f40ba7af8,0,contract_or_token,etherscan_labels
0x75c0f10e198a2c2034df5ff80c77474427c67dcc,1,scam_heist,etherscan_labels
0x713c70b7ce3cf91c566190a11a62273eebd2d75a,0,contract_or_token,etherscan_labels
0xa6514f205acd743dda3939f524b2d9b3f8c916fb,0,contract_or_token,etherscan_labels
0x66ae32178640813f3c32a9929520bfe4fef5d167,0,contract_or_token,etherscan_labels
0xdd27ecc840b3c237b691f6ea0a1554f4f7e48ae5,0,contract_or_token,etherscan_labels
0x056b410cd12ed145f8c24f341d3e03b77ab7a8f4,1,scam_heist,etherscan_labels
0xd83622310acf9b9e49ff85664304c42a38c13404,0,contract_or_token,etherscan_labels
0x81deb77a469e83f547af0ff91738852336abb9b4,0,random_sample,bigquery_random_sample
0x45f0f4177c16cd6115f733da6c05d06aa65df497,0,contract_or_token,etherscan_labels
0x28369d7ede854926862d3a5510851c9419af1705,0,contract_or_token,etherscan_labels
0xc9116009b44afc73f319c2011d7c6c698873bf13,0,contract_or_token,etherscan_labels
0x0f1abb7981def56bbac1fc0c030ced8c305b999f,1,scam_heist,etherscan_labels
0xb2173fdde3981c803afda38c38b20de52e46416b,0,contract_or_token,etherscan_labels
0x1035487ca79068f6617ae75ed3c844ce2d8a0c2a,0,contract_or_token,etherscan_labels
0x9ea9c2f5f89a93d60851031669d55eab61fe0de2,1,scam_heist,etherscan_labels
0x03ef4e53fecccb2a08737b5490fc0f974a191408,1,scam_heist,etherscan_labels
0x57de5b26ff7703318b8525f39cc115ea2c62fed7,1,scam_heist,etherscan_labels
0x9dd85cc62c3567bdb775403efd3641a08eeb84bd,1,scam_heist,etherscan_labels
0xe58adf1589cf79e12831ca9505d0d784db677ef2,0,contract_or_token,etherscan_labels
0x53704f930985d26c4d5212711aedfab6d346d442,1,scam_heist,etherscan_labels
0xdfb87fd2f9f5eec75930a2d8cfe67f791801fe30,0,contract_or_token,etherscan_labels
0xde48a49f9b9795da4bbc84627b730aca4e763626,1,scam_heist,etherscan_labels
0xb29ad31f7fd62f62320236cb7beb3c36d3401665,0,contract_or_token,etherscan_labels
0xcadf440dfd12edf8f31ec134d2a595904a081f2d,0,contract_or_token,etherscan_labels
0xb19f103499e1e397227a11150997bec8bb8b418b,0,contract_or_token,etherscan_labels
0x04a155504af6cdd8f40c20afe5def527fa929fe5,1,scam_heist,etherscan_labels
0x57b6880d95ca0835154448d1fdd4e4253032b794,1,scam_heist,etherscan_labels
0xb1058a18c243ba0c0242aea7ac4a6b5013b8aff2,0,contract_or_token,etherscan_labels
0xc61b9bb3a7a0767e3179713f3a5c7a9aedce193c,0,exchange,etherscan_labels
0x263e634268eaa54d22cf6ed80ad4ea87ac7becde,0,contract_or_token,etherscan_labels
0xe9172daf64b05b26eb18f07ac8d6d723acb48f99,0,exchange,etherscan_labels
0xc93525d9662aac00f5963f8f8af0142a9ff7a1f8,0,contract_or_token,etherscan_labels
0xb0ff78855266dfd75f791ab41db507113d5ca30e,0,random_sample,bigquery_random_sample
0xdd487b90450e90029b107d1c9ad9955cebd2c7e5,0,contract_or_token,etherscan_labels
0xfde04c4e7017f7ab76c109c33ba9a18ab3e53350,0,contract_or_token,etherscan_labels
0x7db418b5d567a4e0e8c59ad71be1fce48f3e6107,1,sanctioned,ofac_sdn
0x4cd6148bbfd3ce7fefa59a82d48f87b5ef8e12ba,0,contract_or_token,etherscan_labels
0x9157901e72ffaa25b558952b0ca35c296ec853d3,0,contract_or_token,etherscan_labels
0x87814cfe5ade493cdc2828020bf6abc938618695,0,contract_or_token,etherscan_labels
0xed36299e955cb4f9275c6ce6e12a52a646c862ff,0,contract_or_token,etherscan_labels
0x6d37eb2364f8bb28002bd404cf301fa8106dcb14,0,contract_or_token,etherscan_labels
0xd184c354aaaa92c84d5a1923b6bca21d78a481da,0,contract_or_token,etherscan_labels
0x609837cf46a8a201ca6cbd333f399e71876af681,0,contract_or_token,etherscan_labels
0xa1d31cba7d48731c9fb9359f583dee3d7bcf9e5a,0,contract_or_token,etherscan_labels
0x09845784071c6c627f0c73c71d69f58e97c54b71,0,contract_or_token,etherscan_labels
0xa97a516f59b14fac3420a2ffabf3891945af3a90,0,contract_or_token,etherscan_labels
0xc7dc1dce3a859c315c1d3879637dace63d12aeac,0,contract_or_token,etherscan_labels
0x3e0a5fde01ab05186f7808b3ae0cfdbcf844d3ae,1,scam_heist,etherscan_labels
0xe4ebd836832f1a8a81641111a5b081a2f90b9430,0,contract_or_token,etherscan_labels
0xa206921cb69c607b4e92ee5cfbc66bc31e5e7101,0,contract_or_token,etherscan_labels
0xa4cad81673ffdf755388304e7d352c2c065dbf80,0,contract_or_token,etherscan_labels
0xaaf5110db6e744ff70fb339de037b990a20bdace,0,contract_or_token,etherscan_labels
0xbf73922936070cca75608447d45def91e5f1ecb9,0,contract_or_token,etherscan_labels
0x9d648e5564b794b918d99c84b0fbf4b0bf36ce45,0,contract_or_token,etherscan_labels
0x07fbbab146b5cb2ae9d396da77005004aa2c35be,1,scam_heist,etherscan_labels
0x7e737ff1ce9b0bdb7a24f5e4a71c052a17095fae,0,contract_or_token,etherscan_labels
0xf7f98cacc470dd82627424387c53ecb9d58ff098,0,contract_or_token,etherscan_labels
0xbc8b1f78ff5a0baf9945e145832ad79c494d4cf6,0,contract_or_token,etherscan_labels
0x7c570e184361b4f730c7fa19c9f4ee83562ae461,0,contract_or_token,etherscan_labels
0xebea278c99967c889c3eca5ba0ea0beed3827c78,0,contract_or_token,etherscan_labels
0xa7e243f7761d7888991d50b8ea150dc75e36a00b,1,scam_heist,etherscan_labels
0x9550050d102ff42a2a683a9fa23b8f3fb2b378c8,0,contract_or_token,etherscan_labels
0x23f2369dd17aecf5e719421296856d1188b8ca92,0,contract_or_token,etherscan_labels
0xbe6c6c2edabbba3caaae9bc8bea33863c6acad71,1,scam_heist,etherscan_labels
0x52d3f8e030461f5149ae3aa54eebbab4fe4b8ca8,0,contract_or_token,etherscan_labels
0x55ff0ea3f3a485853cf488385679887ed28bf17d,0,contract_or_token,etherscan_labels
0xb72d0770a64ba320af466c1a405d20788dd2a211,1,scam_heist,etherscan_labels
0xb815c5b2471d5ff7b3fe3ded1545a006a0cf0107,1,scam_heist,etherscan_labels
0x06d13d1562eb9da28c59e86e9bfc2a87d13afb01,1,scam_heist,etherscan_labels
0x90d2a81dd325c22aff2b8d3acabb363c0bd5d79b,0,contract_or_token,etherscan_labels
0x9a679f8c753ffd188320ee51db3e050ceb82fc1a,1,scam_heist,etherscan_labels
0xb2e0cd8730a224ed92bb3da8421690d95885aa2b,1,scam_heist,etherscan_labels
0xdde553b4fc83eaa9802ecf7fe35f7701bfc7ce56,1,scam_heist,etherscan_labels
0x8b62a3cd149c36cb084027a636e366164e7b9050,1,scam_heist,etherscan_labels
0xce53071e86d14b582e3fc1b3b4a5118bb87eff10,1,scam_heist,etherscan_labels
0x4c99527ba25c07dab2b87bf883c127846dc6b994,0,contract_or_token,etherscan_labels
0x9de75a62870b5f78527fe0338e1469f718d1762e,0,contract_or_token,etherscan_labels
0x69b81152c5a8d35a67b32a4d3772795d96cae4da,0,contract_or_token,etherscan_labels
0x230753a12fee5113c49ed5ecf0b6021e76b859a7,0,contract_or_token,etherscan_labels
0x14c33e717fe2802b2c6669cfc3e72dda0b5e21ad,1,scam_heist,etherscan_labels
0xe9a2531b6a7447fc83c1b77908dd43e1259e6587,1,scam_heist,etherscan_labels
0x7543d1ec4c52dc204d89da78045c3dc6adda9948,1,scam_heist,etherscan_labels
0xe1b56d5cb722a8ae7c5b543397f6e9a33e8d4197,0,contract_or_token,etherscan_labels
0xf3dcf73975a657822ce3f00d3558f5d7523fab8b,1,scam_heist,etherscan_labels
0x931546d9e66836abf687d2bc64b30407bac8c568,1,sanctioned,ofac_sdn
0x766ba5d465da21fa3223a75ea9c141f77a359ff8,1,scam_heist,etherscan_labels
0xee3f2e4628d0fadfc4691241efcf2915a81d83c2,0,contract_or_token,etherscan_labels
0xf87ea1e86f6010e0caf0956298d2509c5cd6872c,1,scam_heist,etherscan_labels
0x22e984341c638e9051e730ec9dcf9fe631c8ce01,0,contract_or_token,etherscan_labels
0x27280d9e63234cdee3290fad9670615b87c501d0,0,contract_or_token,etherscan_labels
0x840fdb210cf93318e8a16a51f24938c866a32d3c,0,contract_or_token,etherscan_labels
0xbd1ba75352eaba47e121620f5bd1b415823fe360,1,scam_heist,etherscan_labels
0xcc3c18d2ade601c59a3711e2a753b806b919cc55,1,scam_heist,etherscan_labels
0xb47811c59fadcd02b1d5b1b90e1896cd63d5eb22,0,contract_or_token,etherscan_labels
0x838bc601d2009f40aa9a453b5f8d0765b3a9c898,0,contract_or_token,etherscan_labels
0x22def8cf4e481417cb014d9dc64975ba12e3a184,0,contract_or_token,etherscan_labels
0x23044dcb88987f564297b5d878c05b79edd366c3,0,contract_or_token,etherscan_labels
0x617dee16b86534a5d792a4d7a62fb491b544111e,0,contract_or_token,etherscan_labels
0xd96f2964120736528fcd7e83007013a413fcf992,1,scam_heist,etherscan_labels
0x1c580cc549d03171b13b55074dc1658f60641c73,0,contract_or_token,etherscan_labels
0x01ce056b22c144f00c24c0be723ae776d7fcb52e,0,contract_or_token,etherscan_labels
0x230813772d6d3788dfcd3e7b65fb3dd371b3d8d6,0,contract_or_token,etherscan_labels
0x216c2e20a815b6c70b9a01ca2d089803ab6275a1,0,contract_or_token,etherscan_labels
0x306776f36f1a61a114c9b61037851a4ba96582cf,0,contract_or_token,etherscan_labels
0xe0a0bc471037cf279b34a3daa415c57adcfdb5cc,0,contract_or_token,etherscan_labels
0x9efffcd34974e47c709a64fe85fb07e68b93d6f3,0,contract_or_token,etherscan_labels
0xfc1f13667c2cbc511a26e4986b535699dc9fa7e1,1,scam_heist,etherscan_labels
0xaa500101c73065f755ba9b902d643705ef2523e3,0,contract_or_token,etherscan_labels
0xcc7eb43b4096652d0358f7bafafa29b28fbe322f,1,scam_heist,etherscan_labels
0xda5c6df410a556ace07a4bc8a7b1eba9ec2db441,0,contract_or_token,etherscan_labels
0x0887aca1f6acadba3912ddd83a881650c5a53de6,0,contract_or_token,etherscan_labels
0xc222cf3aee9893f9997de122086b918c517be8cc,1,scam_heist,etherscan_labels
0xc577e763fa253d568107872f871a30eb2f1f7802,0,contract_or_token,etherscan_labels
0xaa960136ccd4371cd63673a3dce2bf204d78b95b,1,scam_heist,etherscan_labels
0x2c51eaa1bcc7b013c3f1d5985cdcb3c56dc3fbc1,0,contract_or_token,etherscan_labels
0x09f1b13034d200fdf87c0c3d506aeb195d105083,1,scam_heist,etherscan_labels
0xd367b848cefed1edd3947df20689f6489f867730,0,contract_or_token,etherscan_labels
0xd8dbc3ef7bbcb9ff18dc9683fb8d3e88785907b0,1,scam_heist,etherscan_labels
0x72afaecf99c9d9c8215ff44c77b94b99c28741e8,0,contract_or_token,etherscan_labels
0xd4488dbe232b77d8c45e06c8d53c4cbb1ac1a754,0,contract_or_token,etherscan_labels
0x24e9ec4d9e5a2e7206e1a9aaaeb567687642ab46,0,contract_or_token,etherscan_labels
0x7aa7305838d858f7089f86fc136d0816baacb0d8,0,contract_or_token,etherscan_labels
0xeefb83a6ec983ae4556b60cff1fb25e68f16a6ea,0,contract_or_token,etherscan_labels
0x11e59e14c6856f6180b080221f6d49cf9c0cf5ca,0,contract_or_token,etherscan_labels
0x11d7d11b0236a3514c14da5285b49e5d08c2cd50,1,scam_heist,etherscan_labels
0x49cfdb1f920ce07c5292681a475156516c4596b3,0,contract_or_token,etherscan_labels
0x454b8e254ccd72a524fb061b388db55d6a2824ca,0,contract_or_token,etherscan_labels
0xe7aa314c77f4233c18c6cc84384a9247c0cf367b,1,sanctioned,ofac_sdn
0xbfc32c32d1e05dc29baabdfd329d8b23d56c09ed,1,scam_heist,etherscan_labels
0x44c98062f4ac901b3829355abc4a8b109462132e,0,contract_or_token,etherscan_labels
0x3fede037f03136446030b455aa5815613411a059,0,contract_or_token,etherscan_labels
0xc9bad7e7ee794aa25c92e9609f849bd5eacd0774,0,contract_or_token,etherscan_labels
0x7e6782e37278994d1e99f1a5d03309b4b249d919,0,contract_or_token,etherscan_labels
0x04536e2c62daa818393d4d7ac0a50d5ed6f19fc4,0,contract_or_token,etherscan_labels
0x876cac48f7da67252980442f0e65c6edce7df4c7,1,scam_heist,etherscan_labels
0x1e31b601488e97bc247c57af7b6aa336edbc5477,0,contract_or_token,etherscan_labels
0x3854dd5e2657d18e686707c2b652928f6f6aaa51,0,contract_or_token,etherscan_labels
0xa6cf0a736fbb441b3cd39a476699eeec4737f28e,0,contract_or_token,etherscan_labels
0x48ef14bfeb55761433ba12da5cc500f79e7afeaa,0,contract_or_token,etherscan_labels
0xee8337f497f234442160935f210c73dc47eb2676,0,contract_or_token,etherscan_labels
0xaebfe1e1bd01d4b6baf4b998e7b8dc93182d40e0,0,contract_or_token,etherscan_labels
0xcd9a7dfcf68bee45c9c946af244fff4c23ebd97a,0,contract_or_token,etherscan_labels
0x7b599b7520de1c13e8b89ef2af1ea25cbaa7ac07,0,contract_or_token,etherscan_labels
0x05c0f7979f2f674578362243f0a8e8d428ca5981,1,scam_heist,etherscan_labels
0x485e50a65210aa4e7bf59a7d079cabb9ec3206a0,0,contract_or_token,etherscan_labels
0xcd920af3a9115bf4fc9df4832fce92d8bb7744fa,1,scam_heist,etherscan_labels
0x9bd9523ec4affad7df1ce01a47abf75be180cbeb,0,contract_or_token,etherscan_labels
0x24c3884bdf4ef8ef1ca2e62f7f85c4196d0b65b6,0,contract_or_token,etherscan_labels
0x7b6515622996e90a9f15695b3492644f70cd48d3,1,scam_heist,etherscan_labels
0x6afbe7482cf93d7f4e0dca2eb6a86ceb3bbad3c5,1,scam_heist,etherscan_labels
0x0ce374be0d5d403e5204dd5be6bfbbb18cc28747,0,contract_or_token,etherscan_labels
0x6e33b41e44ca2be27e8f65b5231ae61a21044b4a,0,contract_or_token,etherscan_labels
0x3e4ae50cc4b6ce505cacd1fc4e9c2bf79589d659,1,scam_heist,etherscan_labels
0x438fbb3136642777ac1414a9fe950afa6041e000,0,contract_or_token,etherscan_labels
0xb6f10abe3e95f02062c75d01046641b88adbf3e0,0,contract_or_token,etherscan_labels
0xe8c3cf50ad73e03dfd30d108c40c617016af30d5,0,contract_or_token,etherscan_labels
0xf667f9498e47d2c277d987ed467dbe7d89e040bf,0,random_sample,bigquery_random_sample
0xce46dd186160c81b06433f9f501b06cd36d19d50,0,contract_or_token,etherscan_labels
0xc42f0e95ff6c861164a86415eb6b3dabe7e13843,0,exchange,etherscan_labels
0x35796dac54f144dfbad1441ec7c32313a7c29f39,0,contract_or_token,etherscan_labels
0x9be599d7867f5e1a2d7ec6db9710df2b98a15573,1,sanctioned,ofac_sdn
0x214ac68e130166afae14303c2f6a0fc041c0acfa,0,contract_or_token,etherscan_labels
0xe8a7576601102296a1cfece08519ea8a6823d333,1,scam_heist,etherscan_labels
0xc127612354635117af1a53f914a8f27cd36bcc56,1,scam_heist,etherscan_labels
0xd8a8f9d4cf34fbbb5ea635f1275b07d771b3af70,1,scam_heist,etherscan_labels
0xdab4d419ed95d38e39ae3229ff02898ac1851233,0,contract_or_token,etherscan_labels
0xbcef3d6f3640ef7a76b8ffa93676920d0c5d2e8a,1,scam_heist,etherscan_labels
0xd6777756c5675cc5c505a0c701e16b5c09714dab,0,random_sample,bigquery_random_sample
0x8e5320a0ab4e51cc0e7152529ebb62a1f13deff9,0,contract_or_token,etherscan_labels
0x1d94d981f57fe392d6d244c9563ded0294d3f6e5,1,scam_heist,etherscan_labels
0xe8cb18358c7bfdde254546d2e547a9b7218201cc,1,scam_heist,etherscan_labels
0xaad85cb5e0d48ff9fc6e64db64315864ef2a1ca7,0,contract_or_token,etherscan_labels
0x7a7d678465f5c61ff6016fefe2005a9f37006be2,0,contract_or_token,etherscan_labels
0x464561588e797689b9fe0770a4ae59a78f1f8cc3,1,scam_heist,etherscan_labels
0xba1b4b59f3c9273d7c9a4d956ce24bf8e21b0cd1,1,scam_heist,etherscan_labels
0xfae41e991027aeccd676a998626b12170acd79e2,0,contract_or_token,etherscan_labels
0x01b07db89436ae078f949cc539697c490eeb539a,0,contract_or_token,etherscan_labels
0xa09806fd152b9a2467720d46540654c4d06e953a,0,contract_or_token,etherscan_labels
0x09071bd5ea1b26ad3b24be2839e2f8b44331c66d,0,contract_or_token,etherscan_labels
0x066f3a3b7c8fa077c71b9184d862ed0a4d5cf3e0,0,contract_or_token,etherscan_labels
0x70b8ddb05bdf5400daef4d6dbb0f14f366c00676,0,contract_or_token,etherscan_labels
0x0f6aedf180617582869ba9cc8888c351bc5457ba,0,contract_or_token,etherscan_labels
0xedad92188448433a5e0102907d9bbf925ae62178,0,contract_or_token,etherscan_labels
0x161388deb2c1147d5bed3003277d59d479d5a228,0,contract_or_token,etherscan_labels
0x6f81427d641f865a3a4050ec220474b65599d543,0,contract_or_token,etherscan_labels
0x2f956eee002b0debd468cf2e0490d1aec65e027f,0,contract_or_token,etherscan_labels
0x0a64c99a2aa5465ecbb01bbe2822b5681e694ade,1,scam_heist,etherscan_labels
0xd9a2ccd9bf8243f4aac374736f2e2f36acb420ff,0,contract_or_token,etherscan_labels
0x5766d23557b0073fa55dc5320cd6dd8a04ee26c6,0,contract_or_token,etherscan_labels
0xd6d8272e35352d1d146af65654f9f4fcb3039d79,0,contract_or_token,etherscan_labels
0x5271f7b106ed15ce70f98843867fe0cfe20ee536,0,contract_or_token,etherscan_labels
0x5753cad600acba1233b2291d2a8b8ef7a6717b94,1,scam_heist,etherscan_labels
0x2b68e7d8154b07ab85c03fed7e9d43e720092b4a,0,contract_or_token,etherscan_labels
0x718abe90777f5b778b52d553a5abaa148dd0dc5d,0,contract_or_token,etherscan_labels
0x808507121b80c02388fad14726482e061b8da827,0,contract_or_token,etherscan_labels
0x11fccf97bbcf2e88edbbf150691b58e91acbba59,0,contract_or_token,etherscan_labels
0xfc6f926019de0cb986f051530dad9c6c44014276,0,contract_or_token,etherscan_labels
0xc4ec123cd61d8ca3ea1ee413d5cb0a95de6d34cd,0,contract_or_token,etherscan_labels
0x1002436c28d0ce2e1fa4f3204544b446e0cf02c8,1,scam_heist,etherscan_labels
0x856b63349fb6c818ea7cd7305483ae0ef6956f6c,1,scam_heist,etherscan_labels
0xd89a636b9d04a3d5710a8b876b8648b8df1c6769,0,contract_or_token,etherscan_labels
0x2f0d188144d4e945678b0a06ce882fb4777b679c,0,contract_or_token,etherscan_labels
0x4a3ad584d98b84cef0cad4fe1792ed6fd02e5541,0,contract_or_token,etherscan_labels
0x4827876f912505e4ad5ac6e788b1c0a0cd59f5b3,0,exchange,etherscan_labels
0xbffaafdf93a2c87cf2b046574bdf5e0c6dea855e,1,scam_heist,etherscan_labels
0x6f03e12cf846989a8b795c9fdc6ed7e406503d5b,0,contract_or_token,etherscan_labels
0x28b3f067af4f4501a7df03859ab6f8b142c4ab2e,0,contract_or_token,etherscan_labels
0x91b2f60d3d6d5ffdc68a2da9b367237f4b9a2725,0,contract_or_token,etherscan_labels
0x06f14d4d20f3513947f14b10401afb114d9fcc38,0,contract_or_token,etherscan_labels
0x2090e54cd3c2dd9d9e9ca3a19dcc311a692d7639,0,contract_or_token,etherscan_labels
0x4f3d399a48c2bbef54baa13277a69dfe336f0cf2,0,contract_or_token,etherscan_labels
0x2836e19a74f96b4ef098c2a0600416f825705991,0,contract_or_token,etherscan_labels
0x191f7e8e5b8a3b8b2e5b20313be8355cdc33c11a,0,contract_or_token,etherscan_labels
0x7b7499fab431dee48174f8a775e799dd1542f487,0,contract_or_token,etherscan_labels
0x76d767c417c4e8ae1cd20436d81576c685bdc69e,1,scam_heist,etherscan_labels
0xc945b4f3183c5e23670457f0f98b1a713b416fc1,1,scam_heist,etherscan_labels
0xe1fbe4948222f18b3a29635abf025c36ad39d232,1,scam_heist,etherscan_labels
0x761b61828b4e403ebb9effac87cb2371f877d103,0,contract_or_token,etherscan_labels
0x5b5ac9d39d2ace9d0f5a30ab4aa2cfdfdda86ae7,0,contract_or_token,etherscan_labels
0x8f2d580c3cccd96c3541386daac0af71c5d1c0f9,0,exchange,etherscan_labels
0xde4f0ea47800fa13bcf4c0dc8408ed939411cbbb,0,contract_or_token,etherscan_labels
0x3772f79ee2dcae3f43733b85351e41cbc7d262bd,0,contract_or_token,etherscan_labels
0x157a890c3e69fc2416e4f92a1984e94c4c5a0ffe,0,contract_or_token,etherscan_labels
0x7ec8f1459b0cd77c2f365214ed17beba3713a811,0,contract_or_token,etherscan_labels
0x8f0682725792c57a58743cf8046d87becff960e3,0,contract_or_token,etherscan_labels
0x436758e1ba00d57ec3c96efb40c89438a30cffd7,0,contract_or_token,etherscan_labels
0x7f65691aefd867f5ee5462b3d99e04c3d494440b,1,scam_heist,etherscan_labels
0xdcc39776b2f5e2a999ad78a6766f5e4c8614955f,1,scam_heist,etherscan_labels
0x8eab84a7abae58bea081a84c740139dc81db7113,1,scam_heist,etherscan_labels
0xaec7807aec3cd764ef415a351955cc393789a8d0,0,contract_or_token,etherscan_labels
0x7eb5bea1d58e9a06f87ee16bef729dfd416eae15,1,scam_heist,etherscan_labels
0xc77d4407edb92445626b9cb2c01aab3d4d6b9358,0,contract_or_token,etherscan_labels
0x905022d1f2339ff3010b5fd07209b270e84b49e6,0,contract_or_token,etherscan_labels
0xcc76b38ab546c107ebcec339bb661a2cd25a519f,1,scam_heist,etherscan_labels
0xef804d045847072d149b3a1da1e982dd16785451,1,scam_heist,etherscan_labels
0x73bf5d088c5ef4673f194dd32f38703a32362d7f,0,contract_or_token,etherscan_labels
0xfcb85d4139123b1ec6746d1c487a2201045b9f72,1,scam_heist,etherscan_labels
0xdaecbba628630ad8692ddd708702ffb726aba13e,0,contract_or_token,etherscan_labels
0x3db01e59ceb979e2f1d544e77cbaa9378392f482,0,random_sample,bigquery_random_sample
0x515263a3b903b9cc43f3ce62a0080b3cce9a6f2e,0,contract_or_token,etherscan_labels
0xa3c277b8f35881cbdb017e52bcc376b3ce8f21da,1,scam_heist,etherscan_labels
0x24d3dd4a62e29770cf98810b09f89d3a90279e7a,0,contract_or_token,etherscan_labels
0xfc89ff95d2202476b346521a465921e88e97ec49,1,scam_heist,etherscan_labels
0x52bac54530ecf4b8bbc933b7920069293572138c,0,contract_or_token,etherscan_labels
0xd3a5c679b932177ca0bf3e8ef7e13cf29379d26d,1,scam_heist,etherscan_labels
0x62d65a27dc99fbfc85a14322af486ead1204ce98,0,contract_or_token,etherscan_labels
0x0f8707ffc6e3ce004b5bdbe6f332e91f10d400ba,0,contract_or_token,etherscan_labels
0x15e3f73b8f12b215cc6132223b506e91987e478d,0,contract_or_token,etherscan_labels
0x6fe47a03a1c6d9f055e1d212f4840027f8a9008d,0,contract_or_token,etherscan_labels
0x497baef294c11a5f0f5bea3f2adb3073db448b56,0,contract_or_token,etherscan_labels
0x456974df1042ba7a46fd49512a8778ac3b840a21,0,contract_or_token,etherscan_labels
0xa2d3864fcd603868359cb4c4b28941dcae3624db,0,contract_or_token,etherscan_labels
0x4304ae5fd14cec2299caee4e9a4afbedd046d612,0,contract_or_token,etherscan_labels
0xde0999ee4e4bea6fecb03bf4ebef2626942ec6f5,0,contract_or_token,etherscan_labels
0xf9ef36d19bda0cec0e073c385b1919431e9efe99,1,scam_heist,etherscan_labels
0x4a4dff5e12c2422261ebf0042ed57b02b5bdc621,0,exchange,etherscan_labels
0x931f0bda8100b52697862a70e2a86760605ed657,0,contract_or_token,etherscan_labels
0xb8d59e30c27fe51e3b914a5c1984b73c261089ff,0,contract_or_token,etherscan_labels
0xe1b29b42ddb9baf123e1ce7aebf95a0e248da097,1,scam_heist,etherscan_labels
0x11ed72d73b7c1ec0762e48d9b13d6d03f8fb7cb8,0,contract_or_token,etherscan_labels
0x537f69c41280afc4aa76ea9f91c164bbe745e7a3,0,contract_or_token,etherscan_labels
0x6f48a3e70f0251d1e83a989e62aaa2281a6d5380,0,exchange,etherscan_labels
0xc66ed7c8034e11ebd32499389c35b3e6e9ee3e78,0,contract_or_token,etherscan_labels
0x6515671641c9028e1a27117f1214dfd08132509c,0,contract_or_token,etherscan_labels
0x914a37bd0052ba9f6251bd9819d1835eb08708bb,1,scam_heist,etherscan_labels
0x02c6416341a972eb1a9967ab6c4a5aa8340a791b,0,contract_or_token,etherscan_labels
0x68976d4dd501fc4cf9882bdeffa57a8909e0d68c,1,scam_heist,etherscan_labels
0xbd1e1a3ad00d28454a02e7d05da07fa176eb450a,0,contract_or_token,etherscan_labels
0x7c90a3cd7ec80dd2f633ed562480abbeed3be546,0,contract_or_token,etherscan_labels
0x8cc9f97dd11a17df1d14d7ba966ede05405bdbee,0,contract_or_token,etherscan_labels
0xd5a9c4a92dde274e126f82b215fccb511147cd8e,1,scam_heist,etherscan_labels
0x80c5e6908368cb9db503ba968d7ec5a565bfb389,0,contract_or_token,etherscan_labels
0x31113bb34f489a297fe301a38f43e3bcec714d01,0,random_sample,bigquery_random_sample
0xcefd137c0486f19e17bb1f9430aa2246a52c7541,0,contract_or_token,etherscan_labels
0xee439ee079ac05d9d33a6926a16e0c820fb2713a,1,scam_heist,etherscan_labels
0xc20c13d2303eeaeeaeb7f73babf7014bce6d130a,0,exchange,etherscan_labels
0x1b14c12e6d281037e1f117fd98501243473c7872,1,scam_heist,etherscan_labels
0xcb2aeea95076ab6484cf117c2e67227065772e3c,0,contract_or_token,etherscan_labels
0x8baae680f589404b2d61a8e7609f440fafed7fdc,1,scam_heist,etherscan_labels
0x9d7e1c21a594a718184ae40ff1e7c6446b616bc6,1,scam_heist,etherscan_labels
0x9304a8c124863c58f1538a45db48ae06897e1bc9,1,scam_heist,etherscan_labels
0x729133418c49b315ee6cae15e61d0a6a408fea53,0,contract_or_token,etherscan_labels
0x9961d2144d78ba46a3ee25f672b1531c08aa70c1,0,contract_or_token,etherscan_labels
0x51c5b22f51e00c6176598222a936585a3362ce79,1,scam_heist,etherscan_labels
0xb44111d5345e481817443d754b61eb111b6f7c56,0,contract_or_token,etherscan_labels
0x66f73d0fd4161cfad4302dc145ff994375c13475,0,contract_or_token,etherscan_labels
0x70813e6d7550fa1a31ef6028eb60c4d72285c7f0,0,contract_or_token,etherscan_labels
0xf4a3dc488373c82324c63f205f5ba35afa5456dd,1,scam_heist,etherscan_labels
0x867fc65c74b2c92b12b86841177efd905e410dd3,1,scam_heist,etherscan_labels
0x16d070b358714951a9da908ef646673a865ef4b6,1,scam_heist,etherscan_labels
0x77ed360e62ca6f2d1582f00da8b0b8489ca1e2e2,0,contract_or_token,etherscan_labels
0x9ecd4042ce307a2eaee23061351f2a204279a207,0,contract_or_token,etherscan_labels
0x17eba2bbbab8a2cefae89aedeb16bfda7fadc923,0,contract_or_token,etherscan_labels
0x731988c38ecc5ef74c0b917d4e242a2a93227657,0,contract_or_token,etherscan_labels
0x614309e47a9a60d1a31641723c5dbadf741926ee,0,contract_or_token,etherscan_labels
0x1c0d2bbab1ef4dc498db620a893ce3a17a9833e2,0,contract_or_token,etherscan_labels
0x6ad728afecf9e08a6d383e3422f58dc72d9ec2db,1,scam_heist,etherscan_labels
0x75a6a230865e4fc7c278ea924e053d52f42408e9,0,contract_or_token,etherscan_labels
0xcd958268208c820a91f2f1a061917967a783194f,0,contract_or_token,etherscan_labels
0x656134b6dd390650cc52f7c6bc1abcc79dc65326,0,contract_or_token,etherscan_labels
0xe8a6535d25819682c463305b35aad6dc3b894c4a,1,scam_heist,etherscan_labels
0x8ca139c53d289ca291e9cb66717b22346a314c1f,0,contract_or_token,etherscan_labels
0xbd2d3255f150bd95cfed54b0b30088005a205a22,0,contract_or_token,etherscan_labels
0x06f6f3f79bb7236473c144bc43b687428ac0262e,0,contract_or_token,etherscan_labels
0x5eca044b580a86e7ab4b2076330978d6d125a270,0,exchange,etherscan_labels
0xbe1e98685fb293144325440c16f69954ffcb790c,0,contract_or_token,etherscan_labels
0x44c9c1b05139bbc49045852d6e671c5a9f37078a,0,contract_or_token,etherscan_labels
0x62ccb80f72cc5c975c5bc7fb4433d3c336ce5ceb,0,contract_or_token,etherscan_labels
0xc7efac31ba348ffcf8f966bbd521f9ad0c9bdcee,1,scam_heist,etherscan_labels
0xf6010e3f345dd2ea5119e07701a350628435f20d,0,contract_or_token,etherscan_labels
0x07fb4756f67bd46b748b16119e802f1f880fb2cc,0,contract_or_token,etherscan_labels
0x60b9c9c167ba57cc376b0faafc68df5c9882328e,0,contract_or_token,etherscan_labels
0xe5edce53e39cbc6d819e2c340bcf295e0084ff7c,0,contract_or_token,etherscan_labels
0x028fb01ffafe25e278ebb467f69bd79a928cf25e,0,contract_or_token,etherscan_labels
0x7965bf79dfe19ccc2d445cbc0800912ec1401816,0,contract_or_token,etherscan_labels
0xf79321e80acd5fa590936f09acb90ec6471fcbc4,0,contract_or_token,etherscan_labels
0x6f4d597f17e723f2474002d34ae7284291520f3a,0,contract_or_token,etherscan_labels
0xb6f10037acbf7012860b658fbfc35aa55d8de883,0,contract_or_token,etherscan_labels
0x2163b8cd30b534124905cc3790f2fa09f22b5cc6,0,contract_or_token,etherscan_labels
0x3c221e16a342a5ec114f7259a37ef42b0597c251,0,contract_or_token,etherscan_labels
0x50eb5ca7828aee49418704f8389f91d7966477a5,1,scam_heist,etherscan_labels
0x8c4d0b89723642951b6d1f9dac651b5f58306f9c,0,contract_or_token,etherscan_labels
0xd7cf3f59b94efbc6f5d337f606cda52e146d3d98,0,contract_or_token,etherscan_labels
0x2dfbb64402c00ce772842a2689909579c644c076,0,contract_or_token,etherscan_labels
0x88daa4e6c2525b126c977c7d0da86710d93ed1b2,0,contract_or_token,etherscan_labels
0x33f7cc013041082477452ec0bdaa61d99bf3113d,0,contract_or_token,etherscan_labels
0x91800a5356b4d2459ac6720a809e61c4f7c0dc8f,0,contract_or_token,etherscan_labels
0x516de442f09bdfff31fda038e9931f19358758f4,0,contract_or_token,etherscan_labels
0xddccf7e3cb2c02270998df8f666215bb99e9157d,1,scam_heist,etherscan_labels
0x95df1595c2c405d95ad3e536b83d6e6b766fb32a,1,scam_heist,etherscan_labels
0xb6e4c590ce77c0c19db97af16959899dc098e973,0,contract_or_token,etherscan_labels
0xfa045c7243bdd391b2e2ab20af31444bd62e52d2,0,contract_or_token,etherscan_labels
0x933984a22f4eec43dda11b2a4c6ed9ac33166031,1,scam_heist,etherscan_labels
0x986b4aff588a109c09b50a03f42e4110e29d353f,0,contract_or_token,etherscan_labels
0x843e24fc4b3f2c253d36d1c46c19274a9fabbcd4,1,scam_heist,etherscan_labels
0xba9a70a5dd74343c0dfaa3826d14e96297da171c,0,contract_or_token,etherscan_labels
0x27582bfe814cb65834de0dc9906fc5e682139b07,0,contract_or_token,etherscan_labels
0xdcabfa995ac265ac154e13911d28fb7474c7bc2f,1,scam_heist,etherscan_labels
0xe9c0e1a05063b3a765c06458c098e482871e7a67,0,contract_or_token,etherscan_labels
0x9e8def9bd18bdb7b8af41faec08bb09deeacd20d,0,contract_or_token,etherscan_labels
0x494adb1ecac39d9df00fcda84ed2c1dc775107e7,0,exchange,etherscan_labels
0x6ebc79c1e44833589483c6dabf14e31d6d82bd7b,0,contract_or_token,etherscan_labels
0x506400bb2489dec60e9f7863431c53b29fd7ff0e,0,random_sample,bigquery_random_sample
0x622a71fdae6428d015052cf991816f70bb6a4a01,0,contract_or_token,etherscan_labels
0xc894be8c8444add74517e924c3b44c7884c27476,0,contract_or_token,etherscan_labels
0x5021052790184abfe9a618c0578fead636879478,1,scam_heist,etherscan_labels
0x1563e2f09eb577b285b09b69e2785b61a50a7ae2,1,scam_heist,etherscan_labels
0xabc3cf81e75e0cba7dcf86d64eadc2edbad5caac,0,contract_or_token,etherscan_labels
0xd89edf40c3269faf4205aa3f92a9dddf377e413b,0,contract_or_token,etherscan_labels
0x0c5eaa7fcf1ea92808c2475e2d2128e2114e8b6e,1,scam_heist,etherscan_labels
0x2125289a8f96c481ea6cd2e516b5a76c391f613c,1,scam_heist,etherscan_labels
0x8b21b9b736085cecc9b3cab4c3d9c2b4c02abd47,1,scam_heist,etherscan_labels
0xafdeb53ed0a77c470bbb78505cca54133f4a9946,0,random_sample,bigquery_random_sample
0x9c86bc3c72ab97c2234cba8c6c7069009465ae86,0,contract_or_token,etherscan_labels
0x67e4423340b56c119749a570afa460f031ac29d6,0,contract_or_token,etherscan_labels
0x20c4ca5f96b9d5c97f387c47559e98c903d0e77c,1,scam_heist,etherscan_labels
0x50a78fd1f3aabd8289e7385e51cf0dc914679977,1,scam_heist,etherscan_labels
0xdbdb0b8411216a5b8fc826434835d8a30f212782,1,scam_heist,etherscan_labels
0xc35466daaa5e61977ec4219d682eeb7beb431726,0,contract_or_token,etherscan_labels
0xaa0e206bdec1a5044fe55def51c7a3eb3ba221a7,1,scam_heist,etherscan_labels
0x975d405c567ef41454a58c57ba6e865219e76daf,0,contract_or_token,etherscan_labels
0xfaac045833b86bb7c8889d146733f09e4c427cfa,0,contract_or_token,etherscan_labels
0x9579d0d63dcb7ee6277e78849df31296f2b0bd1e,0,contract_or_token,etherscan_labels
0xd7c43e980e63096e3c7c524335e692ce54614948,1,scam_heist,etherscan_labels
0x6d365bdeef00d656b19b943ea63bce29583dd0d2,1,scam_heist,etherscan_labels
0xcfc749ead088a1653d44d75d787ad5171d50ec03,0,contract_or_token,etherscan_labels
0xa4095bf13ae0dbc9eb41084514d67846fbd55118,0,contract_or_token,etherscan_labels
0x7257947c67aa4f861e406e7c31fa89b525a10ed5,1,scam_heist,etherscan_labels
0x5c5606ae1476a86d2736f1d70d547ad4be256072,1,scam_heist,etherscan_labels
0x57ce29c9754bd4c28e2541a5c3aeed28f384fc22,0,contract_or_token,etherscan_labels
0x8b3cfb1b901e3132dcba589b36e04a8dd1c98ae3,1,scam_heist,etherscan_labels
0x431903390b94239fc4ed8023841a20ae851c2ea0,1,scam_heist,etherscan_labels
0x4034e70f8d84e3ac931f4c6771da1dcea1ddcf53,1,scam_heist,etherscan_labels
0x1ec6e3252c450a8e799554a08a5cc97462b70bef,1,scam_heist,etherscan_labels
0x78b864a7bce3888460ae9793b827ce521ac0d7bf,1,scam_heist,etherscan_labels
0x8c6b10d42ff08e56133fca0dac75e1931b1fcc23,1,scam_heist,etherscan_labels
0xe80c3122eb705252fa768c1ea7fad507f7ca350f,0,contract_or_token,etherscan_labels
0x238a644f58bb5b77d002affb2a6786dfa4059c0d,1,scam_heist,etherscan_labels
0x67cc7a1d6e7101cdf704e44c11356ba5a494756f,0,contract_or_token,etherscan_labels
0x6916a638628939b46ba5131f61d97b611dcf3f60,0,contract_or_token,etherscan_labels
0x1b09f2fb13d3e6b35fc6b8391c57fe4fcf195fc0,0,contract_or_token,etherscan_labels
0x54bcf4948e32a8706c286416e3ced37284f17fc9,0,contract_or_token,etherscan_labels
0x51a3a683b1c9631bf3c4522f04d13717e33d4aa2,0,contract_or_token,etherscan_labels
0xf7b515cf4dbcfa0b215bab0ccde0f4befc15e3c8,0,contract_or_token,etherscan_labels
0x17ac188e09a7890a1844e5e65471fe8b0ccfadf3,0,contract_or_token,etherscan_labels
0x8ffbb96bac26f6d09911a3256f54911e2a18de4d,1,scam_heist,etherscan_labels
0x62a1292433896093b7f9e0cea29507932113a800,0,contract_or_token,etherscan_labels
0xa1f42948c7f16b09e724eb275d77a698db14cf06,0,contract_or_token,etherscan_labels
0x84c62af610b826a2d751d078a8c9a6f3e571fc82,1,scam_heist,etherscan_labels
0xd73d3e2886b7f067544a2a09cd6c59d989da73f7,0,random_sample,bigquery_random_sample
0x93c2cb8921a7107f438a44445e52aa62aa7e50e8,1,scam_heist,etherscan_labels
0x1663b6e308fd6881e7661e7c923785715a17b292,1,scam_heist,etherscan_labels
0x2b5634c42055806a59e9107ed44d43c426e58258,0,exchange,etherscan_labels
0x362a4cd1e44ee8e9f1b01707b07f2da0386ef448,0,contract_or_token,etherscan_labels
0x52718a1b82f6a6bc94088add7770e8ff2173f0f9,0,contract_or_token,etherscan_labels
0x5e63360e891bd60c69445970256c260b0a6a54c6,0,contract_or_token,etherscan_labels
0x8c2294017e3c79eafaf1b471de9931f735cc9ef0,1,scam_heist,etherscan_labels
0x6ef012b9f864fe32db7588b64b75b15f4f7c7d2e,1,scam_heist,etherscan_labels
0x44d521045b3302ee665516e4e2a9e9e43398294b,0,contract_or_token,etherscan_labels
0xe4a8032a3e579a5b709b5bfe0294890614272437,0,contract_or_token,etherscan_labels
0x1b87c47089c66820b6d07faf599ef872dd932320,1,scam_heist,etherscan_labels
0xac4540184e6ad406fe1ad0a3f0b4ebcf1e3f1a42,0,contract_or_token,etherscan_labels
0x77134cbc06cb00b66f4c7e623d5fdbf6777635ec,0,exchange,etherscan_labels
0x862c8147a4364b9c1b0b66d417409c3a3dabed84,1,scam_heist,etherscan_labels
0x641c5e9b5c6f5372959ace58efee4665670b4d0a,0,contract_or_token,etherscan_labels
0x35999324d0408f1ccf2d4f64453805fb8fddefbe,1,scam_heist,etherscan_labels
0x519854dd32b4f34f9a407874b0b69218465972d6,0,contract_or_token,etherscan_labels
0xe28feb488a82bfddb59a3734c66561eabbedd921,0,contract_or_token,etherscan_labels
0x0c365789dbbb94a29f8720dc465554c587e897db,0,contract_or_token,etherscan_labels
0xeeab7e731704be6237ca24e6c06bf58810bd2473,0,contract_or_token,etherscan_labels
0xcfcdb690bdc88f43f7cac7d968d0d66d2118ad20,0,contract_or_token,etherscan_labels
0x8d5a41e85f4ce2433beef476305d307b9205d98d,0,exchange,etherscan_labels
0xa605cf5b5711b31af251b5610f48ce640802c1fb,1,scam_heist,etherscan_labels
0x6e497962a618ba92c3e83bf2e0f76328ad8f3c4b,1,scam_heist,etherscan_labels
0x6be90bcaf3c3e99adfc708c8e78158133e1ce2cb,0,contract_or_token,etherscan_labels
0x877d9c970b8b5501e95967fe845b7293f63e72f7,0,contract_or_token,etherscan_labels
0xeb366adfc529030ddb479393703f6756ac9968b4,1,scam_heist,etherscan_labels
0xa179d8f12f99cea60700f32f602a57c25f1f6e89,0,contract_or_token,etherscan_labels
0xe9acae2ba8659a378e223e4691fad3293c60649c,0,contract_or_token,etherscan_labels
0x57b67b32b70bbe12ec7d41b460335bb94d35bb64,0,contract_or_token,etherscan_labels
0xf7f141f483b86c5458db355db7c85d11a591d216,0,contract_or_token,etherscan_labels
0x9c879d20f085a161ee5a633fa2166fcd1a01daa6,1,scam_heist,etherscan_labels
0xc3a67e1cd0a49fa3777ba4cb30749c106d3b6ea4,1,scam_heist,etherscan_labels
0x2001dd5e1c958bd303e2bbb4c330a13c1cbe0d9a,0,contract_or_token,etherscan_labels
0x97282b4708dc81723eba58322ad6b457fb849661,1,scam_heist,etherscan_labels
0x3407d265b8906fac9b45127116fbd3c2468718ea,1,scam_heist,etherscan_labels
0xb2af063578f7c50dae69fe69984692ecd88e0fd1,0,random_sample,bigquery_random_sample
0x0cfe7968e7c34a51217a7c9b9dc1690f416e027e,0,contract_or_token,etherscan_labels
0xf543a80495182fede84b3da1c8c015dda0df0787,0,contract_or_token,etherscan_labels
0x753d5167c31fbeb5b49624314d74a957eb271709,0,contract_or_token,etherscan_labels
0x1cdb9a5b489efb99c46d317022921906dea73cde,0,contract_or_token,etherscan_labels
0x7619153e75e86ce5ce8cb68cfb664fcfc9031fe1,1,scam_heist,etherscan_labels
0x3d1ad3faccaad76da5a478a6556eebe719b15de1,1,scam_heist,etherscan_labels
0xaeafe707439e1f42348fc12b2768fc85a07ea76f,1,scam_heist,etherscan_labels
0x302b1e2eb889e3dcf813f55bd93dc8455b150649,0,contract_or_token,etherscan_labels
0xa31741c183895fd5b79b7b0ea7d77b7fb33b4bf7,1,scam_heist,etherscan_labels
0x4a0289cbf12318094b1919de497dd6fcc5088712,1,scam_heist,etherscan_labels
0x70a841f080812ac87e96e95612cdb92ce5bf11d1,1,scam_heist,etherscan_labels
0x00d7d34a25d2ddf37cad4da2ca0b59fec1ca8d9f,1,scam_heist,etherscan_labels
0x38778b6b3763b5de30f60802193b91b5cabe7507,0,contract_or_token,etherscan_labels
0x92da8de14dcf9a216c9323107e77d08eee8ece7e,0,contract_or_token,etherscan_labels
0x7bd198b9107496fd5cc3d7655af52f43a8edbc4c,0,contract_or_token,etherscan_labels
0x7eb6c83ab7d8d9b8618c0ed973cbef71d1921ef2,0,exchange,etherscan_labels
0xec1ce403f5214c819ea0d9e7331945c834dec5d0,0,contract_or_token,etherscan_labels
0x26cf8f78b037dd359202358d029b6365f1308cf7,1,scam_heist,etherscan_labels
0x3c7ea0fa814ca5c2ceba589016b21e25ae7ee969,1,scam_heist,etherscan_labels
0x16c435dd68315de2c53c16a7b79b40b2e410a926,0,contract_or_token,etherscan_labels
0x9d900ff9222d9733139b17f82c9a54d3cc61fab3,0,contract_or_token,etherscan_labels
0x77edd28dd1eefe911f4926ed1b3fee3c613b94b3,0,contract_or_token,etherscan_labels
0xd9c2088eb999ade7ddb92bc95ad70ab2d30f7c24,0,contract_or_token,etherscan_labels
0xf0375ec3bdcf3174ff1efe625234de62b9c343a8,0,contract_or_token,etherscan_labels
0x4f47bc496083c727c5fbe3ce9cdf2b0f6496270c,1,sanctioned,ofac_sdn
0x8e7795f783635ea08097d2aaf19da672bf79dde0,1,scam_heist,etherscan_labels
0x6755b23a11257c1a8fbb8d7fda4e60c9ebef66e5,1,scam_heist,etherscan_labels
0x6406e0a8a91c8c751fecf80485e5ada9f2344e53,0,contract_or_token,etherscan_labels
0x0c48ae092a7d35be0e8ad0e122a02351ba51fedd,0,contract_or_token,etherscan_labels
0x4ad64983349c49defe8d7a4686202d24b25d0ce8,0,exchange,etherscan_labels
0xe193569cc499d606fd08220166b56c1835495b5d,0,contract_or_token,etherscan_labels
0xa32f7871d4452a5af3b8813cdc5860df0c765925,1,scam_heist,etherscan_labels
0x83941a2d3cd426546ef4672376f6364fe69eeabd,0,contract_or_token,etherscan_labels
0x1141ef87fd0c334924e590ce3ff7ce334b46ba82,0,contract_or_token,etherscan_labels
0xa3511c4cb6f7d956c19aba2dfddef590346d2b04,0,contract_or_token,etherscan_labels
0x59932c8e0b3cf2d9f890bb5f4d30291086e651f9,1,scam_heist,etherscan_labels
0xbe9bea95850bf3fd41d878e1f05d92cdbf115b30,0,contract_or_token,etherscan_labels
0x198059d85defcd671cc1ee1919979a934bc039be,0,contract_or_token,etherscan_labels
0xdb932a266aeeb099f885787ab8decd5b62154c5c,1,scam_heist,etherscan_labels
0x6911fbd20a1baf5dec2a64c336d7b0320fc5de41,1,scam_heist,etherscan_labels
0x2c2dd6666f8f4652fb054a31bdf4b559f4066699,0,contract_or_token,etherscan_labels
0xf3fd4d52adc5394e7e0eb2c8addf0d189201eb79,1,scam_heist,etherscan_labels
0x3a77a45f7c8aaa7544bbf01ba5a1d4ce6d50b94f,0,contract_or_token,etherscan_labels
0x57b5310a0e51feb7504d7fd09de5bb62ae66e6f5,1,scam_heist,etherscan_labels
0xbfdef139103033990082245c24ff4b23dafd88cf,0,contract_or_token,etherscan_labels
0x5fd3382d797249fb196a47ce596f238aa0792024,0,contract_or_token,etherscan_labels
0x1111111254fb6c44bac0bed2854e76f90643097d,0,contract_or_token,etherscan_labels
0x41e05211a0de162b4a131730a500f114f653a0ad,0,contract_or_token,etherscan_labels
0xaab2b7c70eb48c17f0f3b2c2b9fc22fa450ac87e,1,scam_heist,etherscan_labels
0x86f518368e0d49d5916e2bd9eb162e9952b7b04d,0,contract_or_token,etherscan_labels
0x4625b8c00077750d52f77a2736d8d7a7e3d26b13,1,scam_heist,etherscan_labels
0x5253202ce60558dfda332d4ccbdfa3fe6caf7a25,0,contract_or_token,etherscan_labels
0x788f3452384bb93c23208f7fba3c6f8420720e52,0,contract_or_token,etherscan_labels
0xef1bf761054d967a05c825ec2a7430d5ab2f3b75,0,contract_or_token,etherscan_labels
0x32751c04b865e0143ac0ed53c8fa9b7c7b0afb4a,0,contract_or_token,etherscan_labels
0x9302cb6f567f5a27b8245af8536ed7cbee76616c,0,contract_or_token,etherscan_labels
0x432947be1975a437180133a65f3937318dfc0a1a,0,contract_or_token,etherscan_labels
0x750e188d6bf3dff9dfd521a3c2909871906664a6,0,contract_or_token,etherscan_labels
0xc59623d74b3f950cdc5b83c659c0977646ec8105,0,contract_or_token,etherscan_labels
0x38eebe6f5ccb17ac9cdf08d8666737e3bf9391f2,1,scam_heist,etherscan_labels
0x9c7cbd6d12f95d5c5aaccb0289b03f86a0f513a2,1,scam_heist,etherscan_labels
0xbbcb0356bb9e6b3faa5cbf9e5f36185d53403ac9,0,exchange,etherscan_labels
0xf29910d8b837f26dd385b2337870943a77db8d3d,0,contract_or_token,etherscan_labels
0xe6c2e229c763ed3e1d5d57b3648aeb1d4011eacd,0,contract_or_token,etherscan_labels
0x973f1c7260bb3f72eaf024064ac587a5e1156096,0,contract_or_token,etherscan_labels
0x1494ca1f11d487c2bbe4543e90080aeba4ba3c2b,0,contract_or_token,etherscan_labels
0xdf8e9e62b403df28c3c558acc775c23a68dbad62,1,scam_heist,etherscan_labels
0x4425448d81a802da7610d035b02e7bb2472483a1,0,contract_or_token,etherscan_labels
0x2c6e171ed52036e963f7882ef02eab3f902d8ec7,0,random_sample,bigquery_random_sample
0x2c8fbb630289363ac80705a1a61273f76fd5a161,0,exchange,etherscan_labels
0xb12aa722a3a4566645f079b6f10c89a3205b6c2c,0,contract_or_token,etherscan_labels
0x023d4c6ef88817401f241b3f637ae647edbd78fa,1,scam_heist,etherscan_labels
0x19421f01c3c3b137389379a9e73a3d20b42b4f1f,1,scam_heist,etherscan_labels
0x74512c70c1411d9ad193d495dd48ca97e92b8534,0,contract_or_token,etherscan_labels
0x7ee3be9a82f051401ca028db1825ac2640884d0a,0,contract_or_token,etherscan_labels
0xc9b153442f909a492f4ab933b99760876ba609cc,0,contract_or_token,etherscan_labels
0xd636cbf9eb525c9bf8eac20f8ad8e8ef86763d0c,1,scam_heist,etherscan_labels
0x02ff01edec0019d2377d827563daf2243375ce2a,0,contract_or_token,etherscan_labels
0xc44821a9c3d8835cba6d17f4c4db4133b1d7c382,0,contract_or_token,etherscan_labels
0xc26d79f8dcb5bbbc52e4cf17c6fb800a9aad39a7,0,contract_or_token,etherscan_labels
0x1428eb10e01de0fa51292e50d0f87eb3ace25a1d,0,contract_or_token,etherscan_labels
0x6f6a633a156ffef5451c8cadd47178c6ae3edb67,1,scam_heist,etherscan_labels
0xd3891ffc9cc5e64859c4ef08d0b86043b4473622,0,contract_or_token,etherscan_labels
0x6434691e10e0b999a109cbe7bed3d4f82bfb686e,0,random_sample,bigquery_random_sample
0x4601c6ee8dc2ab033f2b1116e5eaed5a29b9c1a1,0,contract_or_token,etherscan_labels
0x0b95993a39a363d99280ac950f5e4536ab5c5566,0,exchange,etherscan_labels
0x4118f3935231c517a71e154ab945249e5b9ed684,0,contract_or_token,etherscan_labels
0xdb5ac83c137321da29a59a7592232bc4ed461730,1,scam_heist,etherscan_labels
0x487d5ddd8f8480ee47f1cecaf4c547c2dec9a02e,1,scam_heist,etherscan_labels
0xc19e3035a4f6f69b981c7dc2f533e862aa3af496,0,contract_or_token,etherscan_labels
0x8a4449df0c472889082ff28724890501035be377,0,contract_or_token,etherscan_labels
0xa18d07a995e2e962fe5a6d7a89adbddb8c45f56b,0,contract_or_token,etherscan_labels
0xe0f0cfde7ee664943906f17f7f14342e76a5cec7,0,exchange,etherscan_labels
0xc39477966b003b6e1b5007052c524686c803ecca,0,contract_or_token,etherscan_labels
0x9f59db55049d070c98814e33c92056a6bbc372f2,0,contract_or_token,etherscan_labels
0x7f8ec02007ea664b3cac5694f8f57ad020a921db,0,contract_or_token,etherscan_labels
0x7ce071798aad499e856a5c7acd02cddadb2daf7e,0,contract_or_token,etherscan_labels
0xd1eff107a74337a5427378a7bb0da3f7be4b81c8,0,contract_or_token,etherscan_labels
0x672f3916e7b89463375804fa5934e47cbfd7ea1f,0,contract_or_token,etherscan_labels
0x7a77d8a78558b195ee525286a47f998952531d45,1,scam_heist,etherscan_labels
0x896e145568624a498c5a909187363ae947631503,0,contract_or_token,etherscan_labels
0x97b1043abd9e6fc31681635166d430a458d14f9c,1,sanctioned,ofac_sdn
0x5445c0a61914c0b2aaa759656bdae2cbc8eedaf3,1,scam_heist,etherscan_labels
0x91719d68e4bbb2fd78f4577f370328145cd77ebe,0,contract_or_token,etherscan_labels
0x4ac5188c72c3a705d7daad03bdeaf8721a1fd30a,1,scam_heist,etherscan_labels
0x2e4f8ef08217c00f30c05997ef0361218e0c8d05,0,contract_or_token,etherscan_labels
0x3244fdc1de0d3f0bcf159351dbaadfbb56aeee35,0,contract_or_token,etherscan_labels
0x2ddd5425a2c78ceb168d52a65fda21600a03035f,0,contract_or_token,etherscan_labels
0x461e474e594b211d41bb2ff855aa43e455d93888,0,contract_or_token,etherscan_labels
0x7a9dc8eeaf5022cecd60c54a042343484ce6c065,1,scam_heist,etherscan_labels
0xee64a0fdf4da0c8c9bedc66c1c2f0b7ce7dffafc,1,scam_heist,etherscan_labels
0x4b0b0bf60abbf79a2fd028e4d52ac393982488ce,0,contract_or_token,etherscan_labels
0x52fb4cefc2c5a03e61c5d74b619b29a5c4d7a2c3,1,scam_heist,etherscan_labels
0xb70c68a4f5446193853a4b9cb4e8cea27b606692,0,contract_or_token,etherscan_labels
0x325802d77ca3dd7ec2d8660ebef2b1bf8a83c285,0,contract_or_token,etherscan_labels
0x89fc49b243c8a8357b5bff0417d56bd59ce64c6d,1,scam_heist,etherscan_labels
0xf25fc24381da05b9b86c8ae6ac6efd0ecd61d803,1,scam_heist,etherscan_labels
0xc07ccebe7c59d3b1c180df16a981a6438ae94735,1,scam_heist,etherscan_labels
0x574c30a32ead37aa929d2f02f0bb1b99d92c45ae,1,scam_heist,etherscan_labels
0xf8c9c79e400ec63a963a68253f8bb62a3b48c9cc,0,contract_or_token,etherscan_labels
0xd4affaabc4a41b979bb7ddaa3646a50e50c1315f,0,contract_or_token,etherscan_labels
0xbea3ae2145c0dae8e49025b1dbdee4d70c8237d6,0,contract_or_token,etherscan_labels
0xe6c967be506e5890967d73fa242fb7e2dc9720b2,0,contract_or_token,etherscan_labels
0x5c689f76e155bd69d148f2f66b5968f35cdce798,0,contract_or_token,etherscan_labels
0xba3ed686cc32ffa8664628b1e96d8022e40543de,0,exchange,etherscan_labels
0xc2676fb5f442bd21d79b9140e7b05e99b3b78b76,1,scam_heist,etherscan_labels
0xd6cb2adf47655b1babddc214d79257348cbc39a7,0,contract_or_token,etherscan_labels
0xe8017f48136a5674286f475d1b3dc4a633f64ea3,1,scam_heist,etherscan_labels
0x2fb2896c40521c6a88c18e390a958a5748a367b5,1,scam_heist,etherscan_labels
0x7a6f42400b1174415850cfcd29d1ce084f78385f,0,contract_or_token,etherscan_labels
0x6d431419188283a5ca833fd3b39e5592a1983e37,0,contract_or_token,etherscan_labels
0xd341c44e41f4de67cfc866ef0761fdaf52c9ef18,0,contract_or_token,etherscan_labels
0xc8fc3313ca0b5b2e34f3b78274146f1021eb3f86,0,contract_or_token,etherscan_labels
0x6b885108fa859d15c29e140385e4d1125eaae675,0,contract_or_token,etherscan_labels
0x53f160490d7e48ba2c31be4790f3d87a2f4dc662,0,contract_or_token,etherscan_labels
0x3dc7722af12100c4f12b3ba1e3c28fd2264808ef,0,contract_or_token,etherscan_labels
0x3e27e7084051920f160dbcf2b9449aeba1186643,1,scam_heist,etherscan_labels
0x748ee630a4a8d12c35f4c712d60eab90d2851358,1,scam_heist,etherscan_labels
0x32598293906b5b17c27d657db3ad2c9b3f3e4265,0,exchange,etherscan_labels
0x6ce3f8a0677d5f758977518f7873d60218c9d7ef,1,scam_heist,etherscan_labels
0x5fdd67de51b79339fab3f5fe0550c4ea98926618,0,contract_or_token,etherscan_labels
0xeab9ef1a0e7bbc92387b6449a613d47504c37fc2,0,contract_or_token,etherscan_labels
0x3d4d8655478e4d634f9eed10cc2bd6beea40c0fb,0,contract_or_token,etherscan_labels
0xc82c28a1478de97dc06438690ae19798951b837e,0,contract_or_token,etherscan_labels
0x8c22b466a823826a4f6dedd319e06d272dd8a092,0,contract_or_token,etherscan_labels
0xb49a51273de411b01025b0f97821d4430e6b1e05,1,scam_heist,etherscan_labels
0xa5ff91816cebd3878f9b7c3161b08f7213a37347,0,contract_or_token,etherscan_labels
0x3adbc5eaa31bb2f826dae5411adf0acbcc7b111e,1,scam_heist,etherscan_labels
0xb38b0c480a451db976837a1a464af95bb0f3f5e2,0,contract_or_token,etherscan_labels
0x6284be5e37b6717eb1887284364af34a40a4ffff,0,contract_or_token,etherscan_labels
0xeff28fb4c2d4004c5d7c2f5a9f1481723b0dd434,0,contract_or_token,etherscan_labels
0x06a0048079ec6571cd1b537418869cde6191d42d,0,exchange,etherscan_labels
0xb3077d560f48d0e96920d844745833b01979db4f,1,scam_heist,etherscan_labels
0xbe48e92e0696156a3d20343fbe2f93531848a896,1,scam_heist,etherscan_labels
0x5f98327bcc939309b043d15294a0b6a012dcaf37,0,contract_or_token,etherscan_labels
0xf2b3614180d83fc813e2859850430f957d7aad1c,0,contract_or_token,etherscan_labels
0xb9936365be3166cbbe64cbd5ac4babd949430c65,1,scam_heist,etherscan_labels
0x825142b89d87523adb7fc6874de8b330e14affff,0,contract_or_token,etherscan_labels
0xd3c8dcfcf2a5203f6a3210591dabea14e181db2d,0,contract_or_token,etherscan_labels
0x7f7d686b05ce0b9b7b7b0b4d56207ace4b13a87a,0,contract_or_token,etherscan_labels
0xacd80a908d37505f708d97afee40a739a92c670b,0,contract_or_token,etherscan_labels
0x5ed3ce6d690574d00d5ee061ff7ff3afbcbe2b6d,1,scam_heist,etherscan_labels
0xf9f9828b42e77a4cc9c2995b5ae54db16bed9037,0,contract_or_token,etherscan_labels
0x77dcf8c1085869c844e6c5078dce5e78823f2c65,0,contract_or_token,etherscan_labels
0x242d7cd78cce454946f35f0a263b54fbe228852c,0,contract_or_token,etherscan_labels
0xb16417c5b50d50fb93de2ae7302f8af0813c8487,1,scam_heist,etherscan_labels
0x343036d87c813879b24076bb932187a845ea0989,0,contract_or_token,etherscan_labels
0xc3f2cfc607b89a9a44f3656add96116c53cda45c,0,contract_or_token,etherscan_labels
0x2721114b12b03aba26aaede0a69e68cf746859d4,0,contract_or_token,etherscan_labels
0x2acbf90fdff006eb6eae2b61145b603e59ade7d2,0,contract_or_token,etherscan_labels
0xb247a77d45b9afd9e1d125891fbe932ed4132e55,1,scam_heist,etherscan_labels
0x9ee2ccecbb74d78a84269e0258c3d45fcd137b30,1,scam_heist,etherscan_labels
0x532e5c0e7b8d90048966b8cfbb964ef894ee3b18,0,contract_or_token,etherscan_labels
0x808832eeea1d86ab1a00c2089aef352424d21bdb,0,contract_or_token,etherscan_labels
0xe66b31678d6c16e9ebf358268a790b763c133750,0,exchange,etherscan_labels
0xb87a360f7e9330a23d090295c7d2af263737e0ba,1,scam_heist,etherscan_labels
0xed03415e5705c5abbf8e94c491b715df526cad55,0,contract_or_token,etherscan_labels
0x5a06e559e4d17a2ce017ffd16f04b837d0e850ae,0,contract_or_token,etherscan_labels
0xc783ce79b391ff0b4c9417c4544e3eb19f6e4bf7,1,scam_heist,etherscan_labels
0x05104ebba2b6d3b8254aa41cf6df80462f6160ae,0,contract_or_token,etherscan_labels
0xb5adb233f28c86cef693451b67e1f2d41da97d21,0,contract_or_token,etherscan_labels
0xec34ec99b19436010656eba91d24262ed67f7d7a,0,contract_or_token,etherscan_labels
0x5a1abc007f031aa58238f45941d965ce6892fdff,0,contract_or_token,etherscan_labels
0x973499bb0edc8906db35969adc59b4bb4f59fe64,0,contract_or_token,etherscan_labels
0x980bb98bd452118843f7c85f76e681846e4187ac,0,contract_or_token,etherscan_labels
0xf34960d9d60be18cc1d5afc1a6f012a723a28811,0,exchange,etherscan_labels
0x9e8d2d2fe376c4c212221975f7fa8510c3f68615,0,contract_or_token,etherscan_labels
0x8dc7bf3baf5c8ae60b14daeb2bcde95b32d94a84,1,scam_heist,etherscan_labels
0x5a9d6f1d52f7b969974229fd8e15340d7314dcff,0,contract_or_token,etherscan_labels
0x929ce9e29acc30f0b10e4d81f73bccfcba42d57e,0,contract_or_token,etherscan_labels
0x119ed29ff7209ae155ca695c6f29640157690a25,0,contract_or_token,etherscan_labels
0x581ae5af7afa6f8171bbf40d1981779f168a9523,0,contract_or_token,etherscan_labels
0xbe002c3a9a31ac20e7263118bdc5bb1273f34ad6,0,contract_or_token,etherscan_labels
0xb5bcb67ce30c1c03b2d185914d2d3ae267e936e2,0,exchange,etherscan_labels
0x77bf309a9de03507c78d0595b990547d846c3a5a,0,contract_or_token,etherscan_labels
0xda973668155998dd3d1bffcce9371d09275fd1ee,0,contract_or_token,etherscan_labels
0xa226dd4163376afe87858654343cb0d8ed199010,0,contract_or_token,etherscan_labels
0x31fa985bb0c282a814e7f3f0dce88b2a44197f60,0,contract_or_token,etherscan_labels
0x0c04a6db771fd8a4ae71bbdb3209c2fa9d016a9c,1,scam_heist,etherscan_labels
0x7fee41e5a72cf0dec69f354450d97a5b1b553cf4,0,contract_or_token,etherscan_labels
0x2799401f3f9efbfa269e77b4d63dcbc9b3a7db5c,0,contract_or_token,etherscan_labels
0x770d48bda40a9657fc047fce7ef6de76c85620c8,1,scam_heist,etherscan_labels
0xf5e8d04f96d42d9b2106544051c41a0d29f37fb4,0,contract_or_token,etherscan_labels
0xb1e870865a4ba50f6f802c707c42387af2e6dfd7,1,scam_heist,etherscan_labels
0xdda508f9f3c1b4ca39c8794df3a080298ebe9c55,0,exchange,etherscan_labels
0x89de0f58198453164d33e061b7cb7128a268c79f,0,contract_or_token,etherscan_labels
0x696e8c3d21017dd8d92f1bd152bf7c3fb29c7cc3,1,scam_heist,etherscan_labels
0xcc3de481868e7fdc588a792b9147161d24af6d9b,0,random_sample,bigquery_random_sample
0x56724b744d83b11d74cce3c5c6217578c06079b8,1,scam_heist,etherscan_labels
0x6496da23de48db0dceca14fa8dc5ae44cdaf8ebe,0,contract_or_token,etherscan_labels
0xa8b8a0b3b04b861623a0ce5bfa7a5bce58fbe353,0,contract_or_token,etherscan_labels
0xd046a67758ad12c9beb906b177d4355dab33b2e8,1,scam_heist,etherscan_labels
0xc9ad5515b6dd0fc78c8360c93b960541ffcd67d4,1,scam_heist,etherscan_labels
0xffdc4738cdca1f94c7b7251876ed5a114544b1de,0,contract_or_token,etherscan_labels
0x6d5dda04760f0515dc131ff4df76a5188ffcdfcb,0,contract_or_token,etherscan_labels
0x5a75a6b270c20f248f779fc8fca8483173826fd3,0,contract_or_token,etherscan_labels
0xd90864a7dc0ffbb63e203e214b43946786085e42,1,scam_heist,etherscan_labels
0xecdd733467e017ad4a055f243ab397520857363b,1,scam_heist,etherscan_labels
0x63c9122374b308e45de3bff680e85a187a30b02d,0,contract_or_token,etherscan_labels
0x99b5960050fd141603084cc9ed3a00eb821caeb8,1,scam_heist,etherscan_labels
0xa6c83d37a183d3f7adfac8651b4c46c9f8740a77,0,contract_or_token,etherscan_labels
0x37e6365d4f6ae378467b0e24c9065ce5f06d70bf,0,contract_or_token,etherscan_labels
0x1c4b70a3968436b9a0a9cf5205c787eb81bb558c,0,exchange,etherscan_labels
0x45a365e129a7fb9981161eaf78abe0edc20b5747,1,scam_heist,etherscan_labels
0xa7db131783bdc413bd1298c7618b7a38ade65b9a,0,contract_or_token,etherscan_labels
0xa9772006f3fb9338458e5f7d3d7777cb349e4077,0,contract_or_token,etherscan_labels
0x698abbbc986c59d02941e18bc96fe2396493339b,0,contract_or_token,etherscan_labels
0x7397f266292e1fd505995a6d746ede43d74248f8,1,scam_heist,etherscan_labels
0xf6bdc2619ffda72c537cd9605e0a274dc48cb1c9,0,contract_or_token,etherscan_labels
0x6ac4f9f5ca3583bd2ce7b2df4afaaebdd097ea86,0,contract_or_token,etherscan_labels
0xa25f8c63db066713b92f922d1d9d1a32065a1a7e,0,contract_or_token,etherscan_labels
0xa42f219d4394216d851d75dcb6b742595146379c,0,contract_or_token,etherscan_labels
0x69124fa198325d1ce2c8bfd6ff7966d01014fdf8,0,contract_or_token,etherscan_labels
0x71201b3af631e0705a1aadd5fef012c48426a84e,1,scam_heist,etherscan_labels
0x5dbf4a83c1d61ecb5fafa97bc6cba42001cfb5bc,0,contract_or_token,etherscan_labels
0xda1e5d4cc9873963f788562354b55a772253b92f,0,exchange,etherscan_labels
0xedd701ebb4e53959036694747eb741dcecd7f955,0,contract_or_token,etherscan_labels
0x7b2aa18ba89b88192e44b8853b7bf170820bce9e,1,scam_heist,etherscan_labels
0xb5c40e038c997c2946b24dc179f7cdcd279d8847,0,contract_or_token,etherscan_labels
0x637493d9d5b47554e4f18ae703be7014a8b3550a,0,contract_or_token,etherscan_labels
0xb6d064b1f841dd87191aba57fbc28faa08139126,0,contract_or_token,etherscan_labels
0x47d0100f73ed8dfc279d626d2f8c847bf10a906b,0,contract_or_token,etherscan_labels
0xeb38eaaa6865024b8b9e03ed1bae304b0db7c7b2,1,scam_heist,etherscan_labels
0xa6929bf253f5bcba10a6a7a0ff7f44d6457dc88e,1,scam_heist,etherscan_labels
0x1ddf6a206eeedfed4fe473360fe1787c9f32d5de,1,scam_heist,etherscan_labels
0x48a451b9ae34cbcf70b2f2c40cf1a81679588098,0,contract_or_token,etherscan_labels
0x5576898bb8a618e4108626867ac426cc61805c7f,1,scam_heist,etherscan_labels
0xc26dbfda3b9824c48cce5f98094464d04b0f74c5,1,scam_heist,etherscan_labels
0x224e906efe965dbe8ceb71e3cf1d5536c9ce196d,0,contract_or_token,etherscan_labels
0x11a92b928d35393c83363a8f61be74a63c4afa80,1,scam_heist,etherscan_labels
0x1fb04b6422e41f0e116e1b80ca6d116479f7d4c0,1,scam_heist,etherscan_labels
0x5b3f8df40c4a3243aef0eaacca6bbaae8dcfd096,0,contract_or_token,etherscan_labels
0x12a75a233cf7ccf8673c5b2d00e07333b5a6fe54,0,contract_or_token,etherscan_labels
0xd389bffa9e32777ae976aef6b0463b4b7fa74c44,0,contract_or_token,etherscan_labels
0xed962b4cf305cebd7dd84edb5d23391dec5e03f0,1,scam_heist,etherscan_labels
0x42c6caab4c94c57ccb383a0056f52b1776d46ad0,0,random_sample,bigquery_random_sample
0x3018d34cc315379b91de3c1c5dab1acbcbe839b2,0,contract_or_token,etherscan_labels
0x733d3e5dd2aee708366a221ac65c1e324fa3c3f9,1,scam_heist,etherscan_labels
0x78cc16fdda0cd38007f4635a72dcd5229f66e5f2,1,scam_heist,etherscan_labels
0x6cdb3f37de97b1f460deb5d1ceb825ef637297a3,1,scam_heist,etherscan_labels
0x998a8d555f18cdb18bbd18aada2dbe191e19c061,0,contract_or_token,etherscan_labels
0xd365b66a0697b51ddd484ee612f370a2ce44c638,1,scam_heist,etherscan_labels
0xdcc0530be5d89de55af6df7cb87642206c247c72,0,contract_or_token,etherscan_labels
0xa1e25e8e4b4edae8c288362b6bee0434ebc30222,0,contract_or_token,etherscan_labels
0x39c70e83d9535d5c9de81a8092697cc733ff4863,0,contract_or_token,etherscan_labels
0x1a97ac0771e77132852ad0d7c500182372c1e01a,0,contract_or_token,etherscan_labels
0xa733e76384b9f17ef8fccd3309350d9d439e9b28,0,contract_or_token,etherscan_labels
0xf4bfe9b4ef01f27920e490cea87fe2642a8da18d,0,contract_or_token,etherscan_labels
0x7e123e8c86030071fd2827236bbd64ca233ebb36,0,contract_or_token,etherscan_labels
0x5888a02185d596abe1da14302c75cf8f39e45cf5,0,contract_or_token,etherscan_labels
0x84f34e01da2c038a2411e88624848abf6514ae47,0,contract_or_token,etherscan_labels
0xfcdfebef6ba1fef310e073d7f88202721915e1b6,0,contract_or_token,etherscan_labels
0xded0f5f0c706ef164b4cd5b6dd5f72ff4732dddd,1,scam_heist,etherscan_labels
0x4a40eb870dcf533d4dc097c3d87aafe9f64490a1,1,scam_heist,etherscan_labels
0x5af66ae018b034e6f77c7043b83780e57b48f67f,0,contract_or_token,etherscan_labels
0x035555ad90361aaa55e55458b0feb54b573e6d37,1,scam_heist,etherscan_labels
0x92a3c01a342c87cbb114bf26b3f7aef8e00e75d4,0,contract_or_token,etherscan_labels
0x9c9bb6d95abbdbadd6e3a421b050e653a64d9389,0,contract_or_token,etherscan_labels
0xa2acfaaaa01c4999385104787c1f24a9cf95b725,0,contract_or_token,etherscan_labels
0x131c209140db8d882ff9b67523874f9e22e9b1de,0,contract_or_token,etherscan_labels
0xf75b388a59b210ad46aed070b0f158655f02d3b9,0,contract_or_token,etherscan_labels
0x8634ae5d62b12adb60da1ab39b19ce0a34dd674a,0,contract_or_token,etherscan_labels
0xc2a3829f459b3edd87791c74cd45402ba0a20be3,1,sanctioned,ofac_sdn
0xa1adee4198c136698e10470f2559f8df742a4715,0,contract_or_token,etherscan_labels
0x3d9cf8ba3294b2661ff0a090ed8eeefcab156434,0,contract_or_token,etherscan_labels
0xa9cf64694d1ef8474e1b85cbcf9847197f23193c,0,contract_or_token,etherscan_labels
0x1ad651a07b98464aa42f6cad68d0ce8639b659a5,0,contract_or_token,etherscan_labels
0xb66fe9834576fc207a6f727aef6dd60af1d299b8,0,contract_or_token,etherscan_labels
0x861051050074d31b0fc8682d0c383e6ab01df0eb,1,scam_heist,etherscan_labels
0x45f27778edd351f033c0c509af0c6015060f0c2f,1,scam_heist,etherscan_labels
0xd176c1ff853d49511258708e98cfb3f8dbe9d9f9,0,contract_or_token,etherscan_labels
0xd69e70cedb06634130ed51a7b1942b7a924f7f6e,1,scam_heist,etherscan_labels
0xb4ada607b9d6b2c9ee07a275e9616b84ac560139,0,contract_or_token,etherscan_labels
0x2eb7591f01194e00a3e200305b02d76d69d18f6d,0,contract_or_token,etherscan_labels
0x8b20f55eb582907f43126613ba208dcb4803612e,1,scam_heist,etherscan_labels
0xa960d2ba7000d58773e7fa5754dec3bb40a069d5,0,contract_or_token,etherscan_labels
0x8292df7ef089cd789c9206b1e0c1de93876e835e,0,contract_or_token,etherscan_labels
0x60797f9b1af914dee5533dbcccb0e1fecd428137,0,contract_or_token,etherscan_labels
0xb0f0e4c0615e1905ed08905bf4486f73e7eddd63,0,contract_or_token,etherscan_labels
0x6367bb496390ddf0ef508db2992f53dbf376b1f4,0,contract_or_token,etherscan_labels
0x5fb383687b7a481d4f2545b66fecad48075f8285,1,scam_heist,etherscan_labels
0x6f1c8742ba79d9bc1dfcb01fefdd54c38f99f9ca,0,contract_or_token,etherscan_labels
0x1e9dd7728246bcd6c5dffafe153ee6817cd763e5,1,scam_heist,etherscan_labels
0x596a7c70183877b872aacd970f9e6f28296f923d,0,random_sample,bigquery_random_sample
0xc073455a515c7c7e9b0a1870fccf6b5c00ffd14f,0,contract_or_token,etherscan_labels
0x2a98f5b29b205f9f18c7731486096516878589ed,1,scam_heist,etherscan_labels
0x36b66b447b7a2ffaee307785f663ec8d5a598ba1,0,contract_or_token,etherscan_labels
0x46c4c4781fbcbd501e11ef8d87180c44026a3ec5,1,scam_heist,etherscan_labels
0xa7d0398e1be846dc30c07d0f7d31692af2d92b0d,1,scam_heist,etherscan_labels
0x56e56bea311217474f8b9c0f06999707eeafdfb6,1,scam_heist,etherscan_labels
0x2f47a1c2db4a3b78cda44eade915c3b19107ddcc,0,exchange,etherscan_labels
0xe315ecef5b3ba751324874a9d65f74b2708d7e7a,0,contract_or_token,etherscan_labels
0x2f49eea1efc1b04e9ecd3b81321060e29db26a19,0,contract_or_token,etherscan_labels
0x33a0a3d25863ad38943b1b0d6bbc96f661f461b8,0,contract_or_token,etherscan_labels
0x3a14fae1defc55fdce1fb7b028ca65238f47f2a1,1,scam_heist,etherscan_labels
0xdb30d3f9b55bd57271d171fec708b575aa940082,0,contract_or_token,etherscan_labels
0x9693266328edf63579bbfdfd14f250acf94d9c84,0,contract_or_token,etherscan_labels
0x904b8f6d1162b6c3a91b721301b4231f04195d36,1,scam_heist,etherscan_labels
0xe8fcadd337bf8de5ddb77c0369946ecd8092ded6,0,contract_or_token,etherscan_labels
0x651d4c7a80ea216b7b6ba4c742921505c2725dc9,0,contract_or_token,etherscan_labels
0xa023cca9de8486d867e8b2f7bfd133a96455f850,0,contract_or_token,etherscan_labels
0x63a63f2cad45fee80b242436ba71e0f462a4178e,0,contract_or_token,etherscan_labels
0x8facb9345a01662870d4ce6e16c807aa1c85fc5a,1,scam_heist,etherscan_labels
0x95c35fb380b2705831f23755fa9cb52e3775ad2e,0,contract_or_token,etherscan_labels
0xb828e94ca3171953bab1953377309f8391c8329d,0,contract_or_token,etherscan_labels
0x0fd37f17a2ef7c0970598c2983c343e5c25bba0f,1,scam_heist,etherscan_labels
0x152e2502c22f73a7493df8b856836efbc69e3718,0,contract_or_token,etherscan_labels
0xd82945aa0a6514a3141e92c476da956af4e13db1,0,contract_or_token,etherscan_labels
0xe20c243d1435c6cf0e86c62fccf0885d54d84674,1,scam_heist,etherscan_labels
0x6937665654b32ad843adda51927e8ea2b013c3bc,0,contract_or_token,etherscan_labels
0x132df12d212cd1ca6c15f72b1fa4946bf036730c,1,scam_heist,etherscan_labels
0x1df907dd50740dd334e357ec00f06b2858f80854,0,contract_or_token,etherscan_labels
0x8ea650d831eaca6b84360fa9db45f481e0622a1f,1,scam_heist,etherscan_labels
0x3d761712a2bc917b1a5c2c5a375041c20c5ee5f6,0,contract_or_token,etherscan_labels
0xd3238d8be92fd856146f53a8b6582bc88e887559,0,contract_or_token,etherscan_labels
0x0b66b4340bed1741dc1c32c3ea3d6373db20c50b,1,scam_heist,etherscan_labels
0x09772046e7e33c15acdf15a3ed495cc9557f269c,0,contract_or_token,etherscan_labels
0x0013df4ec514d5839ad4f535e4987498ebb58bf5,0,contract_or_token,etherscan_labels
0x904144473fde753dc0729608cfeea6f4a8b275e6,0,contract_or_token,etherscan_labels
0x73b8ee1555083d5395a388ce16e465169a292c92,0,contract_or_token,etherscan_labels
0x71852e888a601c9bbb6f48172a9bfbd8010aa810,0,contract_or_token,etherscan_labels
0x99f0c17346aa82604e484ac68671377e84a523a7,0,contract_or_token,etherscan_labels
0x0780b42b3c4caf41933cfc0040d2853363de20a7,0,contract_or_token,etherscan_labels
0x9fecf7435560f6ead98a2f259828712b8adf647a,0,contract_or_token,etherscan_labels
0x47d3fb48dad00a2e1f42f885d40a7db823102d57,1,scam_heist,etherscan_labels
0xbc1902b1a219930c06361b07d57c6312fc7b10c6,0,contract_or_token,etherscan_labels
0xa1367d73af7f3a66938c3293f767d2377e882997,1,scam_heist,etherscan_labels
0x813d9afe8da7768c468d5330bb18175916f29c7f,1,scam_heist,etherscan_labels
0xaeccd58001d52b4b931fd6fd5bf87d4f911100b7,0,contract_or_token,etherscan_labels
0x38b19673289bc8183a580f3846765b63072305dd,0,contract_or_token,etherscan_labels
0x0514c22fd60b7393ba125fd984d3c95d1ab482ee,0,contract_or_token,etherscan_labels
0x2dfb14e32e2f8156ec15a2c21c3a6c053af52be8,0,contract_or_token,etherscan_labels
0xd535dbf27942551a98cd0723552bdaf70628dbf8,0,contract_or_token,etherscan_labels
0xc937dea470f710bb0916b9760574008d9bff3f52,0,random_sample,bigquery_random_sample
0xc2544a900162d7e6ef8d0bc5003494336089d435,1,scam_heist,etherscan_labels
0x68065ca481bfb5e84c0d0e1ceae3021786f9aec6,0,exchange,etherscan_labels
0xa4c0de9cad3383dee99fc81163f735f2110e213c,1,scam_heist,etherscan_labels
0x608efc17a10945991a041934ca23a36e72ca5442,1,scam_heist,etherscan_labels
0x44a6d0e4353e0841144fb766970f8c93cf232c74,1,scam_heist,etherscan_labels
0x85dc25c954099db945a61e975b0a780c78ecacb7,0,contract_or_token,etherscan_labels
0xae719cc3029f2845d62a203bb0f1076b8d735f4e,0,random_sample,bigquery_random_sample
0xc6225e8f4750c7cc139b7f86f5ffc45c0f90f4b8,0,contract_or_token,etherscan_labels
0x37c4bcaba4bcf3a605414236b8b108f160eb45a6,0,contract_or_token,etherscan_labels
0x318c1863d29d1cffb78ac2b34ba0712a354bf5c1,1,scam_heist,etherscan_labels
0x74b6f43f0000e3963e04576bb1394bae726bf138,1,scam_heist,etherscan_labels
0x800930a57c28845026d18514ce29aaf644dc343e,0,contract_or_token,etherscan_labels
0x4facf73e79c16951928ee803b2bb9c56d4be49ee,1,scam_heist,etherscan_labels
0x142021ef4dd7f2aea24956c72399ae86190f2708,0,contract_or_token,etherscan_labels
0xfc3733587e4066d664963c90ca3baf76ff05fe46,1,scam_heist,etherscan_labels
0x43984d578803891dfa9706bdeee6078d80cfc79e,0,exchange,etherscan_labels
0x001b6450083e531a5a7bf310bd2c1af4247e23d4,0,contract_or_token,etherscan_labels
0x8d8dc0a576804987ff1c0228053ca8ddbc99fc45,1,scam_heist,etherscan_labels
0x47477cd00da54a3ee74e595e125a5dca76286648,0,contract_or_token,etherscan_labels
0x3b1810582e6d81620babd4f5cdb753d6edb20701,1,scam_heist,etherscan_labels
0x50ef1d6a7435c7fb3db7c204b74eb719b1ee3dab,1,scam_heist,etherscan_labels
0xa861d745cb44ef0a852d09175efa4a4b5f624591,0,contract_or_token,etherscan_labels
0xdcbe53839d89729cd1f919246b9648514a57df80,0,random_sample,bigquery_random_sample
0x3d44f67b32454ebc1f579873edf480faa80cd953,1,scam_heist,etherscan_labels
0xaba4cd73288ccadfd3af63c51b186545202c689a,0,contract_or_token,etherscan_labels
0xebbd04d9b420371ed2eb31a1aaed105771366796,0,contract_or_token,etherscan_labels
0x16a73f3a64eca79e117258e66dfd7071cc8312a9,1,scam_heist,etherscan_labels
0x9992e9341e496be5bc8f424dfc1f78a7388d3a58,0,contract_or_token,etherscan_labels
0x97f50f649db045b76edebe7a947d101d9b1c5129,0,contract_or_token,etherscan_labels
0x302abcedf32b8534970a70c21eb848fc9af19f31,0,contract_or_token,etherscan_labels
0x600d9950c6ecaef98cc42fa207e92397a6c43416,0,contract_or_token,etherscan_labels
0xe5b56ef308c984a2734a9936279c8590f5bf87db,0,contract_or_token,etherscan_labels
0x8d847bc66b78ceceffd1aa830d917a59b0194d99,1,scam_heist,etherscan_labels
0xeba49ddea9f59f0a80ecbb1fb7a585ce0bfe5a5e,0,exchange,etherscan_labels
0x0a52d6aeac2e06cf12e168784eaa2afbda62a17a,0,contract_or_token,etherscan_labels
0x7e9a225f4d518176328a6938ee4e99cd2c776316,0,contract_or_token,etherscan_labels
0x7c2a5249f3d709f5411ff077adba6548f8d73ed0,0,contract_or_token,etherscan_labels
0x73095bdd41b38045576768485783cdfbb4180ff7,1,scam_heist,etherscan_labels
0x9911825240081039bef77fd06c8ac476c2501fa3,0,contract_or_token,etherscan_labels
0x0bb1f1cb9dd524e0f663ae1d0b24e60c1541956b,0,contract_or_token,etherscan_labels
0x41b30512fac87871304c3947540e412b638ffa58,0,contract_or_token,etherscan_labels
0xe8a842b3e03c0930c39c7ff9797b497087470947,1,scam_heist,etherscan_labels
0x8a2daefd5439da28b2d234bede927da7723f59f2,0,contract_or_token,etherscan_labels
0x8a990c704671b9e319127a54479aa67c966ca273,0,contract_or_token,etherscan_labels
0x87bf6386f7611afa452c642c2835a305a692607d,0,contract_or_token,etherscan_labels
0x5b2cc97075406b8184363bddd0c5ae23bfe3f61e,0,contract_or_token,etherscan_labels
0x44592b81c05b4c35efb8424eb9d62538b949ebbf,0,exchange,etherscan_labels
0x482474d158b78ef548b052f2150242118418eb16,0,contract_or_token,etherscan_labels
0xda59876f663ad832f45a8bf17c4cf2225f85bd97,0,contract_or_token,etherscan_labels
0xcfd111c4c0daeae6351bcdc80a993e78923845ab,0,contract_or_token,etherscan_labels
0xe0c06bf8fe8cbc08721868dad6446609ce338ffe,0,contract_or_token,etherscan_labels
0xe687043a1380776a6e61c208ad36a3c027924ab1,0,contract_or_token,etherscan_labels
0x5881541e79f5d9d5d72c87e8ea6f681cab289b12,1,scam_heist,etherscan_labels
0xd2f574637898526fcddfb3d487cc73c957fa0268,0,contract_or_token,etherscan_labels
0x5eec3bef2b5be5c147da4542d303e835b09a860a,1,scam_heist,etherscan_labels
0x9f77d892524bd9167c0a72fd6e58d645e5c14550,1,scam_heist,etherscan_labels
0x3b53cd95f2c1f228c96e8426ad81bae79e4bb714,0,contract_or_token,etherscan_labels
0xa7c394611a3602468ee76533693fd5405b9938d1,1,scam_heist,etherscan_labels
0x81f735ed0587170205e59675d25bf20b64553241,1,scam_heist,etherscan_labels
0x3848620c819eb1612753710f5f6da9aa5dbcd280,1,scam_heist,etherscan_labels
0xc500a0ebdc9380e3e789ebe715629d143164dfea,0,contract_or_token,etherscan_labels
0xfeb0ede2b47d2d252dde3d7b7c748139a81cecba,0,contract_or_token,etherscan_labels
0xf2a227ff5b865a558c2e3db42715b2e9c891ee2b,0,contract_or_token,etherscan_labels
0x74a5d106b18c86dc37be5c817093a873cdcff216,0,contract_or_token,etherscan_labels
0x88e3f360e105264d3ad518da8a9d45f0448aaad5,0,contract_or_token,etherscan_labels
0xef30b7f1bba359263085973c92bd5ac17257e131,0,contract_or_token,etherscan_labels
0x4861babe0c26866d4f1f8c64461827967cdd8fb1,1,scam_heist,etherscan_labels
0x5264f5112ba20ca4bb7668a198e6169697c86f4b,1,scam_heist,etherscan_labels
0x6c1050226e3bd757e950141d3052c029c92c5768,0,contract_or_token,etherscan_labels
0xe989d6d788637490c864e708dda1a8f8ed8004df,1,scam_heist,etherscan_labels
0x2509dc0b4d696a2261d47307a017f88f83295029,0,contract_or_token,etherscan_labels
0x14bd5e2ea57450e7ef1807c3090fd89d79e92e64,1,scam_heist,etherscan_labels
0x6463bd6026a2e7bfab5851b62969a92f7cca0eb6,0,contract_or_token,etherscan_labels
0xb7f858ec76f477156bfefe007aa9ed927fb17d73,0,contract_or_token,etherscan_labels
0x1cea175ae937f195e2c4ff7d2fc4893fa215d339,0,contract_or_token,etherscan_labels
0x59c0190823276c5ab9d8d41b291efd1defce168a,0,contract_or_token,etherscan_labels
0x8e4c10ff4dfe7c641363fb1e1f11704b84f8de1d,0,contract_or_token,etherscan_labels
0x2d2bd6715244bbaa81b61b190116e7564108a3e3,0,contract_or_token,etherscan_labels
0xd6f0d319b2cce75123bf63e2c2bd8ba1f7d6b37a,0,contract_or_token,etherscan_labels
0x1f1a6f71fb41c9f237829d25265d5fb4fdece9f9,0,contract_or_token,etherscan_labels
0xab60aeb1935094124a2a8b4e3b04f660697203c6,1,scam_heist,etherscan_labels
0xd35f86e05d3a0d94db482bed55fdabb089c40203,0,contract_or_token,etherscan_labels
0x5750a44a59f05badf3817296b2656ca0e9badaf3,0,contract_or_token,etherscan_labels
0x2e61f4515c9209e3b5554ac718f56542b75fe8ec,0,contract_or_token,etherscan_labels
0x6d36cb38781cd947b4dec2dad48f078ed85f7a79,0,contract_or_token,etherscan_labels
0x7f0b4d22b8a9abe2ae9ea1077fe1ab77dc7283a3,0,contract_or_token,etherscan_labels
0x4cc3d9972319c94de919a348033a7b71c6d4e390,0,random_sample,bigquery_random_sample
0x05f661a1bd2da5e59c8e06b92acdcde2706110e5,0,contract_or_token,etherscan_labels
0x882d9fcace8023b74e9a8fc24d2f62fa282a79de,0,contract_or_token,etherscan_labels
0xf07d1402de8307d4d97c6744e52806ebc7ed9756,0,contract_or_token,etherscan_labels
0xd80efb96ce5a97349cc76607961cdef6b201349d,0,contract_or_token,etherscan_labels
0xb217c702961e46f38e7f7e59676874b26defc0a4,1,scam_heist,etherscan_labels
0x5b8c5692f565fc067f5598abd866fb2ca17493b4,0,contract_or_token,etherscan_labels
0xc41e95097cf9841942adecfa6f7eae9c3c1ec4e8,1,scam_heist,etherscan_labels
0xbcc817f057950b0df41206c5d7125e6225cae18e,0,exchange,etherscan_labels
0x3a8cccb969a61532d1e6005e2ce12c200caece87,0,contract_or_token,etherscan_labels
0xbd03877bbd9c0c163a447e36234729d80c4cf0c0,0,contract_or_token,etherscan_labels
0xdcc5f57d1babcda78da3b63bc91b5a5f8a8e57aa,0,contract_or_token,etherscan_labels
0xd1c625e5152b3238ae600f75635fc5e0d9eae518,0,contract_or_token,etherscan_labels
0x556b9306565093c855aea9ae92a594704c2cd59e,0,contract_or_token,etherscan_labels
0x254ee73bbc126179628d85283921a27b67ef4f40,0,random_sample,bigquery_random_sample
0x714bdd56d31cb8bf9f2fc521963c303ca0387de0,1,scam_heist,etherscan_labels
0x165a50bc092f6870dc111c349bae5fc35147ac86,0,contract_or_token,etherscan_labels
0x5880150f03493c3ab542f7aa0e10967fcbbdc9aa,1,scam_heist,etherscan_labels
0x5092c9d2ce11a02984bc3a3c638f69c0bd6ab6ee,1,scam_heist,etherscan_labels
0x2d2bc284c24b5debe489da59557862e0af884f23,0,contract_or_token,etherscan_labels
0x467a44f1d5ac72fea19be7a6680abfaa14f2992a,1,scam_heist,etherscan_labels
0xd83ed0b5344604c70d8adad0f7f65b150e9448a8,0,contract_or_token,etherscan_labels
0x1fdc7c71c84306d97f8aca8f039fb97ca5271cf6,0,contract_or_token,etherscan_labels
0xe853ad4d11fa0f9da7ef8f620b397c72f5cde37a,1,scam_heist,etherscan_labels
0xb189802d50c45515369bc5373d5ca71aa9b70d88,0,contract_or_token,etherscan_labels
0xf9d2fcb216852722768c6581cd9d63a485ac9e96,0,contract_or_token,etherscan_labels
0xd68581cf31d2acfba006c956ccdcc6390feda921,1,scam_heist,etherscan_labels
0x75231f58b43240c9718dd58b4967c5114342a86c,0,exchange,etherscan_labels
0x29728d0efd284d85187362faa2d4d76c2cfc2612,0,exchange,etherscan_labels
0x8417d5ebb74c9d92448439f17a529b8fefb48e75,1,scam_heist,etherscan_labels
0x935cf70244ecd0c612707e19a63068991a8a4872,0,contract_or_token,etherscan_labels
0x925db5a799620e7dc03693395b609cf64bfabea8,0,random_sample,bigquery_random_sample
0x3c643d1ebcdca70b53c81e78953ee42fc554dfb1,0,contract_or_token,etherscan_labels
0x8d4fb20be19656b30dea51e709209888e784ec04,0,contract_or_token,etherscan_labels
0x47b093c50e6f5911240173919cfcd744b577989c,1,scam_heist,etherscan_labels
0xee4843818e14b988e2359f71573699578fc9fa03,0,contract_or_token,etherscan_labels
0x45c5d06827801854a424bc866ccc974fbf4bf7ee,1,scam_heist,etherscan_labels
0x4a835c25824c47ecbfc79439bf3f5c3481aa75cd,1,scam_heist,etherscan_labels
0xf41e354eb138b328d56957b36b7f814826708724,0,contract_or_token,etherscan_labels
0x76a9dc1d39ef63d4a804aa8e00d86a7ce003dbf2,1,scam_heist,etherscan_labels
0x8f861beca131af06ff39618e062f8720d0c1002f,1,scam_heist,etherscan_labels
0xe1ce5707ffd2660a5538d1a2b22a4c1f503820a7,1,scam_heist,etherscan_labels
0x18225431955324fed18b29c6fb3a0a508d8b7478,0,random_sample,bigquery_random_sample
0x73a0eff8b5eb90451b5e76ca9fe46284ab6de405,0,contract_or_token,etherscan_labels
0xa2f520acdfebc891c25f4541c8485c0b95ecbfd4,0,contract_or_token,etherscan_labels
0x6674d1c75384465a09855719a94e13b5b8591302,1,scam_heist,etherscan_labels
0x2a2e571d263eebf03c650355a639cb620bb7c062,1,scam_heist,etherscan_labels
0x48549a34ae37b12f6a30566245176994e17c6b4a,1,sanctioned,ofac_sdn
0x65360ce5de1828bd897890e0d61fb155fb709080,1,scam_heist,etherscan_labels
0x26bd10af71ea2c262cad5961fb71c24a7a4a2ccf,0,contract_or_token,etherscan_labels
0x2652c7c484cee3c46e749c33cb8c709c6d203dae,0,contract_or_token,etherscan_labels
0x2d68d74cbe1edb94f930753d30d9c98cd0052eb1,0,contract_or_token,etherscan_labels
0x0b8df32db3cdf311df4a4c787fff6006045fada4,0,random_sample,bigquery_random_sample
0xea614084ffafdf93ab178e3c7b463be697b00620,1,scam_heist,etherscan_labels
0x974415a21b5897fe78e15f826f5ebc231dcec969,0,contract_or_token,etherscan_labels
0xbba5ebe53e7ea486c527b901e02761a74d4be07f,0,contract_or_token,etherscan_labels
0xddfc610a2b4968fa29e574fb3f4adb31de375a4c,0,contract_or_token,etherscan_labels
0x6b3de22ec227d168dfaee06f1fc629b49eb73e60,1,scam_heist,etherscan_labels
0x93132a9fb1ec61ab80fa25541fdeecbed4e398f1,1,scam_heist,etherscan_labels
0xefb7ed18d7d3053726fc5f849ad43ef1dafcb6bc,0,contract_or_token,etherscan_labels
0x2a206ab0811617c0f778c70c4501fe4e1c01a5f5,0,contract_or_token,etherscan_labels
0xbfb11f36d3da1c4977e7052c7c463a921db56dcd,0,contract_or_token,etherscan_labels
0x3f69d8cc0be18a01972203bbe4d74f7d6148f40c,0,contract_or_token,etherscan_labels
0xf81b5a5278e60a96c53a54cc7e5c1ef8d6df0fdc,0,contract_or_token,etherscan_labels
0xf3a771246b04a1d6c509560cb8135d4fc4882d79,0,contract_or_token,etherscan_labels
0x56d2dc117ffebddcf8f7d64fc753502bf6137270,0,contract_or_token,etherscan_labels
0xb58a007097b83a6a56630f12642b2231e8964b01,0,contract_or_token,etherscan_labels
0x52ead842663146e4c621e60811b268347dd2e662,0,contract_or_token,etherscan_labels
0x778b81ce35a21ee911971fa06164e5d649b4d06d,0,contract_or_token,etherscan_labels
0x77edc94f72fd8e6c9017261248ea2d8d651a3abf,0,contract_or_token,etherscan_labels
0x11ca5375adafd6205e41131a4409f182677996e6,0,contract_or_token,etherscan_labels
0xe9a95d175a5f4c9369f3b74222402eb1b837693b,0,exchange,etherscan_labels
0xd904253a2bfb0c30f5f05cd5d75ecbcb0fe8f4c7,0,contract_or_token,etherscan_labels
0x683b757f9cf20c63a466820eadd2c9a2bb52763a,0,contract_or_token,etherscan_labels
0xa9e73bea7816cf233cf7bb145b73c76de414bcbc,1,scam_heist,etherscan_labels
0x78453edaab84ffa7752563eed941185d30fdb183,1,scam_heist,etherscan_labels
0x6c8dd0e9cc58c07429e065178d88444b60e60b80,0,exchange,etherscan_labels
0x52285d86018997d9f9da84013b009f76612dea78,0,contract_or_token,etherscan_labels
0xafa5767374ba12c59a79182e8e4e27d27f1d9aa6,0,contract_or_token,etherscan_labels
0x4dd9cecc07ebba9edbe308492505293061b34e49,0,contract_or_token,etherscan_labels
0x37d8a97ce232c781f9ba760dfc81d9aecb61c87c,1,scam_heist,etherscan_labels
0x11799622f4d98a24514011e8527b969f7488ef47,0,contract_or_token,etherscan_labels
0x48b19e619a99058c4c1dde931632bb87f4fb98ad,0,contract_or_token,etherscan_labels
0x2f59b4a0086ac8a5f36cf39377db1ff2624a00b4,0,random_sample,bigquery_random_sample
0x4b6db5d0bddb14619c2a503625ecafef0116eea9,0,contract_or_token,etherscan_labels
0x8d1604e26ff2743647585c9d8f43ac650ce81dc6,1,scam_heist,etherscan_labels
0xb7cd6c99e2be637c90ad6f00cff8790d4730d5d5,0,contract_or_token,etherscan_labels
0xe0545558de0ef7da9dddba3ab35365ae32d76bb1,0,contract_or_token,etherscan_labels
0x9bf095765017354a7db09382d2ab4a39e9b38317,0,contract_or_token,etherscan_labels
0xc731f301feabc90c929e4c7d69ba7f7197a19529,1,scam_heist,etherscan_labels
0xfab25bd82510a7bcf9aadc21afd5a46d623b31de,0,contract_or_token,etherscan_labels
0x8abb6a8af6e6ca1aad1eb5ebee142c8e3c7c2e18,0,contract_or_token,etherscan_labels
0x50d669f43b484166680ecc3670e4766cdb0945ce,0,exchange,etherscan_labels
0x100b0e73f642252754a811aeca52e2ac65269f60,0,contract_or_token,etherscan_labels
0x54920ae6333e9dfab74a968ebf1b3468ca07ccf5,1,scam_heist,etherscan_labels
0xda522be7bdff2207b8c3afb3786cae165b19cb4d,0,contract_or_token,etherscan_labels
0xc6cde7c39eb2f0f0095f41570af89efc2c1ea828,0,exchange,etherscan_labels
0x750d5e95eb23cbe95dad9bfb5628f94b468db3ed,0,contract_or_token,etherscan_labels
0xc07f855e98405a295c26cd1c6615013ffa7af715,0,contract_or_token,etherscan_labels
0x48c4520f973b6d01ac233a831ab5d0aecb95190c,1,scam_heist,etherscan_labels
0xa88800cd213da5ae406ce248380802bd53b47647,0,contract_or_token,etherscan_labels
0x5c4f096154756a86d188a7dd8257110cf321333b,0,contract_or_token,etherscan_labels
0x8dd6f714d561cd9ca94f7249be50bf709cbb3a89,0,contract_or_token,etherscan_labels
0x991a91681f80cb890338b89c1a72be719a902d8b,0,exchange,etherscan_labels
0xf123f4a5f6a03926cf06c34a986f7ce7c75290bd,0,contract_or_token,etherscan_labels
0xb78a3b610e9fc9be278cf3db992a9ac6da232776,0,contract_or_token,etherscan_labels
0xa9af922d94f1169ac8d516acda81fa2a8e34e8c3,1,scam_heist,etherscan_labels
0x6a0c7b96bdac7190baf318c133d4bf026423ec31,0,contract_or_token,etherscan_labels
0x3ef9d29cc8a559716caff6468a306d1d86400d14,0,contract_or_token,etherscan_labels
0x73b8752f0a98608b486337e58d3c5e21cbed1630,0,contract_or_token,etherscan_labels
0x556011172ff33050fef8821db0b687be23ae37fb,1,scam_heist,etherscan_labels
0x3b93c9e604d09e25b369a88666951f1bb984289e,1,scam_heist,etherscan_labels
0x6ed8c5a67860155b13f273cff3149a8de5f2fcd2,1,scam_heist,etherscan_labels
0xdd77c93199064a53e1db19ee0930bcdf7c9999f4,0,contract_or_token,etherscan_labels
0xc215d9cdb2836cefffd688d1e0f8e91f2baf2ec9,1,scam_heist,etherscan_labels
0xf77c877c458e639059f7aa90b6e6b8dadf8f422e,0,contract_or_token,etherscan_labels
0xe7e1d0d29d3dc35fa056a0e2b7a172c17597faa7,1,scam_heist,etherscan_labels
0x47c4a126bc45739c9087af3968c8e0d2354c5cf5,0,contract_or_token,etherscan_labels
0x4d5bc7ea9f73503869c0997212e2a937d77796f1,0,contract_or_token,etherscan_labels
0xc28dd18a1bc0d031bdec238a6038b879ee98a13d,1,scam_heist,etherscan_labels
0xc4514159970fb41287f4b0ee44bfa08223eb93bf,0,contract_or_token,etherscan_labels
0x7ab5ffde215f90188656b95a763967db2da17e4a,0,random_sample,bigquery_random_sample
0x6b5ce31af687a671a804d8070ddda99cab926dfe,0,contract_or_token,etherscan_labels
0x4aea7cf559f67cedcad07e12ae6bc00f07e8cf65,0,contract_or_token,etherscan_labels
0x39663911f03e7632e5bb0fffdf62f52bd5972187,0,contract_or_token,etherscan_labels
0xc14e94d68bc18ec819fcc40927e898e7ae6b8faa,0,contract_or_token,etherscan_labels
0x093382b62da55ed5fd7c0320316c4cc9b138ed1d,1,scam_heist,etherscan_labels
0x299712f19baffc479805b7e5c181120b354a5d67,1,scam_heist,etherscan_labels
0xaccfac2339e16dc80c50d2fa81b5c2b049b4f947,0,contract_or_token,etherscan_labels
0x07e8503e2298569e39a41fdb8bf95bca24b02c4a,1,scam_heist,etherscan_labels
0xaa857ddce7b5b9cb17296c790cb40e8c11a3d4f0,0,contract_or_token,etherscan_labels
0x69d7a4cc70118f2ac7b450d99f125c496620b859,1,scam_heist,etherscan_labels
0x714ce7256b45830ff8c1586811ec1a34b1ed635d,1,scam_heist,etherscan_labels
0x9fda25896574d8574b238a3f1aa06865b7e94728,0,contract_or_token,etherscan_labels
0x3e361ef8f3624570ca72df4d87a11dc17beaeba3,0,contract_or_token,etherscan_labels
0xcafdc182ec72004324728cc60f00a1a0b60da00d,0,contract_or_token,etherscan_labels
0xbafa0e7925d275421002fff83076dd387a79e6d2,1,scam_heist,etherscan_labels
0xd5ff4e97240389123f371e01fa0fd0c0707c2903,1,scam_heist,etherscan_labels
0xdacb7cc8e3e11db10f698024f35b5c025a9d5585,1,scam_heist,etherscan_labels
0x54a9956840a45ea2bfc9da747cff876fdbe1bde0,1,scam_heist,etherscan_labels
0x7c03cf21483fa45006e81669b991af3a16733a44,0,contract_or_token,etherscan_labels
0xe170a959a017a70a6375ea7021255f96c920266b,0,contract_or_token,etherscan_labels
0xf029cf0e783cd7c2982aa6e1d859efc993c60e3e,1,scam_heist,etherscan_labels
0x7362ca3c2139d7cbd8ccab49db2a007a12b7c04d,1,scam_heist,etherscan_labels
0x6cb5c5cb789fae62ce5ce280e1fbc5dd3bbdad81,0,contract_or_token,etherscan_labels
0x47d47819d6cb153d759af8867743be7985e63e06,0,contract_or_token,etherscan_labels
0x1923ede7104c67d4af0a970bf8e8d566eaea2680,0,contract_or_token,etherscan_labels
0xd99e843079dd55e222a845cb6e5876c9e01e256d,0,contract_or_token,etherscan_labels
0xc6bed363b30df7f35b601a5547fe56cd31ec63da,0,exchange,etherscan_labels
0xe5ccd204616e0c13321087c74215a6d1e505f382,0,contract_or_token,etherscan_labels
0x01223eb6b9cbe061f2f22e96f74936c0115ec6fb,0,contract_or_token,etherscan_labels
0xcc1df9767fdc7ac9266eea05e21c2a881129fd14,0,contract_or_token,etherscan_labels
0x47b66a6fa037f63b20d92a2806bac0b84d026cb1,0,contract_or_token,etherscan_labels
0x871e14994868dbb08e35d6cf9b8b0acfb1e58f9c,0,contract_or_token,etherscan_labels
0xc987a24d645efc8adf9dbd6a720f790af06b96d2,0,contract_or_token,etherscan_labels
0x53bb1c385542e6d4997e8b818b614dd6c6c61274,0,contract_or_token,etherscan_labels
0xc3b20f2e68ef73596b16407c1f5d0ffa5857dcec,0,contract_or_token,etherscan_labels
0xfd0a96bba496ef72e925c3aceca8877e4600d275,0,contract_or_token,etherscan_labels
0xb7965119f5db2b7801958afbe18d1a934e08be98,1,scam_heist,etherscan_labels
0x8d700e68cb683cc52b9458dd96d87ae51150be81,1,scam_heist,etherscan_labels
0xa52e46d623430b25c5e20c22ecd44e9db324f731,1,scam_heist,etherscan_labels
0x7adb16171942f8938d8728ecb5b6021a911a3af4,1,scam_heist,etherscan_labels
0x6095c80f5237e383437b335f560ac586a0597b5a,0,contract_or_token,etherscan_labels
0x00d7f10ad21a946fcde4b2ad3cdd429fd3e16e59,0,random_sample,bigquery_random_sample
0x76da98aa984cdbc03e6bd326be3d9e306e5cc45c,1,scam_heist,etherscan_labels
0x934396eae1a5458a99ab3828b329bce4fbbd45ba,0,contract_or_token,etherscan_labels
0x33f97949fc88a225681b553894db51064085e69a,0,contract_or_token,etherscan_labels
0xeb7f9b192c7167ac3aeca396503732023aa1326a,0,contract_or_token,etherscan_labels
0xa4f99085cd5171a818b8cc10be041c4129ddc20c,1,scam_heist,etherscan_labels
0x2c3a2558e9b91e893e53bce94de3457a29f6b262,0,contract_or_token,etherscan_labels
0x1cee432dae65c74c38f3411da33bec2be1a9cc0d,0,contract_or_token,etherscan_labels
0xfa4e0427980998600237ffdd9fc626d234765854,1,scam_heist,etherscan_labels
0x40361732bbf18f7b2dc0387c2e89b6c157be299c,1,scam_heist,etherscan_labels
0x4c1fc1b88b0f866d010a020340a1c61882209a98,0,contract_or_token,etherscan_labels
0x8ec3a9d1ee418e8fc97b69af6c16328de6222c49,0,random_sample,bigquery_random_sample
0xa74485e5f668bba37b5c044c386b363f4cbd7c8c,0,contract_or_token,etherscan_labels
0xd8296132c6076ab18e22eeb8c7ce08a319215400,0,contract_or_token,etherscan_labels
0x82202f6cd700b016dd4a468e764c22a9252aada1,0,contract_or_token,etherscan_labels
0xafaa634e33c347a36d77f1d0bc5cbdea3e0239ee,0,random_sample,bigquery_random_sample
0xf016e1ca4337f2ce5695f78a50bd819f982a2970,0,contract_or_token,etherscan_labels
0xbec6cfcb2143dbfce8f8798b4b963a9f6d7b9ac2,0,contract_or_token,etherscan_labels
0x979dbcfe925b442d61ca93605c9125e013d08317,0,contract_or_token,etherscan_labels
0xf65b8e3f9da7a111c63a283618dd494324cdfec3,0,contract_or_token,etherscan_labels
0xbc8ea353f1d83b676ae734be115ba7151549be30,0,contract_or_token,etherscan_labels
0xdc161c454ea8782ccd60de7af5d618175f52ca69,1,scam_heist,etherscan_labels
0xd73f80aa5bd40dae3e97abeb7c4fef0d65a4a694,1,scam_heist,etherscan_labels
0x7a11e7ffd1a30d8c2a6fecf354c87cdaf1dcd9f4,1,scam_heist,etherscan_labels
0xf1eefabcb77a29b12cc369e3ec5d3c68f522d35a,0,contract_or_token,etherscan_labels
0xcce8edb15412b52ebe65425aa0caca270756e8ba,1,scam_heist,etherscan_labels
0x62bc642e8fe96703589518c909eb8a48ab573fe7,0,contract_or_token,etherscan_labels
0x8103683202aa8da10536036edef04cdd865c225e,0,exchange,etherscan_labels
0xf7ad01d815c6749aad82e9563337368628e71157,0,contract_or_token,etherscan_labels
0x6b3dbf0a96e022de3f61b8e8311392ac7c8e7f61,0,contract_or_token,etherscan_labels
0x473419382e9a7f1c8a22bae3c2372d09ef435f8d,1,scam_heist,etherscan_labels
0xc5b138bb9b892d26a2d4c8d804155cfe9841aea6,0,contract_or_token,etherscan_labels
0x6acc8d2afebd444d785a28356503e54c4f5b17ca,0,contract_or_token,etherscan_labels
0x575d4a489efff11a9a30b7bad6a551a0010ba98d,0,contract_or_token,etherscan_labels
0xb839a7b320b9c1bc52f268fe1d214d8cfe9f79fb,0,contract_or_token,etherscan_labels
0x6a6f148f2201c793e29b8709ff96a5643044152c,1,scam_heist,etherscan_labels
0x6ff20ccfc0383b1b6d32197c8f535fbe29b92828,0,contract_or_token,etherscan_labels
0xc16ede1d32fbacf3b61efaa6d4f16d390fef64bd,0,contract_or_token,etherscan_labels
0x4f7a52fb837c403cc1d9df1e32a1915a73b63c53,0,contract_or_token,etherscan_labels
0x17b91b5189ff7ebf9fdfc4f1dd194b6eeee4502a,0,contract_or_token,etherscan_labels
0xc447fcaf1def19a583f97b3620627bf69c05b5fb,0,contract_or_token,etherscan_labels
0x7aacdd75a948a10e899186e6539b99803329129d,0,contract_or_token,etherscan_labels
0x2ee268541b96b2b8129a06b006fd247b467f6118,0,contract_or_token,etherscan_labels
0x41182b76ffde9030c1e78684b267d2e4ee7cda13,1,scam_heist,etherscan_labels
0x33b15ac83ddb2d13ead0e90834630007108b0f5c,1,scam_heist,etherscan_labels
0x0ffd0a6d9d103a3c6a8e72cf507438ffb392f005,0,contract_or_token,etherscan_labels
0x9307539a322ec5afb08632bc97d8250f2d94544d,0,contract_or_token,etherscan_labels
0xa4352165cd89cfd6f9c831c1ae83c4e3a7f9b0de,0,contract_or_token,etherscan_labels
0x58c0b38f764d50fa5b50292540c69beba0a2edc7,1,scam_heist,etherscan_labels
0x1b3b45cccff679a603696f800b65fc01a702cd56,0,contract_or_token,etherscan_labels
0x4a29d5d15b3b7c21610f77a31bda875cb3765059,0,contract_or_token,etherscan_labels
0xd6f7789406fa768a4bb0746454f9be3e2f0fbb8c,0,contract_or_token,etherscan_labels
0x7c5bbe30b5b1c1abaa9e1ee32e04a81a2b20a052,0,contract_or_token,etherscan_labels
0xc5692dcf13b6cb034101fe64c6d1a1a2abb7cb93,0,contract_or_token,etherscan_labels
0xcfd807d92c781089362588a689f0b806501310bb,0,contract_or_token,etherscan_labels
0xddf479429b7a3ef5382396071be4acc8935cc2ad,0,contract_or_token,etherscan_labels
0xd51a44d3fae010294c616388b506acda1bfaae46,0,contract_or_token,etherscan_labels
0x80027377c7133c91cb461a46c8d12386c290fc36,0,contract_or_token,etherscan_labels
0xd7b6d14b76595ab7938c2c781079d787ef3bd5ee,0,contract_or_token,etherscan_labels
0x7121fcee8d698c5597e71bc2a0ffdcd20a1baa86,1,scam_heist,etherscan_labels
0xa516b20aaa2ceaf619004fda6d7d31dcc98f342a,0,contract_or_token,etherscan_labels
0x9d61d9c3a7daf6056e61236b0f7d0cfe798a32b0,0,contract_or_token,etherscan_labels
0xb9136f75e4f0efab9869c6c1d4659e3a585e9091,1,scam_heist,etherscan_labels
0xaf2b14b35fb72f47181e7825f6e5fcdc711b8fc8,0,contract_or_token,etherscan_labels
0x483b4a2d55565f946df12824c9b33bfa85be95f3,0,contract_or_token,etherscan_labels
0x58a3c68e2d3aaf316239c003779f71acb870ee47,0,contract_or_token,etherscan_labels
0x4f633959d18f10d482d4dd9a5e765c00511a2c62,1,scam_heist,etherscan_labels
0x31c4eb8260e7005aaa63d8093699f236ed9bff59,1,scam_heist,etherscan_labels
0x40fb1133ccfb3509cb844e24cab1b6ac995d9a1e,0,contract_or_token,etherscan_labels
0x0e93c05a0c51c98b7d14130d1cc705b4fb60d97d,0,contract_or_token,etherscan_labels
0xc171deafb19be385c25fff8a235dd69b7f4b1db2,1,scam_heist,etherscan_labels
0x090c313430e456c5260eac7de4d316376d48865f,1,scam_heist,etherscan_labels
0x22e4f709fd5e7fe246fbf7e714ae89bdab7e2a5d,0,exchange,etherscan_labels
0xa8f82b523be09dd577d38c2efc49084481032886,0,contract_or_token,etherscan_labels
0x241e82c79452f51fbfc89fac6d912e021db1a3b7,0,contract_or_token,etherscan_labels
0x4db4683485a116381e363a6daf5427d70dacb68b,1,scam_heist,etherscan_labels
0xd9b92e84b9f96267bf548cfe3a3ae21773872138,0,contract_or_token,etherscan_labels
0x339540ad069101ba514c89d6c15ff6a80e209aeb,0,contract_or_token,etherscan_labels
0xf4857d734b672ab408bc979fa4d9d40802893d60,1,scam_heist,etherscan_labels
0xfdd3636caeb29b76fcb9472a93b73d36c7c3f5bf,1,scam_heist,etherscan_labels
0x78158c6a1a2295f0209f82cdf259483f10a955ba,0,contract_or_token,etherscan_labels
0x8280615e68b69cc64b9eb8c1385b68fe6cb4a99f,0,contract_or_token,etherscan_labels
0xef4f1d5007b4ff88c1a56261fec00264af6001fb,0,contract_or_token,etherscan_labels
0xf9a170486c64f72adbd834b569d3130a6f9fa703,0,contract_or_token,etherscan_labels
0x2304f822f2d839bc66cf2b05978e6f79b6acc7b0,1,scam_heist,etherscan_labels
0x14813ce105c380a152ece37b99aa4bc584615172,1,scam_heist,etherscan_labels
0x20062da66f4d36942313c3395e5936cf04e8320a,0,contract_or_token,etherscan_labels
0xb19da4fd9f9a73a5a564c66d229b1e7219e8bdbe,1,scam_heist,graphsense_tagpacks:forsage.yaml
0xe9ffe183f8a095d21f1b7049e3c76875b0dc745e,0,contract_or_token,etherscan_labels
0x0bfcf91f30e0ed718f9be3ea1da6b31c144f49d1,0,contract_or_token,etherscan_labels
0x1dbcc1fb3237aa611c5494c09566a2d36f787ac6,1,scam_heist,etherscan_labels
0xf0532f232f00d6b59a49337949d366fb2a5791c4,0,contract_or_token,etherscan_labels
0x695e3c6f2f268e53aaa667c2998ed0c4f32bfb48,1,scam_heist,etherscan_labels
0x8dbcd38378c815faf5b538ce50e2bbdcd56a6036,0,contract_or_token,etherscan_labels
0xcc56d690384de6a111da5f2c2aa78ff85a74ec44,0,contract_or_token,etherscan_labels
0x126b3a4ed4cd1323253205fbcc57f32b9367acb5,0,contract_or_token,etherscan_labels
0x0348c1b6b19c0304e42354f0f33fb6fb51451b1e,0,random_sample,bigquery_random_sample
0xbad3ca7e741f785a05d7b3394db79fcc4b6d85af,0,contract_or_token,etherscan_labels
0xbf75454c5253247d694539fbd356a5d7124f14e5,1,scam_heist,etherscan_labels
0x7ec723b4c7b77e784d188bc18d601b87871a42f7,1,scam_heist,etherscan_labels
0x8de94273f56b258a4b9f9001cc9e4860cc2c22de,1,scam_heist,etherscan_labels
0xe9f4418a652e11b04def5c8e43dd7bdb8ffadf3c,0,contract_or_token,etherscan_labels
0x9a7abc7f9f9ab377d22bf657e1212fca4d22d834,0,contract_or_token,etherscan_labels
0xe117d1ab368468cbe5349cdb053601c6877b2775,1,scam_heist,etherscan_labels
0x5bed065ecee481f77eea07a07e934f144f94cde6,0,contract_or_token,etherscan_labels
0xb4a08c88cebaf9f919efaec7ab835b0c0a9a8e2d,0,contract_or_token,etherscan_labels
0x64564e8b987097e1efc460f6f6250952d0fa2392,0,contract_or_token,etherscan_labels
0x182841f6e661170bb7ea7f7295a7b79ec1d696e4,0,contract_or_token,etherscan_labels
0x080437c3c6abbad415ba90a16f0e8a94f087ce5a,1,scam_heist,etherscan_labels
0xb77a3f428786b856fdcba7a194b39692da8cb13e,1,scam_heist,etherscan_labels
0x031ea09922fb6dc929985e5cb280c2abbbd684fc,0,contract_or_token,etherscan_labels
0xcf3a374dc1a581305641977408f3ca762c5a5679,1,scam_heist,etherscan_labels
0x032fdc025df8036a6bbe83d2360ec4692d45c599,1,scam_heist,etherscan_labels
0xc7d919fe3418abad0979569041bed141726e9b86,0,contract_or_token,etherscan_labels
0x803b9b8c6d789ffbc2bee0896ce42447c9731bfa,1,scam_heist,etherscan_labels
0x5cc1e645f4cfae6c00a4f055c12a3d80fef925aa,1,scam_heist,etherscan_labels
0xcd4ec7b66fbc029c116ba9ffb3e59351c20b5b06,0,exchange,etherscan_labels
0x153f4e9349afcf0fc465b73cb8e9f6288db8a1c0,0,contract_or_token,etherscan_labels
0xec46581c36cba1e3355c090c0218b513eb469549,0,contract_or_token,etherscan_labels
0x85135a809dee8b168aee0071f631de0472b348b2,0,contract_or_token,etherscan_labels
0xbc4d0fb4fd3c2e24fd391be0cd8d56d7b775e168,1,scam_heist,etherscan_labels
0xa9ecf4fa2e6cb72f46c05ba9501db01484bfab52,1,scam_heist,etherscan_labels
0x15f0fcff56c989983c94b7cad5aeff1830546a16,0,contract_or_token,etherscan_labels
0xc0db7ad2a88fc6b1f57419be1b0401c6c3be6052,1,scam_heist,etherscan_labels
0x33e18a092a93ff21ad04746c7da12e35d34dc7c4,0,contract_or_token,etherscan_labels
0xba20d4f41121b997a1eaca6d938ac40b67dad226,0,contract_or_token,etherscan_labels
0x92bb36972b10af6c4c07ac283e3c9d83eb53f4e4,1,scam_heist,etherscan_labels
0x6508e6918172835390b1d6a78f1a783f6f9cb359,1,scam_heist,etherscan_labels
0x9f20ed5f919dc1c1695042542c13adcfc100dcab,0,contract_or_token,etherscan_labels
0x4d87920d35cd288d9d2e8f311ff4de814225987d,0,contract_or_token,etherscan_labels
0x2c5c5d6946eb649c378c4c8948da3703961ea327,0,contract_or_token,etherscan_labels
0x46705dfff24256421a05d056c29e81bdc09723b8,0,exchange,etherscan_labels
0x0edeb95d2460880ed686409e88b942fd6600ff88,0,contract_or_token,etherscan_labels
0x7ac2e787de47215e27dfac365b62f904f8e6ba3b,1,scam_heist,etherscan_labels
0x636b76ae213358b9867591299e5c62b8d014e372,0,exchange,etherscan_labels
0xd3b48f243187496941ece8c75ed2d642d18c2f96,0,contract_or_token,etherscan_labels
0xf7e2ea0b83ae1355c0606e2210b7efb8deb51058,0,contract_or_token,etherscan_labels
0xe7c7e14d43b1ffdf62d24de193652dd1aa8c2cdb,0,contract_or_token,etherscan_labels
0x22e664ed65959e96acd6cbfdc8a25cf5e8909b87,1,scam_heist,etherscan_labels
0xbcaf471b33f92e9bb098a2958e98649ae52c1b70,0,contract_or_token,etherscan_labels
0x13c6e0feb54f1de913bccb28f9ca42b3e41c2dbd,0,contract_or_token,etherscan_labels
0x6659a698b0dd044ff0467a676c4a345f6a1932bc,0,contract_or_token,etherscan_labels
0x5e44a81dbc615871968219698098fb050e58a0f3,0,contract_or_token,etherscan_labels
0xb9a4873d8d2c22e56b8574e8605644d08e047549,0,exchange,etherscan_labels
0x67ac2318c51839ad41316cb40007b3c6c3c69d7d,1,scam_heist,etherscan_labels
0x030723cd7f87bcea73c3ab11be173f3a926deac5,1,scam_heist,etherscan_labels
0xe6a44b9b6abef9bec85ceff2e8c138184ea55191,0,contract_or_token,etherscan_labels
0xee6d78755e06c31ae7a5ea2b29b35c073dfc00a9,0,contract_or_token,etherscan_labels
0x44c326af36e7fb6b361af959dc953e4f5e94e689,0,contract_or_token,etherscan_labels
0x96a64ea4939cd62ed204def42bcff4c75c6f5b7f,0,contract_or_token,etherscan_labels
0x2a06ab1fd245bcc1a6628b9f3c18db33f80e349c,0,contract_or_token,etherscan_labels
0x7845e77a5537246fcda76c4fbe2de86eb14a603a,0,contract_or_token,etherscan_labels
0x2102202e25c69f14e0e1a2915cfd5b74db30594a,1,scam_heist,etherscan_labels
0x44f37cdfd9a626a37983e6ea34fbb3f5aa716814,0,random_sample,bigquery_random_sample
0x39fafd8259ceb50ade25aef8f70350c4fd1ffeff,0,contract_or_token,etherscan_labels
0xbefb01de17ee3c22b7a798f56ad8cf5c43284c12,0,contract_or_token,etherscan_labels
0x15e1ba92fd044141980ad656c3b6290ac55cad40,1,scam_heist,etherscan_labels
0x19192aba85eb665f3272d848ecf30beced68eb58,0,contract_or_token,etherscan_labels
0x512a368a24c170f69a0af345ae76d6df67945ff8,1,scam_heist,etherscan_labels
0xf775a9a0ad44807bc15936df0ee68902af1a0eee,0,exchange,etherscan_labels
0xfa4b5be3f2f84f56703c42eb22142744e95a2c58,0,exchange,etherscan_labels
0xafb257c0aade2e90d8abddeb44df6f655538007d,0,contract_or_token,etherscan_labels
0x59be549c2331a22bc0d3ecffdd49a4b3bdd43430,0,contract_or_token,etherscan_labels
0x0ab23d8f15f02a552be26df73684958cb4040ddf,1,scam_heist,etherscan_labels
0xc2b0f2a7f736d3b908bdde8608177c8fc28c1690,0,contract_or_token,etherscan_labels
0x6513e90896b650232e797733d1013ed5811ec6b8,1,scam_heist,etherscan_labels
0xb81d65350f6238caf81048f541079246565b0a79,1,scam_heist,etherscan_labels
0x90931fad1c6fd50e16b45053521072a7070a5b1d,1,scam_heist,etherscan_labels
0xaa4d65d31c17372804af9660a7f34c983f0355f0,1,scam_heist,etherscan_labels
0x5531b2eaa05d8b6fb855e15f1d21e6a3a3794b4d,0,contract_or_token,etherscan_labels
0xe33177ac4e2e1f1129542af74fc062b1838e2c5f,0,contract_or_token,etherscan_labels
0x62265ef02b2fe4eb50c4c4887d8f543839371a08,1,scam_heist,etherscan_labels
0x946abd282d67af0b2b85bb61b778c7cc3a2a98d6,1,scam_heist,etherscan_labels
0x13cd8c3be06baae672f64bf3f59331b39a5ed5e9,0,contract_or_token,etherscan_labels
0x823adb66b582bb054077ad031f7122f6635bc1b5,0,contract_or_token,etherscan_labels
0xf83a3c18d222da23030504fde1f6d2a1a3b439ad,0,contract_or_token,etherscan_labels
0x72ad185291de692cecaee107a6c12843e36ee3a6,1,scam_heist,etherscan_labels
0x41bfba56b9ba48d0a83775d89c247180617266bc,0,contract_or_token,etherscan_labels
0x69528c13dcb9d6d5bcb68fd77f8d5498f841ffe4,1,scam_heist,etherscan_labels
0xc3501eaaf5e29aa0529342f409443120fd545ea7,0,exchange,etherscan_labels
0x34ed04c89a63ac06d136e46e657a9451722f22a3,0,contract_or_token,etherscan_labels
0x76f1f33f3c03ed60ccd6f87957fe58fd9404e645,0,contract_or_token,etherscan_labels
0xc3dc8c499d646e89b83a70d0b35aeae8c2b3a978,0,contract_or_token,etherscan_labels
0x4e758d2858e8c18a2018745dfa8132a3b01ed06c,0,contract_or_token,etherscan_labels
0xfa256b71a2ee492f43cffd45f04816eaf69efa50,1,scam_heist,etherscan_labels
0xa7124a554da4c49041d5d701f8ce9a6e01c07ff8,1,scam_heist,etherscan_labels
0x40e5baa5921a7dfcc86d69ebc7999982c6ce3a5a,1,scam_heist,etherscan_labels
0x8b99f3660622e21f2910ecca7fbe51d654a1517d,0,exchange,etherscan_labels
0x9c9c792c921c5f2c2ab1d63ab0cfa2ae62558b8b,0,contract_or_token,etherscan_labels
0x1019deb24838af1bece0ef6b3cdfc43f6558e7a9,0,contract_or_token,etherscan_labels
0xc0d790df6a64edf21bb3cc071e750392d2e8a7d3,0,contract_or_token,etherscan_labels
0x380291a9a8593b39f123cf39cc1cc47463330b1f,0,contract_or_token,etherscan_labels
0xc8c97a48a692d67e299d928c7f8c6e0d626303f7,0,contract_or_token,etherscan_labels
0x4dcc8d3593e3219083635050c780d90abe6b069c,1,scam_heist,etherscan_labels
0x940f20d20ddff42d59a75cb29c446ada7c3c3b79,0,contract_or_token,etherscan_labels
0xc40571916d9a16aae5ef8529cb64e040ee3199e4,0,contract_or_token,etherscan_labels
0x47ac0fb4f2d84898e4d9e7b4dab3c24507a6d503,0,exchange,etherscan_labels
0x530a64c0ce595026a4a556b703644228179e2d57,1,sanctioned,ofac_sdn
0xda00166b4ffbaa0005d3099a14ea927fa1dec0ce,1,scam_heist,etherscan_labels
0x69e0b64b2cdf61042753a56807829557ec576c34,0,contract_or_token,etherscan_labels
0x3b3d69c6ac7259b52dd055106289e11f80201204,1,scam_heist,etherscan_labels
0xc82aed983d6cf7dce47c48aadf3f9eed14890ede,1,scam_heist,etherscan_labels
0xe46fcf7dbb87f67c9064bc1f5888f38fd8262f03,0,contract_or_token,etherscan_labels
0x7219612be7036d1bfa933e16ca1246008f38c5fe,0,contract_or_token,etherscan_labels
0xf5565a0fe385d067f8e4615a95e6dc0245dde094,1,scam_heist,etherscan_labels
0x5399a36f54ca91a5db5c148eeb2b909bba81b82c,0,contract_or_token,etherscan_labels
0x7f679119df47c2280d50951931feb2f228d0045f,0,contract_or_token,etherscan_labels
0xa7f11e026a0af768d285360a855f2bded3047530,0,contract_or_token,etherscan_labels
0x9dde0b1d39d0d2c6589cde1bfed3542d2a3c5b11,0,contract_or_token,etherscan_labels
0x295685c8fe08d8192981d21ea1fe856a07443920,0,contract_or_token,etherscan_labels
0x5c146a2ccd787f59fcfbcb4474d4c9abe1a27ce6,0,contract_or_token,etherscan_labels
0xfdffd2ff9a7c0ececbfa2ccfd77fb2c31076141f,0,contract_or_token,etherscan_labels
0x8026c3b9ecf3369f617a068862677b22a13ebe14,0,contract_or_token,etherscan_labels
0xa5747c711b7c08983e992dd7aeec2eebc6b713df,1,scam_heist,etherscan_labels
0x37f01b94da2fb25578c545d245f0e4c6fe08f8d0,0,contract_or_token,etherscan_labels
0x29529fbe7624876c5df7704b8853fb7751a22436,1,scam_heist,etherscan_labels
0x827eb4260508f8ce4d97847c7cfa13f6521f0e06,1,scam_heist,etherscan_labels
0xce1298ef635326d9f197963e49e1e67422761897,0,contract_or_token,etherscan_labels
0x5acedba6c402e2682d312a7b4982eda0ccf2d2e3,0,contract_or_token,etherscan_labels
0x2ee2a2c8b47e7cb0b5172e9f29e947361daf1db0,1,scam_heist,etherscan_labels
0xb10ccce3d75f46199bce13abf1efce98091d2cd9,0,contract_or_token,etherscan_labels
0xc4b26b26d720467d96e18f08664a888d4116cea6,0,contract_or_token,etherscan_labels
0xec4865f3aef76bf8d71798620318323994ce6741,0,contract_or_token,etherscan_labels
0xee60ca08cca968dc1b36e7bbcc779efe34d7ef62,0,contract_or_token,etherscan_labels
0xc5451b523d5fffe1351337a221688a62806ad91a,0,exchange,etherscan_labels
0x59ec17d8968e9417fad9a2ec77a598f372b540b7,1,scam_heist,etherscan_labels
0xd821801cacc77d23170afdedda2ebb12317cc783,1,scam_heist,etherscan_labels
0x0a53fada2d943057c47a301d25a4d9b3b8e01e8e,0,contract_or_token,etherscan_labels
0xada8b1613ce6fe75f3549fa4eb2a993ca1220a7c,0,contract_or_token,etherscan_labels
0x012fbed58f9c8096b09827b59803be48e2621fb6,1,scam_heist,etherscan_labels
0x9a489505a00ce272eaa5e07dba6491314cae3796,0,contract_or_token,etherscan_labels
0xd2ceb20f94af2a8f30df7d8ac024bb3c1daa4b28,0,contract_or_token,etherscan_labels
0xfa89ec40699bbfd749c4eb6643dc2b22ff0e2aa6,1,scam_heist,etherscan_labels
0xc0aaefe9b155f523f2bb0c578d5319a6fd0f48e2,1,scam_heist,etherscan_labels
0xe759a08fc6fda1bc2b93565f6bfbada630a0cd94,1,scam_heist,etherscan_labels
0x46d22bcfeedc27c643953b5945d766ae73d4852d,1,scam_heist,etherscan_labels
0xaebe26d1051106814c9825b781c2d24ff7c3c0be,1,scam_heist,etherscan_labels
0x8acf3a14a2e6f926a3e88bdea793d4f401c1e14b,0,contract_or_token,etherscan_labels
0xd02549e0b447f72448abe8e1694b8c752f8098d6,1,scam_heist,etherscan_labels
0x9619af84e324c9da4deccd4167b7699878b3184c,0,contract_or_token,etherscan_labels
0x90f49e24a9554126f591d28174e157ca267194ba,0,exchange,etherscan_labels
0x3b4ec5c172c3c4ab5e2862957ed9c3719f26e99d,1,scam_heist,etherscan_labels
0x955a3cc618b3649545b81f012409f2a91c054686,1,scam_heist,etherscan_labels
0x5df340aee23aee3feedeead6890fa1aaa94c19ed,0,contract_or_token,etherscan_labels
0x068a10c2788952405ee30fdafe332d46b8db0876,0,contract_or_token,etherscan_labels
0x48b062b282d441283e2b2247ffd415dab67b940e,0,contract_or_token,etherscan_labels
0x5766e68ab59b97d941a4cc4211b02ffe7763bf95,1,scam_heist,etherscan_labels
0xbe4b602ea15257cd609fdca19ef723c4f1b2889a,0,contract_or_token,etherscan_labels
0x479c4a69b481449c4b92694eb32758cfc920735a,1,scam_heist,etherscan_labels
0xf554ec69015d6691074e8ff98ba959599af96ef6,1,scam_heist,etherscan_labels
0x18a797c7c70c1bf22fdee1c09062aba709cacf04,0,contract_or_token,etherscan_labels
0x7a3d5d49d64e57dbd6fbb21df7202bd3ee7a2253,1,mixer,etherscan_labels
0xdc2a998a70287e4f2227d453de6eab8c97691518,0,contract_or_token,etherscan_labels
0x2de8e1bda7a4622aee5e928229d9a092b5361e69,1,scam_heist,etherscan_labels
0xe0e16c56a8e2df41ba043890dd043499a5fcdfa9,1,scam_heist,etherscan_labels
0xfbbe9b1142c699512545f47937ee6fae0e4b0aa9,0,contract_or_token,etherscan_labels
0xe9a1d2e12716a820f8b63b51f0668f58416abfc6,0,contract_or_token,etherscan_labels
0x0440b1de6e6ab0ecb6b5215c1a86c44065adc9f4,0,contract_or_token,etherscan_labels
0x6e7c0a18d4a1bd1c6bc447d2d068daeb3eb52961,0,contract_or_token,etherscan_labels
0x292515d1ebf861ca5c1e0edfd45ffa87bee3644e,0,contract_or_token,etherscan_labels
0xc03a652efbbacfabde37cd66c7a4ff4332f7186c,0,contract_or_token,etherscan_labels
0x128ce2ca22f283a9c4ba4cd65e734fd48bbac706,1,scam_heist,etherscan_labels
0x236f9f97e0e62388479bf9e5ba4889e46b0273c3,0,exchange,etherscan_labels
0xa1994693e2b3c601373d8b8fc1e1f1b66e3d1bbf,1,scam_heist,etherscan_labels
0xc18a88999726d6c1daadc841e5cfcb320648301c,0,contract_or_token,etherscan_labels
0x1a87c0f9cca2f0926a155640e8958a8a6b0260be,0,contract_or_token,etherscan_labels
0x892e9e24aea3f27f4c6e9360e312cce93cc98ebe,0,exchange,etherscan_labels
0x83e5e791f4ab29d1b0941bc4d00f3d6027d1dae5,0,contract_or_token,etherscan_labels
0x8454326e091a32bb004779128c2466e4874e0144,0,contract_or_token,etherscan_labels
0x9e6194005f1eb18c108ffd0cab5cc629635ce946,1,scam_heist,etherscan_labels
0x806869cffd765d2b3e2a01d043db5b93e668d24a,0,contract_or_token,etherscan_labels
0x760166fa4f227da29ecac3bec348f5fa853a1f3c,0,contract_or_token,etherscan_labels
0x48f6150e1e420d881573ec62090e7b1856f3af37,0,random_sample,bigquery_random_sample
0xb8b506a8e651d0a5466f8fe13a85ca5ce251ef27,1,scam_heist,etherscan_labels
0x7ad8f9ab85107fcb60e7423930adf00141fc9b39,0,contract_or_token,etherscan_labels
0x51a370f47a2def11e38ec529706cde52e7d4a333,0,contract_or_token,etherscan_labels
0x79af97b9cf790130f6a72629dd02e62347c79b44,1,scam_heist,etherscan_labels
0x8386f87262fc99c32e02cd982c403f4d998a499e,1,scam_heist,etherscan_labels
0xc607c0bab99191b23b3479ffeb83f5898cabb994,1,scam_heist,etherscan_labels
0x6f518b88234aa3727b0cd98122270769aba9c32b,0,contract_or_token,etherscan_labels
0xdfda05b2b0d9e8f7c373e1cea8d09ed6f5692289,0,contract_or_token,etherscan_labels
0xa8e0cc2a971788fea2b55948ba6f09e1f68be671,1,scam_heist,etherscan_labels
0x1bd435f3c054b6e901b7b108a0ab7617c808677b,0,contract_or_token,etherscan_labels
0x6fc93f54f95c63c917a98d03de27302f078436a2,1,scam_heist,etherscan_labels
0xe1e89eee5a16f6ec9a7a788efb1a77a1afe9e0a5,1,scam_heist,etherscan_labels
0x589cde641b3140658b737941920d99f5db2ada23,0,contract_or_token,etherscan_labels
0x6f50c6bff08ec925232937b204b0ae23c488402a,0,exchange,etherscan_labels
0xbae5f2d8a1299e5c4963eaff3312399253f27ccb,0,contract_or_token,etherscan_labels
0x53eb5d35f683e492b1e13e0717577d93a71cc482,1,scam_heist,etherscan_labels
0x0304296490f31a656843294b1536a38d0e94c35d,0,contract_or_token,etherscan_labels
0x974caa59e49682cda0ad2bbe82983419a2ecc400,0,exchange,etherscan_labels
0x77db8ab9ae2cf5c22973ebfe6cbe8c2520af53ed,0,contract_or_token,etherscan_labels
0x2200b54bbfc230ff143ebaf1ec1e1bdb2b36794b,0,contract_or_token,etherscan_labels
0x4d1af02919c6ba5b9d9e77edff81729972fe2a95,1,scam_heist,etherscan_labels
0xed92bfe08de542bbb40fdbe0a27ca66313c0c457,0,contract_or_token,etherscan_labels
0xa9c8a941f6895799b3207c709dfc94af2e7902ae,0,contract_or_token,etherscan_labels
0x400043e27415773e4a509c53ac5d7d3c036f6d92,0,contract_or_token,etherscan_labels
0x9a3d5faee66a9f2d6da065d5be64270f119cd8b2,1,scam_heist,etherscan_labels
0xa35321206760f3d979e88d8a1b8c536bfcc68177,0,contract_or_token,etherscan_labels
0x11d0ab993aeb31970fb2091a083f8172a9b58cea,1,scam_heist,etherscan_labels
0x738cf6903e6c4e699d1c2dd9ab8b67fcdb3121ea,0,exchange,etherscan_labels
0x93c4416913e2b60a17623e15fbf66a22a7758c0f,1,scam_heist,etherscan_labels
0xabc6753b8184ccbb89cff9b1224565341585cf85,0,contract_or_token,etherscan_labels
0xf604cbcb69063877472f849f145f52a8e0974de3,1,scam_heist,etherscan_labels
0x6a5468752f8db94134b6508dabac54d3b45efce6,0,contract_or_token,etherscan_labels
0x57d365c82f5c1c659f3e76af324e5e34239e03ed,0,contract_or_token,etherscan_labels
0x09528b6c6fc792eff0c70563c9b4c4c6e38da61d,1,scam_heist,etherscan_labels
0x0b74f2ae01b9cc9cfd0de08fdbbeeac5894f38ba,0,contract_or_token,etherscan_labels
0x2814dec8b21031f310e57829f942906c40318230,0,contract_or_token,etherscan_labels
0x07ef60deca209ea0f3f3f08c1ad21a6db5ef9d33,0,exchange,etherscan_labels
0x27526ccef3983fda7e069537fdc0a300f1e5d50f,1,scam_heist,etherscan_labels
0xb54dce7f4bd17dfebe4cb9742ae2d7d2886134d8,0,contract_or_token,etherscan_labels
0xa389fffcd9cf38bf3309c71bdd7151634b7390a6,1,scam_heist,etherscan_labels
0xa03321ce56ef9e7485f3ac050ae071d443641077,0,contract_or_token,etherscan_labels
0xc85ad197f8f74677fa24e405a4de768620fd3342,0,contract_or_token,etherscan_labels
0x17a2194d55f52fd0c711e0e42b41975494bb109b,0,contract_or_token,etherscan_labels
0x9b4291370abfb47e2ba5ff902821c93b944e5707,0,random_sample,bigquery_random_sample
0xd4dba8d09b640696c659080a9a9040eb15daa7b8,0,contract_or_token,etherscan_labels
0x810fd213a3958c67746a93a5b7400b119ac1e99a,0,contract_or_token,etherscan_labels
0x6184bb0e201f69e309fd0640bb58622bd592d22f,0,contract_or_token,etherscan_labels
0x921641c60dc9f0a9fc15dbc1bb5caff9008328dd,0,contract_or_token,etherscan_labels
0x0a0e1dcb8dda8b7f38d1bdba5fe4693a599922f1,0,contract_or_token,etherscan_labels
0x52dac05fc0000e9f01ce9a1e91592bfbfce87350,0,contract_or_token,etherscan_labels
0x6c2134dc2ed7e086be2ab6c12916f66c3704b137,0,contract_or_token,etherscan_labels
0xbc035b6bfb2e6a1f6e7ffb7f44d1e7e2a114d990,0,contract_or_token,etherscan_labels
0xd262e43273ca96214bb02b4036a1f24ad9806739,0,contract_or_token,etherscan_labels
0xfbf826e47494c530a00bf8c5e2713563f24af68a,1,scam_heist,etherscan_labels
0x44f1a81e479667ef953c626e868e6a62d06fa9af,0,contract_or_token,etherscan_labels
0xad54e7ad2b024ea1db3be711c0eac7a0a4e1ae1a,1,scam_heist,etherscan_labels
0x2418a8e033e2118bdf181e18fac6c5961b9f981d,1,scam_heist,etherscan_labels
0x0c92efa186074ba716d0e2156a6ffabd579f8035,0,exchange,etherscan_labels
0x31af00af00c2be7bf48fd984dc6248f7da3d29f1,0,contract_or_token,etherscan_labels
0x26e316f5b3819264df013ccf47989fb8c891b088,0,contract_or_token,etherscan_labels
0xe269e891a2ec8585a378882ffa531141205e92e9,0,contract_or_token,etherscan_labels
0xd2276af80582cac230edc4c42e9a9c096f3c09aa,0,exchange,etherscan_labels
0x95020f12af35763c67058c02bc6a1324bf7c6d74,1,scam_heist,etherscan_labels
0xb921c1f45493bd832d1281d7508afce5bd2273a0,1,scam_heist,etherscan_labels
0x015f5ac5d1ba07b7ce6d1377747401f49090d14d,0,contract_or_token,etherscan_labels
0x09c6c66d9df4e109507143d570239d2752a80d86,1,scam_heist,etherscan_labels
0xd347e7a3ddf5ce4c42e19a4f30eeaa761795c72b,0,contract_or_token,etherscan_labels
0x9038d4b6d9f44476cd440cf678326b3e5082a604,0,contract_or_token,etherscan_labels
0x2259f1e93137cac608556694273a622bbe332aea,1,scam_heist,etherscan_labels
0xa26ecb7101f566735d78dbce3262a4dd4af32216,1,scam_heist,etherscan_labels
0xe9c62867856baf9535283c162d36383bb90a2162,1,scam_heist,etherscan_labels
0xf10f4866bda7ee83e5d4604423d8d8995180f9d5,0,contract_or_token,etherscan_labels
0x280adec6ba28a9a7b56dc9c318746b7d10cfc857,1,scam_heist,etherscan_labels
0x78f44173a09f5503d61edec29cefc73dd69f7da8,0,contract_or_token,etherscan_labels
0x16df072c129d570b7e027c61bf46ea9ae58f95e4,0,contract_or_token,etherscan_labels
0x59afb455d60cfc1c33b68707075d749b2b277481,0,contract_or_token,etherscan_labels
0x0809aa8127652dcff00a9ea84180b28570764677,1,scam_heist,etherscan_labels
0x02c6aed29690d50cd625739efda526c298540181,0,contract_or_token,etherscan_labels
0x9a87a59040f86b5879cd21cf0b0c42a0c3e2a2ad,1,scam_heist,etherscan_labels
0xfbed0033c06d91d73f95a1c72cef02b1d259a85f,1,scam_heist,etherscan_labels
0xbe91917d2f843bbff7118a71c3b631e021f59e0e,0,contract_or_token,etherscan_labels
0x4fe666ecc5263f5dbb34adb8bc1c8cbb9bbcd1cc,1,scam_heist,graphsense_tagpacks:ronin_bridge.yaml
0x3ffa3c86e1476e5c59039e1e94fec439469e2454,0,contract_or_token,etherscan_labels
0xb04e030140b30c27bcdfaafffa98c57d80eda7b4,1,mixer,etherscan_labels
0xdcbeffbecce100cce9e4b153c4e15cb885643193,1,sanctioned,ofac_sdn
0x7d7428c778424db4c3a0930d18ca89a46b66f042,0,contract_or_token,etherscan_labels
0x94a3f12728624bf01a6f278c3cae62509408403b,0,contract_or_token,etherscan_labels
0x20620aa19cad8398b8c414a40cb52ce59f18dd4d,0,contract_or_token,etherscan_labels
0x8488f40fcc51ceab4e26f00d0a9a663f6155b9a9,1,scam_heist,etherscan_labels
0xc34ad8469db2116cceb490ccebd8b72e202dbae0,1,scam_heist,etherscan_labels
0x851a728ec012ff021005d9403c2f6d3200b9d70e,1,scam_heist,etherscan_labels
0x417f2c87f72236eec4ebee1ef9240024595df4d7,0,contract_or_token,etherscan_labels
0x9732eee5ad7a5532ec9d53f9d481461a2d0d3db3,0,contract_or_token,etherscan_labels
0x35f6d69f83773d92bbfa326dae2f4e337ca577a5,0,contract_or_token,etherscan_labels
0x5fed4171bf4fb9ebff871160d6ed1853db0c14ee,0,contract_or_token,etherscan_labels
0x09043218e9aa022feaffbf9e61e57c716132dcfe,0,contract_or_token,etherscan_labels
0xf11da347012b9752931202a40ed1328982551f5c,0,contract_or_token,etherscan_labels
0xe17807e05289b7555d24a07a201adab19bda63f8,0,contract_or_token,etherscan_labels
0xedc866eaf7a586bfb4ecdbc76e3e0cf9dc3104e7,0,contract_or_token,etherscan_labels
0x7c7af67e8e64211fe0d20a5caf8f915b4b1ec779,1,scam_heist,etherscan_labels
0x4833e8b56fc8e8a777fcc5e37cb6035c504c9478,0,contract_or_token,etherscan_labels
0xea862ffed19a2e5b8ac1b10fe14c88c1b35d4a2c,0,contract_or_token,etherscan_labels
0x7e275d51d49b68e9083ab49c2154f95e7c4b3673,0,random_sample,bigquery_random_sample
0x7b0c64b0abba1c7404641a1521ea93078e5c6f35,0,contract_or_token,etherscan_labels
0x5c1cb374370c547310d7c56bf07b7fcd4a66c53c,0,contract_or_token,etherscan_labels
0x17b3c19bd640a59e832ab73eccf716cb47419846,0,contract_or_token,etherscan_labels
0xf7b90b1c3a2c31d5286b1a6472162cabf3de900c,0,contract_or_token,etherscan_labels
0x888a3d1702e136d94a7e9c85e49815fb56cd3784,1,scam_heist,etherscan_labels
0x8219636dae2d0276570ea6f7e484e3a2dfb1a021,0,contract_or_token,etherscan_labels
0x3afcc1dd74e1c98ad5f555286136bf6252fb6b1f,0,contract_or_token,etherscan_labels
0xe73b2b2c336dd7ef6e42f7a81725f2f3bb8e255a,1,scam_heist,etherscan_labels
0xd615955d7b3473c68d6bc6eac6cd4c635bfe0397,0,contract_or_token,etherscan_labels
0x608d10e3fc12d46db76bfbdbb00eabb82bdc9c01,1,scam_heist,etherscan_labels
0x49c365fa3916dcf1561075567ff5c6c2ed74150f,1,scam_heist,etherscan_labels
0x8597fa0773888107e2867d36dd87fe5bafeab328,0,contract_or_token,etherscan_labels
0x7dc21cd61aa8202be9ac60753f9fcdb89a4cfb31,1,scam_heist,etherscan_labels
0x6eb20f9e22d73b99e71370959da8680f49700888,0,contract_or_token,etherscan_labels
0x8b91c432d947ebc8dbac7ea80329bb1cf27c0853,0,contract_or_token,etherscan_labels
0xa655cc52a6930613dfab1d6efcbc2e0ed04f1455,1,scam_heist,etherscan_labels
0x3a12caefcbdf017f2c0947d46043ecd7da3c30ff,0,contract_or_token,etherscan_labels
0x27a5147840f6438fc4232689445eb1f72ed79c50,0,contract_or_token,etherscan_labels
0x2b895bca8a971c3ecb5ac628dd17d1211cbbf26e,0,contract_or_token,etherscan_labels
0x88024deacdc2e9eda02a3051377ed635381faa54,0,contract_or_token,etherscan_labels
0xcb73fa01af00e9c5aa0420f106c87893c053f383,0,contract_or_token,etherscan_labels
0x4bb55a04e88af6ce0baea065f73f18076de6b07d,1,scam_heist,etherscan_labels
0x7f47f6f695ddf8316f368a8a99122a081e118bd0,0,contract_or_token,etherscan_labels
0x5d2be03434fd42e232a6a34abcc764681bccb458,0,contract_or_token,etherscan_labels
0x945907435c20c908356b19581b0491e500508c12,0,contract_or_token,etherscan_labels
0xc8703a9c40edb9915c815f29762827f6242278bf,0,contract_or_token,etherscan_labels
0x495c234c36513df5f39b88d678f1d24482232c0f,1,scam_heist,etherscan_labels
0x556ea7c0691f7f9ae9b4b484746c411d1feeb7cb,0,contract_or_token,etherscan_labels
0x9c856e12a12689f18109aa2b6728ffb41a65d664,1,scam_heist,etherscan_labels
0xd081f06f06eb774f642195e8dd4c393de07486a9,0,contract_or_token,etherscan_labels
0x3554dd27ed345f4b9c09aa1283f42fa73ee12a5e,0,contract_or_token,etherscan_labels
0x78d414bd0d71caa874848d543efd36892c75f4cd,0,contract_or_token,etherscan_labels
0xdbf461f8cd6644d41820dc739b055b76e4c4ca18,0,contract_or_token,etherscan_labels
0x119c71d3bbac22029622cbaec24854d3d32d2828,0,contract_or_token,etherscan_labels
0x31727e83aa791a324bfa49fc305e8ef452a64a42,0,contract_or_token,etherscan_labels
0xdca445b99ea5e9bde70169fc9977032535b1ee02,0,contract_or_token,etherscan_labels
0x2dbd24322757d2e28de4230b1ca5b88e49a76979,0,contract_or_token,etherscan_labels
0x57469550b9a42d2fd964e67a9dd1de3d9169b291,0,contract_or_token,etherscan_labels
0x59c88814b20bf4f5ba0b1724068f6324f62af422,0,contract_or_token,etherscan_labels
0x55c86e9097ae56ecff34ec41b61bf9d76bc821e2,0,contract_or_token,etherscan_labels
0x349cb0964ca7532d9ed47b41c59a177b2d9a5884,0,contract_or_token,etherscan_labels
0x5a06bd8702f06b4f21382e8a87b1ab99a46b8768,0,contract_or_token,etherscan_labels
0x247ff2b322df7439b78898375be7cdadca11cf17,0,contract_or_token,etherscan_labels
0x1906244fb6ec78900d8a4f6e4ef7898097f9ba98,0,contract_or_token,etherscan_labels
0x5775179d48ee95b6e072095b3144842dd76e9486,0,contract_or_token,etherscan_labels
0xe214d6a27ac1711d38e0c1b9307ba5e02ef33de2,0,contract_or_token,etherscan_labels
0x3b709534462366d7a4c5421e651e732cf2472dec,1,scam_heist,etherscan_labels
0xd8dfe4e107a6f7ceab7c269b2310a99d99e40368,0,contract_or_token,etherscan_labels
0x29fbd00940df70cfc5dad3f2370686991e2bbf5c,0,contract_or_token,etherscan_labels
0xe2a0bfe759e2a4444442da5064ec549616fff101,0,exchange,etherscan_labels
0x3668273974046942fdb24a606b408e19609ee2b5,1,scam_heist,etherscan_labels
0xcb556442104340490ecbf6af44909f59d4e7e509,0,contract_or_token,etherscan_labels
0xf0bc5710a4b782dd761e1df7171794d027eeecc9,1,scam_heist,etherscan_labels
0x9459858fc81f15c7e271c79d9dabc533f3f093df,0,contract_or_token,etherscan_labels
0x1b905331f7de2748f4d6a0678e1521e20347643f,0,contract_or_token,etherscan_labels
0xf954386c4cf33aeb6ff4f9fc29930fbbf3514c96,0,contract_or_token,etherscan_labels
0x2bafd7b1667b5250dc267940c88eccea1538541e,0,contract_or_token,etherscan_labels
0x896022620ca215a0e5c8510095f194f46c3470db,1,scam_heist,etherscan_labels
0xc0fa966c52b0c097d1ebb2829d209f6e9223f01c,0,contract_or_token,etherscan_labels
0x2101072e369761435a532a83369984ec3950aef2,0,contract_or_token,etherscan_labels
0xb6d7b693ccfd1359d84ce389d7c40f590eba1ff0,0,contract_or_token,etherscan_labels
0xd482fd0254013751eb03274d9885955249b0ec37,0,contract_or_token,etherscan_labels
0x55370e21513f4a015f2b586d8599f530c1839e81,0,contract_or_token,etherscan_labels
0xfb7b4564402e5500db5bb6d63ae671302777c75a,0,contract_or_token,etherscan_labels
0x59f690e4e4ae5048b7c24811837c09c047da8454,0,random_sample,bigquery_random_sample
0x5f3576c072b0d9233c7236d9c3686d127fae6dbf,1,scam_heist,etherscan_labels
0xeb1b57d4f7d4557b032b66c422bc94a8e4af859e,0,contract_or_token,etherscan_labels
0xaa85cec1ffeb1ec5001112ce18cf863fdbbadce1,0,contract_or_token,etherscan_labels
0xa3fc10684d6083947eff545425c7dc879c393043,1,scam_heist,etherscan_labels
0x5e150a33ffa97a8d22f59c77ae5487b089ef62e9,0,contract_or_token,etherscan_labels
0x7f517657496c09c43cc28d0ca131e35dcd557e02,0,contract_or_token,etherscan_labels
0x86daad95a9cafb840b9d0224f5d07267c0cbc831,0,random_sample,bigquery_random_sample
0xd37ddcf195127b977ae1597c53c19edebc3ad1bd,1,scam_heist,etherscan_labels
0xd106c4d1a943762f405d1a4a1b81f7d84152bcde,0,contract_or_token,etherscan_labels
0xc5d128833dc804974ed7ff815c0ba068de167b81,0,contract_or_token,etherscan_labels
0x48ab9f29795dfb44b36587c50da4b30c0e84d3ed,0,exchange,etherscan_labels
0x1ceb33c6616819c21d5cfc97dc1d0e879cdb5840,0,contract_or_token,etherscan_labels
0xf3e9f381c5ada26304fd612baf9bb7c599fa63a2,0,contract_or_token,etherscan_labels
0x04d6e3d850afcba1a2a67b8ac52ba129cc177257,0,random_sample,bigquery_random_sample
0xef1c6e67703c7bd7107eed8303fbe6ec2554bf6b,0,contract_or_token,etherscan_labels
0x39cab2febeeeee69ea9c6d7c41b331276aa043e7,1,scam_heist,etherscan_labels
0xe4f157c7ca54f435fcc3bb0b4452f98d3a48f303,0,contract_or_token,etherscan_labels
0x1fead8d33f0c6edb9e70ee006a1da310f3bbe437,1,scam_heist,etherscan_labels
0xb9653e6727ff3ad4775cea60ce39dd91e69f6216,1,scam_heist,etherscan_labels
0xe7b50cfad6beba4f1f3e4c17241ed062fedbbb0b,0,contract_or_token,etherscan_labels
0xa33a45749d4a4118ad119f7e6c1474ab568f5928,0,contract_or_token,etherscan_labels
0xd8b8b575c943f3d63638c9563b464d204ed8b710,0,contract_or_token,etherscan_labels
0x2b0319fd6e37340dbaf5d7aa7cb68fdedb04a6e3,1,scam_heist,etherscan_labels
0x6cac7b90da6c4092abf4d96dfae3fb92c52ab7b6,1,scam_heist,etherscan_labels
0x97ac1ad3a85edb76f25c7418e65c9f26bd3d3c35,0,contract_or_token,etherscan_labels
0x21350147d9ee4a9cfc2545c52d0febfb98ad8a7c,1,scam_heist,etherscan_labels
0x665f0efd8c0651b0931ea9bd2eab6e7e90c4afd6,0,random_sample,bigquery_random_sample
0xb481ef852e379634690e65420c773215fc9d4ca1,0,contract_or_token,etherscan_labels
0xb36efd48c9912bd9fd58b67b65f7438f6364a256,0,exchange,etherscan_labels
0x1bec4db6c3bc499f3dbf289f5499c30d541fec97,0,contract_or_token,etherscan_labels
0xab61750495f5814a01887bb4e00a0a9c68d85b2a,0,contract_or_token,etherscan_labels
0x96191a2dc207cb40b7afe006c2e65a934c20af84,1,scam_heist,etherscan_labels
0xb7971c4c750262eadaa2d9fceb582f3906aa4d0e,0,contract_or_token,etherscan_labels
0x2ed22a483eafa494f13b03c8d99bfcefda7689ff,0,contract_or_token,etherscan_labels
0xf7ef0536615d3c0ad6d07afaa44ff707477f31d3,0,contract_or_token,etherscan_labels
0x499d0f93f7d0f4170c4cf2112bc523e6b02a8f10,1,scam_heist,etherscan_labels
0xa088d8afb46a177bf64014774be8f441ca8d2d40,1,scam_heist,etherscan_labels
0xd9495812f3e24d8ca4245550953623e2e92861a1,0,contract_or_token,etherscan_labels
0x024054a2bf34bc78a15c8616dab640df4d48f457,0,random_sample,bigquery_random_sample
0x3f57202a87a0933e5086875be378c0ca92f09afd,0,contract_or_token,etherscan_labels
0x9f601697c6cf4a41d49e754f90daee6c35c371cb,0,contract_or_token,etherscan_labels
0xf05e2a70346560d3228c7002194bb7c5dc8fe100,0,exchange,etherscan_labels
0xd831acd7eb6c2c83c702ac2fa059b97b29a5bffa,0,random_sample,bigquery_random_sample
0xae7be2ec20376009d71b0491a99b1a884eeb60e4,0,contract_or_token,etherscan_labels
0x31e085afd48a1d6e51cc193153d625e8f0514c7f,0,contract_or_token,etherscan_labels
0x13b5ead700b1b38b8b25c0b4938209df5bafd2a2,1,scam_heist,etherscan_labels
0xda9bb62dfca058a28c17ca435894a24e97b79828,0,contract_or_token,etherscan_labels
0x90964d7e24fd2d372b22b2dddcd4ba6ed7a898a8,0,contract_or_token,etherscan_labels
0x31b0974c01bb70fe9b1cfc9770af0b568da7c90b,0,contract_or_token,etherscan_labels
0xb4bf1da75f848ec0db3f69cf694e2aff26ef6241,0,contract_or_token,etherscan_labels
0x19cef512c927f17d56f41377a9e7fd08b6b128ff,0,contract_or_token,etherscan_labels
0x6f8c62d2ce6c4509737b2075c0fe5c2fa7cf4d9d,0,contract_or_token,etherscan_labels
0xc7ff546c6cbc87ad9f6f557db5a0df5c742ca440,0,contract_or_token,etherscan_labels
0x57755f7dec33320bca83159c26e93751bfd30fbe,0,contract_or_token,etherscan_labels
0x48ccd51f0cba615a140d0fdb7336dffbd70a1e6a,0,contract_or_token,etherscan_labels
0xbf26fbdece0d270656a73787c217aaddc56fd936,0,random_sample,bigquery_random_sample
0xec0495ada218a29367efa287ea46356725ab95a4,1,scam_heist,etherscan_labels
0x1935ba29d778f2e4623c42910910ef85be7021ca,1,scam_heist,etherscan_labels
0x24aac088f9ec4f6ecd26473204fa91669bd64072,0,contract_or_token,etherscan_labels
0xe089969e6ae107fb4858a4008a052701291a9261,1,scam_heist,etherscan_labels
0xe374122edcd424cb6a6a7eb7cd56a9bdfd370228,1,scam_heist,etherscan_labels
0x7618cd809aed66afeec06194f8fcc51cc880b2c0,1,scam_heist,etherscan_labels
0xb24e497d6ceee92b89509ccd27eb20899c0771b5,1,scam_heist,etherscan_labels
0xec40a7daaa060df56e6ce1be1077435b6019623c,0,contract_or_token,etherscan_labels
0x6d3519e7316d2b69e816d141c92434f49bba90c5,0,contract_or_token,etherscan_labels
0xfe87120c9c990a672cfaa6de54d96773e767ac22,0,contract_or_token,etherscan_labels
0x3a0d62bca2f4062e8badfdc90701d1228487f741,0,contract_or_token,etherscan_labels
0x3b32a786d84bec2959367f3ab52dbeef5ed2bc70,0,contract_or_token,etherscan_labels
0x6c1d01b3ae9494ed72666b413409fc8d0d46ece0,1,scam_heist,etherscan_labels
0xc3e931c4cfba30b0970090a04da6490889600fbc,0,contract_or_token,etherscan_labels
0x01d7e6a79f6e6dc6f0884743078f76ac1239520a,0,contract_or_token,etherscan_labels
0x5fa4370164a2fabeef159b893299d59ff5dc1e6d,0,contract_or_token,etherscan_labels
0x8ea8246eef29787b9c8f3afcd57ea99e002fd6db,0,contract_or_token,etherscan_labels
0x1151a6b9b3678ce97355628b8ef89cfb5b225db1,1,scam_heist,etherscan_labels
0xe29b7d8944e73086df0083753eca676b50c13a34,1,scam_heist,etherscan_labels
0xf5ca27927ffb16bd8c870dcb49750146cce8217c,0,contract_or_token,etherscan_labels
0xaf23344639bb3d179e50bf4f9c0b37442182a8e5,0,contract_or_token,etherscan_labels
0xce968c0fc101c4fb8e08eb5db73e7e169a2a3562,1,scam_heist,etherscan_labels
0xa09b9f72c81289246a0ba38d735876c733afc8b9,0,contract_or_token,etherscan_labels
0xb867adc0df48a3a3a8fbc3c1ee43d4efdab57f68,0,contract_or_token,etherscan_labels
0x3516415161c478df10adbb8bb884cc83fbd5f11a,0,contract_or_token,etherscan_labels
0x01cd24cf17a93e870ac136b566c90170b11a6302,0,contract_or_token,etherscan_labels
0xed0439eacf4c4965ae4613d77a5c2efe10e5f183,0,contract_or_token,etherscan_labels
0x62971f33f628c418e8e34f3c183f16c9f71b028a,0,contract_or_token,etherscan_labels
0x9b8549beb01b1d24c252f651b97d57d8eeb2ba79,0,random_sample,bigquery_random_sample
0xfffae206a0c17c4804f04af3880ff8a9dea39210,0,contract_or_token,etherscan_labels
0xfb4bd42f8b0f018f951385d486e558f9900a8d99,0,contract_or_token,etherscan_labels
0xe1a0e59ac2d71aa54653e8dfb8ea9817e374c607,1,scam_heist,etherscan_labels
0x37922c69b08babcceae735a31235c81f1d1e8e43,0,contract_or_token,etherscan_labels
0xea09809ad3768504fe81bddc69e11653c1e7e629,0,contract_or_token,etherscan_labels
0xb1eb8713ccb5a5962173b9fb4d55d2b702ea99ef,1,scam_heist,etherscan_labels
0xf87b531cd7d3f63ef5c21e29d530fb6dd86056fe,1,scam_heist,etherscan_labels
0x06b2774a9aba12c4b48e8b179ba3def6c958871b,1,scam_heist,etherscan_labels
0x3d7ffbb7fdf9198aa3bcfba915893a954d376673,0,contract_or_token,etherscan_labels
0x0f1479e2579f36e951216d73b62267bc8ff5b356,0,contract_or_token,etherscan_labels
0xdff71165a646be71fcfbaa6206342faa503aed5d,0,contract_or_token,etherscan_labels
0x485ca3783a3136db8bbe08c3a511ee69f9905757,0,contract_or_token,etherscan_labels
0x2711d73d559f62f4f855ee21f38378f528e07985,1,sanctioned,ofac_sdn
0x362793d572ff0373a12367556b7aed5061b98328,0,contract_or_token,etherscan_labels
0x854c5cdacee9112f7fe38ffbe2e50525b026d3f9,1,scam_heist,etherscan_labels
0xae00455eac003408a2f10e895fbc6c6445535d56,0,contract_or_token,etherscan_labels
0x768b07575496359503b64667c370bf253e71d7da,1,scam_heist,etherscan_labels
0xaa60860ac2794e3852f9374e1cd495e76a7adfe4,0,contract_or_token,etherscan_labels
0x4e3af7bb3d2165d13d58b1a9c8484845e694c588,0,contract_or_token,etherscan_labels
0x838a637bfe39e8bc768c9f9a4d4594bdd0d4eabc,1,scam_heist,etherscan_labels
0x19f29e2cb230bc2b2340e20fdab63999d71978c3,0,contract_or_token,etherscan_labels
0x60cd8dcc7cce0cca6a3743727ce909b6f715b2d8,0,contract_or_token,etherscan_labels
0x17b3f4579e5cb1c5e7976078f825cbdbc3424c4b,1,scam_heist,etherscan_labels
0xa3c3ccd048dc50b6a42a21aef98567783a518afc,0,contract_or_token,etherscan_labels
0x1b2cb394ea288176509927f94229203eee6b3e4b,0,contract_or_token,etherscan_labels
0x1bbaf53bab7893345b65976e8f67d64f7d3e3a33,0,contract_or_token,etherscan_labels
0xe763fdbe8dc96687ba050561f59608ca1e977e5b,0,contract_or_token,etherscan_labels
0x8309dc6b6bdaafd693d58f8b969d97fffef244a5,0,contract_or_token,etherscan_labels
0xab92904be295da2513a4d9904c74d0feab3c5613,0,contract_or_token,etherscan_labels
0x2417f25de6d1688324e0de5c6a4ae34a733147ed,0,contract_or_token,etherscan_labels
0x543f945eb2497da78587f42731d94e4bc6abe640,1,scam_heist,etherscan_labels
0x3b470f3b930516dc2e1a972abd237a4c04572ebc,1,scam_heist,etherscan_labels
0x349fe073990021f0e68d65f3e3351f6ea4ff0901,1,scam_heist,etherscan_labels
0x20dc817e27e9ffdaa2f9ad4b2ddcd6ab0b4fafc5,0,contract_or_token,etherscan_labels
0x5476db8b72337d44a6724277083b1a927c82a389,0,contract_or_token,etherscan_labels
0xf0458aaaf6d49192d3b4711960635d5fa2114e71,0,exchange,etherscan_labels
0x55d291693f444d9ebd773b38ca130cce10ec25a5,0,contract_or_token,etherscan_labels
0x7793e90573d8dc4ca3237410eb32b93a390e6f6d,1,scam_heist,etherscan_labels
0xf3638dad2404be2e95613737a4ad53ac0309c699,0,contract_or_token,etherscan_labels
0x14f5104027e519f95acb5d9419c31969f1551745,0,contract_or_token,etherscan_labels
0x9127b764ee05d6b7867b59137b5879999aec2519,0,random_sample,bigquery_random_sample
0x8aabba0077f1565df73e9d15dd3784a2b0033dad,0,exchange,etherscan_labels
0x2ce03ca0a191378438525f56a68dc1d4426ced12,1,scam_heist,etherscan_labels
0x237e421ad6bd414731732f007b3c7343bc51e60c,0,random_sample,bigquery_random_sample
0x72972b21ce425cfd67935e07c68e84300ce3f40f,0,contract_or_token,etherscan_labels
0x6003a321eda038a7268cac4df2db66c0fc13e2c7,0,contract_or_token,etherscan_labels
0xf2847aa9e1bfc5658b8cf60670936c1b6a5e27f9,1,scam_heist,etherscan_labels
0x8a90742fed9f0e29162646e175f72d675b0e2cf2,0,contract_or_token,etherscan_labels
0xd8b025095e9926c682a515bd60e1fa6d30724b83,0,contract_or_token,etherscan_labels
0xd88dbba3f9c4391ee46f5ff548f289054db6e51c,0,contract_or_token,etherscan_labels
0x71817445d11f42506f2d7f54417c935be90ca731,0,contract_or_token,etherscan_labels
0xcbed6f3ccec8446f639bd2fa176c671c1972494b,0,contract_or_token,etherscan_labels
0xdbe34efb5cdf90644b570a560744d8b03a0d8f4c,0,contract_or_token,etherscan_labels
0x4d2cb3f0424b81b117bba0bdd34a25b4a4b3300d,0,contract_or_token,etherscan_labels
0x483207980c517b60ef0f0f9e5a55c13debb84f8a,1,scam_heist,etherscan_labels
0xae4991819c4adb5270e51556b0c1a4e676f847ac,0,random_sample,bigquery_random_sample
0x863eaa6e56a9ff81f178fbfa7337f2748ec5a29d,1,scam_heist,etherscan_labels
0x00d5ec4cdf59374b2a47e842b799027356eac02b,1,mixer,etherscan_labels
0xf77e60088401d82e67b42e1f04eef53308cf4a19,1,scam_heist,etherscan_labels
0x80bbee2fa460da291e796b9045e93d19ef948c6a,0,contract_or_token,etherscan_labels
0xb6f5ec1a0a9cd1526536d3f0426c429529471f40,1,sanctioned,ofac_sdn
0x37c1e8a4dcbb721e9f756f45067d441b1e1ce419,0,random_sample,bigquery_random_sample
0x9b7c2c76628102a95933a645f2b18f4317da6099,1,scam_heist,etherscan_labels
0x45e185be5d2fe76b71fe4283eaad9679e674c77f,0,contract_or_token,etherscan_labels
0xf28eff50dd41aec06a72bbe3eef0a411e4f4f4a5,1,scam_heist,etherscan_labels
0x20a0bee429d6907e556205ef9d48ab6fe6a55531,0,exchange,etherscan_labels
0x77bb9d761798956fe6ffc84faf7f5ed87c77f057,1,scam_heist,etherscan_labels
0x8b7333eb8c072523441f5eba8bf7680c0d931ddd,0,contract_or_token,etherscan_labels
0xa83b11093c858c86321fbc4c20fe82cdbd58e09e,0,exchange,etherscan_labels
0x0e64cbf87d96ce52349823cc0473834459ebbe0b,1,scam_heist,etherscan_labels
0x9bec1a0506162b867b3091f5b5de0167eae8a753,0,contract_or_token,etherscan_labels
0xe445ed13e87a40dc3483296a546c16f086150856,0,contract_or_token,etherscan_labels
0x05c4b5fa7f14c33da1c825eb4dd9f1caf800ba35,1,scam_heist,etherscan_labels
0x06f2e4c2ae526b587982f11117b4689b61034817,0,contract_or_token,etherscan_labels
0x3c7497c27a4aadcea9c84a7bf94281e822332ecb,1,scam_heist,etherscan_labels
0xe73369f0611fd272e0ddf75725b3002deeb30079,0,contract_or_token,etherscan_labels
0xe40f1f844a91eee7420a430ee6c5e54e7907ff7b,0,contract_or_token,etherscan_labels
0xe7132cf69bfcc561514da2dd9a5f7af60f0e5a62,1,scam_heist,etherscan_labels
0xc736e537c71cf1379dca3642d567ffe14fcb6051,1,scam_heist,etherscan_labels
0xedfc1d77ec9be577f38761f5c738f175e6213da5,0,contract_or_token,etherscan_labels
0x3a2038254394b78dc8bff9f5f19bde0e8b1ef022,0,contract_or_token,etherscan_labels
0x03d6b5fe025ee2d3f3c08c9d74032259b1374ef2,1,scam_heist,etherscan_labels
0xb40f31eb01d13ed5e05f5e349e74af38bbca0154,0,contract_or_token,etherscan_labels
0xd06b25f67a17f12b41f615b34d87ecd716ff55a0,0,contract_or_token,etherscan_labels
0x8d12a197cb00d4747a1fe03395095ce2a5cc6819,0,contract_or_token,etherscan_labels
0x790138ec1433b483dfa73b4e531949733b7b331d,0,contract_or_token,etherscan_labels
0x0a62cc5ebfa79b155b4ec90e74c00e0176692772,0,contract_or_token,etherscan_labels
0xc44676d5bce2dc078e50008f07c31e4aaebbf110,0,contract_or_token,etherscan_labels
0xc3d407ce0a06530315c14c9f2374a16cf436461a,0,contract_or_token,etherscan_labels
0x2c16f7be06646247977c7aa1a82a3c645f3476f3,0,contract_or_token,etherscan_labels
0x4d9ff50ef4da947364bb9650892b2554e7be5e2b,0,exchange,etherscan_labels
0x2365c0fd7977a54000cd9490c4a8891350c439d9,1,scam_heist,etherscan_labels
0x40402192fbdc7d20d4cf1b5714419a5019e56339,1,scam_heist,etherscan_labels
0x916c40a707e6c3efd0e6dc95f620250aa68ee182,0,contract_or_token,etherscan_labels
0x183ad812236bf1302142751fc8b21e5af9a1b43e,1,scam_heist,etherscan_labels
0x9260df5a62f3b85bf19472fd466236a63e7847ae,1,scam_heist,etherscan_labels
0x249bb2861e1d0a3f1f065fb35830ce5f6f2409f2,0,contract_or_token,etherscan_labels
0xbbae28f1841f3902a97815adb62f4795b0a09f8c,0,contract_or_token,etherscan_labels
0xe5913eb00a8692944dc5488ef6d41efa98192486,1,scam_heist,etherscan_labels
0xbf0442faaefdc37be744b118a7402dcc900240ac,0,random_sample,bigquery_random_sample
0xfd72170339ac6d7bdda09d1eaca346b21a30d422,0,contract_or_token,etherscan_labels
0xd50963c3f3dce3bf7449116062a6b3234240a366,0,random_sample,bigquery_random_sample
0x5a21e141ca90e46a2ee54f93b54a1bec608c307b,0,contract_or_token,etherscan_labels
0xcac725bef4f114f728cbcfd744a731c2a463c3fc,0,exchange,etherscan_labels
0xd16383a30f652609597cd725b0a5c9439330119b,0,contract_or_token,etherscan_labels
0x2ac651150309ad369d5b7278bbe11ff7e76b5ead,1,scam_heist,etherscan_labels
0x2835bfa92f7ce41f17759ea8895172a94a610fef,0,contract_or_token,etherscan_labels
0x8f6b7b17d97286a56a74c58409a3dccacd2aa221,0,contract_or_token,etherscan_labels
0x6f21dfea8e67e62eb84a0eaed18ee80c8d2291dc,0,random_sample,bigquery_random_sample
0x6899ceba285070122f545005c196b248fec4c0d3,0,contract_or_token,etherscan_labels
0x20066c2577c53bb54591111fa707a252b9bb95dc,0,contract_or_token,etherscan_labels
0x6b9887422e2a4ae11577f59ea9c01a6c998752e2,0,contract_or_token,etherscan_labels
0xf6b10e375706e72a18e68ea8c7c612f9f776f82a,1,scam_heist,etherscan_labels
0x7dfe2931d2677a3ae9eb92642ac538dee90146f4,0,contract_or_token,etherscan_labels
0xcbdc3bdf78c1df509f94f1f52cc5c5c093d4322b,0,contract_or_token,etherscan_labels
0x3e3ea7d277e8917864ebf02284bba2f01779e6cf,0,contract_or_token,etherscan_labels
0x80d0135711032c16cbdd1424010e3e4bee5cb8b3,0,contract_or_token,etherscan_labels
0xa91e3f9b7d6ad2fc11429551197e958855e917b4,0,contract_or_token,etherscan_labels
0x8b07b947fff9f95e8560c168bb0703eab43820e8,1,scam_heist,etherscan_labels
0x9100e10d763f1c8e3c5e3a937cc8d96bf468d7c3,1,scam_heist,etherscan_labels
0x58a5ba4f6653228cd8cc4f8700562b49219a4510,1,scam_heist,etherscan_labels
0xd73d8a44fd42b1a4b3a89c8a54f2bba3867a91be,1,scam_heist,etherscan_labels
0x9d6d492bd500da5b33cf95a5d610a73360fcaaa0,0,exchange,etherscan_labels
0xcaa926be360c3677331425202c5d88b47d992d3b,1,scam_heist,etherscan_labels
0xd25251c55a81fea6c54028da0618f0da4a6ac69e,1,scam_heist,etherscan_labels
0xb3f1e99eb0a535431b0cc99e31885da49e5dc1cb,0,contract_or_token,etherscan_labels
0x490a11e5195bb6f1c9c555e744f6bc1b35a3eaea,0,contract_or_token,etherscan_labels
0x33e8b0ec6a2d045bedc46c5a1c6235874a91430a,0,contract_or_token,etherscan_labels
0x4b935025671a4c3fb43fa1d4204fa83b2100411b,1,scam_heist,etherscan_labels
0x5b2dc8c02728e8fb6aea03a622c3849875a48801,0,contract_or_token,etherscan_labels
0xe74d81259d58b15b3d3300ed864559cfdea70ce4,0,random_sample,bigquery_random_sample
0xa914a9b9e03b6af84f9c6bd2e0e8d27d405695db,0,contract_or_token,etherscan_labels
0x7358b726830a2e222f9b139e90483a37142bcbe5,1,scam_heist,etherscan_labels
0x3aa4ba595728b1669988f2711262ddddf9924f43,0,contract_or_token,etherscan_labels
0xbfae13b56d75626a80d6fa340509c3aba4c2632f,1,scam_heist,etherscan_labels
0x9898bfd212865063a0dc5d470189f0341a35dc76,0,contract_or_token,etherscan_labels
0x05f9a126bb07d74f53a41a70bc7619c95b9a6c93,0,contract_or_token,etherscan_labels
0x1c1f5e0a353e25c0ea3bd87d58cc3a3c819ca675,1,scam_heist,etherscan_labels
0xdd59cb884f6733b8246bdf43b241a365cfb235da,1,scam_heist,etherscan_labels
0x72b1ab41e82c75008dd752af1783a60b962037ae,0,contract_or_token,etherscan_labels
0xb24247d8b7681a2d419ebb8a2796ad385ceac728,0,contract_or_token,etherscan_labels
0x924d2a9080a4bb096e971060fe227ba8201c2b3c,0,contract_or_token,etherscan_labels
0x2cd79179488556fb774b159b5f5ac2cb6f2cd879,0,contract_or_token,etherscan_labels
0x66895417881b1d77ca71bd9e5ba1e729f3aa44d3,0,contract_or_token,etherscan_labels
0xb3096d2d08083b0dedaf68f4559956888b1eab73,0,contract_or_token,etherscan_labels
0x43113db6eb4f656fa3f4bf10d5a9a3ce1b7380b2,0,contract_or_token,etherscan_labels
0x9f2447e95b48f16fd48d8c0eb4f783f2e07f0209,0,contract_or_token,etherscan_labels
0xf0a004c50170c8cb03c6d1c228fe9b5058d85ef1,1,scam_heist,etherscan_labels
0xe6a7fe8ca39ff8243d5b87a02ee2d6b638de9594,0,contract_or_token,etherscan_labels
0x3e27e617dfb56490339b5373b0f808af3dac8825,0,contract_or_token,etherscan_labels
0xbe6c8f2810ef39420d2dc2901b8414c8c45fee6d,0,contract_or_token,etherscan_labels
0x9e4328b03dd3074052a3fcbb555a91a3648c202e,0,contract_or_token,etherscan_labels
0x87b3b86148995cedc3352a8a555a9116255df219,0,contract_or_token,etherscan_labels
0xc7c400bc4af560849ca326c4a2ba44cf38ccb521,0,contract_or_token,etherscan_labels
0x89ab8f8c4c46a2720b52bb979bb0bb875152d25c,0,random_sample,bigquery_random_sample
0xded0bbd1a95ec14eb5f35d412369c6476d947d85,0,contract_or_token,etherscan_labels
0x098b716b8aaf21512996dc57eb0615e2383e2f96,1,sanctioned,ofac_sdn
0x2979fa622ccb9f6b8925ca831f30c405077730c6,0,contract_or_token,etherscan_labels
0x892f9eb0b53f8b0b4d72ceb853173d2c8a83de98,0,contract_or_token,etherscan_labels
0xaf9220376e569cbf8b1cdd488dde61fc09a0f575,0,contract_or_token,etherscan_labels
0x7818a7e2ab095a15dcb348c7dd6d1d88d7ceabfd,0,contract_or_token,etherscan_labels
0xb432a2d75b16a801f77bd7cba75b117a1dd98222,0,contract_or_token,etherscan_labels
0xd374716064679f3254aa34324914ab64d7255ee0,1,scam_heist,etherscan_labels
0xb11f3fc864fa4b879907c7897d316d81fc8a81da,0,contract_or_token,etherscan_labels
0xf79eeea37924821464ac5b494280263faeeefeae,0,contract_or_token,etherscan_labels
0xfc6dfb92b15e69118f34cc4e5c2e45b137d43af9,1,scam_heist,etherscan_labels
0x7ced75026204ac29c34bea98905d4c949f27361e,1,sanctioned,ofac_sdn
0x2411ba002eafadbd40a4afb814ab798675ad8347,0,contract_or_token,etherscan_labels
0x838d504010d83a343db2462256180ca311d29d90,0,contract_or_token,etherscan_labels
0xe46aa02285707903ab71afb2065873323590e442,0,contract_or_token,etherscan_labels
0xfbe7eb0dc4a0386e4f7bbc9d562d421d816c2bd9,1,scam_heist,etherscan_labels
0x69ef9741ab4e26d7e0d139691bca3f5a5385c8c5,0,contract_or_token,etherscan_labels
0x513064bd4f011d01f73c29eca1fa9dd1c6acf16f,1,scam_heist,etherscan_labels
0xa41e643353b491c15de4f1b2b722cb48606102ed,1,scam_heist,etherscan_labels
0x8f162a923d15d3402fa2c5bfd49fb76ca1b1c6c8,1,scam_heist,etherscan_labels
0xab9d5073f33fe0a349ae14c0a094b6d52c72b882,0,contract_or_token,etherscan_labels
0x3ee22bedcebdb25008194ecc71f61083a357e25e,1,scam_heist,etherscan_labels
0xc096cc78a07bfb6ae53703deda9f606ce49adf7e,0,contract_or_token,etherscan_labels
0x666f55ada362039dfedfca9e8e2db2f874d1dfcd,0,contract_or_token,etherscan_labels
0xf68d0d896cc3b6ea1872f80c143b9a4026caa77a,0,contract_or_token,etherscan_labels
0xc4de5cc1232f6493cc7bf7bcb12f905eb9742bd7,0,contract_or_token,etherscan_labels
0xd51e9d6e7d1187ae005cd7f0360374910a9f3069,0,contract_or_token,etherscan_labels
0xab41a769422399ed2f78858cf532a155b0abdd7e,0,contract_or_token,etherscan_labels
0xd523cc3760f9116d8b4d7bf65519a8553a39371d,0,contract_or_token,etherscan_labels
0x6ee0f7bb50a54ab5253da0667b0dc2ee526c30a8,0,exchange,etherscan_labels
0xb464544111cef99643407da47f86e9b96cf2b003,0,contract_or_token,etherscan_labels
0xa48e0729e3830dc868c658cac7b473d579d86d97,0,contract_or_token,etherscan_labels
0xbbfd9b37ec6ea1ca612ab4adef6d8c6ece1a4134,0,contract_or_token,etherscan_labels
0x6d5b48b2c21995dac3744cff08a3dcf0430d6311,1,scam_heist,etherscan_labels
0xbcd1c03ebc08dbdc34c44b66a3f2794d58f2c4f3,0,contract_or_token,etherscan_labels
0x7465a28b73b8aebad176a1566775da1eb74bd6eb,0,contract_or_token,etherscan_labels
0xb2c29e311916a346304f83aa44527092d5bd4f0f,0,contract_or_token,etherscan_labels
0x4d66839b42569b12002f18ec865f43f91ba5e2c3,0,contract_or_token,etherscan_labels
0x7758e507850da48cd47df1fb5f875c23e3340c50,0,exchange,etherscan_labels
0x58a5959a6c528c5d5e03f7b9e5102350e24005f1,0,contract_or_token,etherscan_labels
0xff3ed8706406569af95cab5a75efc438e46a5df7,1,scam_heist,etherscan_labels
0x09193888b3f38c82dedfda55259a82c0e7de875e,1,mixer,etherscan_labels
0x3c02eb9ea7e0ef7c80d13d4d83856c83b033ed6a,1,scam_heist,etherscan_labels
0x789f2a5ebbade9b7b5bbc2fa1bd1ebd489d69c3c,0,contract_or_token,etherscan_labels
0xd4e7a6e2d03e4e48dfc27dd3f46df1c176647e38,0,contract_or_token,etherscan_labels
0xf09ffa45b0c4ace58886fa68631dbeb6e58484bc,0,contract_or_token,etherscan_labels
0xd69b31e0a9bc24bcb370b5db693b958a1e62d913,0,contract_or_token,etherscan_labels
0x0a7058d46528eeffef1b92b27d234c40539a398b,1,scam_heist,etherscan_labels
0x28b3c86ec5341fdca5b2d07576212b5a410b88ce,0,contract_or_token,etherscan_labels
0xf2791fab5a53c0c0932a3624212d4e729ff2ff32,1,scam_heist,etherscan_labels
0x141c38b73c20e20f62821a2fc36e3a083d74ebcd,1,scam_heist,etherscan_labels
0xeb96dde2b9e544d21e3d64ef1d297b8b60f826f6,1,scam_heist,etherscan_labels
0xebe603e8a8ddc494369699c0efa8c2c49301c921,0,contract_or_token,etherscan_labels
0xcbfc115040becb50d2d0d95dd5e931e2defb6bbf,0,contract_or_token,etherscan_labels
0xca1a05c4cc957a1f7f2e1ea6da2dab1c271c93e4,0,contract_or_token,etherscan_labels
0xaf84f7d4061df1aafbbec39de7726d4f80beb652,1,scam_heist,etherscan_labels
0xb4f3b00d13d20409afd9488ab991d0b40e6a5219,0,contract_or_token,etherscan_labels
0x5e7ab0efc1bc2587ef9e24f9608f65a5359c37c5,1,scam_heist,etherscan_labels
0xe62240a57f0efbf549e278e8058f632af3ea5206,0,exchange,etherscan_labels
0xa054359eea248d3225c3fbfae89ee8580d86777f,1,scam_heist,etherscan_labels
0x77a76bc4ee798b541e9f1495ceef4d3ada9dee73,0,contract_or_token,etherscan_labels
0x1fc4e252c403e6b2a76447e938b51d81f43ab075,1,scam_heist,etherscan_labels
0x166cd86e770deca0b2de9a1987200c2eb3c368e6,0,contract_or_token,etherscan_labels
0x1022cf3213930b1ea9bedc4c0628630513633b61,0,contract_or_token,etherscan_labels
0xbe0511a7bfe956d63f4b0e49322057a88f27c09a,0,contract_or_token,etherscan_labels
0xa24787320ede4cc19d800bf87b41ab9539c4da9d,0,exchange,etherscan_labels
0x3bd8f51b08b0518d33c848d121286e14f52c5c70,0,contract_or_token,etherscan_labels
0xda142aafeb162d83c13db2b68b3d51c89a972901,0,contract_or_token,etherscan_labels
0x58c51a03e9f82cae6cb67986b2b88d0f2e9b12f2,1,scam_heist,etherscan_labels
0x92e0f5a5adb10d64c44ed652f1677dbe4468b971,0,contract_or_token,etherscan_labels
0x074682b399ce47cfe50ac48c21cd4be1ad76301a,0,contract_or_token,etherscan_labels
0x4ae7a9e5cd73bb3d886febcd3e33a60e9f354be3,0,contract_or_token,etherscan_labels
0xf63d29b67aabbafa772c51e29dc7a89d391cfa7e,1,scam_heist,etherscan_labels
0x8cf00a2a0044c7632bf1075694567ecb7d069d1e,0,contract_or_token,etherscan_labels
0xae5652ea226bfae00b8d542e58231362af836fda,0,exchange,etherscan_labels
0x10fd0adaf5de39ddd81165d770367fde8883157d,0,contract_or_token,etherscan_labels
0x31909abe5ca6185d3d10e028c1fe25d3e5c9e7c5,1,scam_heist,etherscan_labels
0x795dfbeb699655638af950ff64e064bcef0af6d1,1,scam_heist,etherscan_labels
0x821d6436587d01a0c3a04826d76695b13c355f4f,0,contract_or_token,etherscan_labels
0x11570ca75b1155da8d91f1ab56cb6a37de5244b4,0,contract_or_token,etherscan_labels
0x5ce7b89172c5a2889b22ab5f65eb21c9f5488bb5,1,scam_heist,etherscan_labels
0xf9732cb8e16fb95cf1387067736c1cf915974c00,0,contract_or_token,etherscan_labels
0x42cb55ad916db46574ce1a962beb9012ce5f2b34,0,contract_or_token,etherscan_labels
0x1e01123b8333205e9c254922c3365c7d94061ca0,0,contract_or_token,etherscan_labels
0xc549a5c701cb6e6cbc091007a80c089c49595468,0,contract_or_token,etherscan_labels
0x9dbe078cb4c73069aa155fbbd28ca197755be734,1,scam_heist,etherscan_labels
0x54b2a44808957514a4a5ceffe3e34bff5b21a4ca,0,contract_or_token,etherscan_labels
0x6d3713c10b9c8c70767d4add723aa9943a63b597,0,contract_or_token,etherscan_labels
0x9eae42aa7953cd44d1d4559139aa3e993ba670b7,0,contract_or_token,etherscan_labels
0xc45a95642bc59df699364237b80057eadc8d8a14,0,contract_or_token,etherscan_labels
0x51a50cde699b8c9b17005938aaa4f106b3f11b14,1,scam_heist,etherscan_labels
0xd618f2990f69e73ac48115e79c029705f41aa994,0,contract_or_token,etherscan_labels
0x2f846dbd8da39328f1b5a14ca75596d19cd94574,0,contract_or_token,etherscan_labels
0x46692225bd0c88f901b88fd279a1d59e69e23a3b,0,contract_or_token,etherscan_labels
0xe0814ea03cadef7caab9891f998de54733306c1f,0,contract_or_token,etherscan_labels
0xb02440100da7ae361972b9eaed47654e643eb932,1,scam_heist,etherscan_labels
0x837b32d1eca7e2aa12a8a0eb5005dee83ee2eed3,0,contract_or_token,etherscan_labels
0x4236cad967f018f4d87fd9c9aa0fb56e4f6fe9c2,1,scam_heist,etherscan_labels
0x5d3a3fc2af7e539d89c8640f420e7f0d3ffc1fe3,0,contract_or_token,etherscan_labels
0xf4db33341239b33664c2c523876c07b4748ec9a7,0,contract_or_token,etherscan_labels
0xd7ef1f156b13fb591aedef38a24a008f12e6db2d,0,contract_or_token,etherscan_labels
0x91dfa9d9e062a50d2f351bfba0d35a9604993dac,0,exchange,etherscan_labels
0x56bdd64b468f259689ea421e155ccb8f6facf799,0,contract_or_token,etherscan_labels
0x7e4ab7ae8e94d1da66f5e4d2ad5c709d4fec56d6,1,scam_heist,etherscan_labels
0xf12d17b953812f2cf7b5738020b840dada8f42b1,0,contract_or_token,etherscan_labels
0xa28eaf246f5b5259f82ad3a9cce0e99d9d2c7c91,0,contract_or_token,etherscan_labels
0x43e403ab4d1f9d0d6e61c44e9c389c6c5e7a8e29,1,scam_heist,etherscan_labels
0xf6a58f4c63acc4b901d93c9b849104e4e5c15a4a,0,contract_or_token,etherscan_labels
0x5ab0ec69f46a807c00ad6479e5427b6289b8ec89,0,contract_or_token,etherscan_labels
0x41bd1bc7e4220133fd5d8a002d76b38510ee18ea,1,scam_heist,etherscan_labels
0x55e635a477106937e5f728ccd3ae246a29ebec7f,0,contract_or_token,etherscan_labels
0x9ae1eb2ffb9fda31f6b83e3505bdc486e64ba69c,0,contract_or_token,etherscan_labels
0xac0ac9816f2a8c68c161e268ea5f5814e1b32292,0,contract_or_token,etherscan_labels
0x19ff8b28b085722adaa9407c8abec575324a345a,0,contract_or_token,etherscan_labels
0xf8a8c2b3c40faec7a92bcaa696c1b3f0a87ad353,0,contract_or_token,etherscan_labels
0x834fb8276b4e8a24010e2108fdd7f8417c8922bd,0,contract_or_token,etherscan_labels
0x157b1c8c3de55b87be545b3dbc9d17f06f0112f8,1,scam_heist,etherscan_labels
0xcfbee4cea2cee49afbcdfe5a7fdf13e5019ded97,0,contract_or_token,etherscan_labels
0x19ad4a5cc014ef70bc10f3cc2aa0288237425ad1,0,contract_or_token,etherscan_labels
0xf157108890130fb4648775ebac6e7235092802bd,0,contract_or_token,etherscan_labels
0xd099cb72b13bb3decff54c6c1207e391ae5c0da1,1,scam_heist,etherscan_labels
0x95a9bd206ae52c4ba8eecfc93d18eacdd41c88cc,0,exchange,etherscan_labels
0x9a8cf0509b06d271dc89681cf1aa2b19e19fc33a,0,contract_or_token,etherscan_labels
0x77d0ab174ebb453684ea7bdf371f72664d7a2148,0,contract_or_token,etherscan_labels
0x100e4d2a15cb7ff5aa10576adc957bba9ea53c61,0,contract_or_token,etherscan_labels
0xf45f0e16b5e096286e1fb463d34be9f3df5e3602,0,contract_or_token,etherscan_labels
0x52f3ab6d7c33b4643d347fead3844498b0f8227b,0,contract_or_token,etherscan_labels
0xb834c329673f752f0e79551ea78baff15adbbc0c,0,contract_or_token,etherscan_labels
0xaff9cc119221262517bb9b791313d79a21c70963,0,contract_or_token,etherscan_labels
0xdaeb43879d780b974a7af30628fb0e892cd859e5,0,contract_or_token,etherscan_labels
0xd2817e085d84f83e318a9aa05cf352b96ed28820,0,contract_or_token,etherscan_labels
0x6840aa223e97813ff1025924387abba37e2bb68e,0,contract_or_token,etherscan_labels
0x12ac83463ed1394d29ebd64ffb0418ac2a86c40d,0,contract_or_token,etherscan_labels
0xc98a55c0fd391996d2008fe4e2d8a37798e6f105,0,contract_or_token,etherscan_labels
0x75e66d062a2a8be5c99d71db11d72ab3b82ba8b3,0,contract_or_token,etherscan_labels
0xe27d9631e9ecee1fc90df38e702a974f8f06f984,1,scam_heist,etherscan_labels
0xf14467807e54cd11e0553fcab89245d02e87e739,0,contract_or_token,etherscan_labels
0x66b37b6553d0d087d013416f87e5980fface5a21,0,contract_or_token,etherscan_labels
0x294de1cde8b04bf6d25f98f1d547052f8080a177,0,contract_or_token,etherscan_labels
0x0376eed8121c00837f0f3768f2c8284ae5e12334,0,contract_or_token,etherscan_labels
0x2e3a13e1d4c78bdf1904ada6dbb0d1a2987f1440,1,scam_heist,etherscan_labels
0x6f1244b76a078f1a85396c3380bcfdf3db450062,0,contract_or_token,etherscan_labels
0xa58f22e0766b3764376c92915ba545d583c19dbc,0,contract_or_token,etherscan_labels
0xb2bd4e9ab9d46bbbd1845c4db13cb2820bcd7918,0,contract_or_token,etherscan_labels
0x3003ba4f03d823fef98e5887bdb292a80d7ba3e3,0,contract_or_token,etherscan_labels
0x2980bfad83d889617cc9a019d1c9a18dd5722504,0,contract_or_token,etherscan_labels
0xd51cdcdfd2a75c9b163d73abe94984ef1eadfbd7,0,contract_or_token,etherscan_labels
0x38a85447ab8123a2b1c7f2d564d100cbf50051eb,0,contract_or_token,etherscan_labels
0x4a4d78ddf927574d7e6f8304f4cc3f70a043f2d0,0,contract_or_token,etherscan_labels
0xd34638f930e39703981f0daff4713e2fc8b10ff0,0,contract_or_token,etherscan_labels
0x70c16d26b881845986e766feb4139bc665d260b1,0,contract_or_token,etherscan_labels
0x161637196983969fffe6c5b666bbc1d02e0c5862,0,contract_or_token,etherscan_labels
0x9e8f8c21a19718fe100d26f10ee930c8978d000d,0,contract_or_token,etherscan_labels
0x8050b6a166871a70251834b1c87c82ecd341bd8b,0,contract_or_token,etherscan_labels
0x7078a51eef1c0c1461385a34c4fe6b938980534a,1,scam_heist,etherscan_labels
0x72d7e0266f51584aa5be706a90b610895f0e5e6b,0,contract_or_token,etherscan_labels
0x1b2b89f83163411265289b4efad2659ce9e9dc15,1,scam_heist,etherscan_labels
0x5ab64c599fcc59f0f2726a300b03166a395578da,0,contract_or_token,etherscan_labels
0x4c389203268bab6126daf857659f2bb6eeebe25d,0,contract_or_token,etherscan_labels
0x4c11dfd35a4fe079b41d5d9729ed34c00d487712,0,contract_or_token,etherscan_labels
0x7486dee27a5bb1b6ba23088f54f3073627e5a669,0,contract_or_token,etherscan_labels
0x7f75e895b3834707a24404a4b4d581e39b964597,0,contract_or_token,etherscan_labels
0xce5114d7fa8361f0c088ee26fa3a5446c4a1f50b,0,exchange,etherscan_labels
0x49497a4d914ae91d34ce80030fe620687bf333fd,0,contract_or_token,etherscan_labels
0xcefa5ab45049ed60102225b265fb06fce1ec5c31,1,scam_heist,etherscan_labels
0x3904e485745febe2a56ed6ca2138390efc886319,0,contract_or_token,etherscan_labels
0x0d1d74535bcabda2da2cff5a53c2b899901d423b,1,scam_heist,etherscan_labels
0x5654d65578cda52791879751141f2f3d7dc27fe4,0,contract_or_token,etherscan_labels
0x9c2923c5b68bb4de837696671df2933e5edd0b2f,0,contract_or_token,etherscan_labels
0x3e6b868657fe6e6f074105c1d25c2e3c76bb7320,0,contract_or_token,etherscan_labels
0xa7e5d5a720f06526557c513402f2e6b5fa20b008,1,sanctioned,ofac_sdn
0x2210dc066aacb03c9676c4f1b36084af14ccd02e,1,scam_heist,etherscan_labels
0x9902be7fa04066e49738a2a112a9c22a7dce489d,0,contract_or_token,etherscan_labels
0xfab0e4a4b41091d6797f5e7381ff6a0e7b80557c,1,scam_heist,etherscan_labels
0x75ff3dd673ef9fc459a52e1054db5df2a1101212,0,contract_or_token,etherscan_labels
0x934929f34c7b7611abc1aeca15769da3ca47a097,0,contract_or_token,etherscan_labels
0x2ef2cb6af83de4171a69ee2f7c677079ffd9bcd0,0,contract_or_token,etherscan_labels
0x9a2181cf0bc57fc0177517db21d457bdd1b2b32e,0,contract_or_token,etherscan_labels
0x9221f9c25360edc643af122d09b838c1ab767298,0,random_sample,bigquery_random_sample
0xe54b10e5a3b715235851adee8fe5c885fbc747d0,0,contract_or_token,etherscan_labels
0x9f30738d31175539d901dd8965ec39f9c38ea62a,1,scam_heist,etherscan_labels
0x3d9d9b918b05a6fe6e62f82e25769ed54033188f,0,contract_or_token,etherscan_labels
0xfa52274dd61e1643d2205169732f29114bc240b3,0,exchange,etherscan_labels
0x3d8ad57ad849fe9a4b0215701343852051dda913,1,scam_heist,etherscan_labels
0x41d754b6d4dc70b08bde9cc7d13723a01ed3284e,0,contract_or_token,etherscan_labels
0x59dfddefba72c67bd96c0de6ec943fa2758651c5,1,scam_heist,etherscan_labels
0xddbe089b6dd45752a68f849eb613390deefab56a,1,scam_heist,etherscan_labels
0x81dfa0b3cf2601012075ef2619afb9d4ed4da762,0,contract_or_token,etherscan_labels
0x25f94c67df67fc25b4ce5b0a01063ce18f6a100a,0,contract_or_token,etherscan_labels
0xe1be2a3a42c216a3fe099c613127f2bbd413d6af,0,contract_or_token,etherscan_labels
0xe8ea65f8b53c4ba348d3d276ba635aa5adafeaad,0,contract_or_token,etherscan_labels
0xa751a143f8fe0a108800bfb915585e4255c2fe80,0,contract_or_token,etherscan_labels
0x6856166a7a273b4a1c04d369c3123ae7da7c36ed,1,scam_heist,etherscan_labels
0x6ca8c49ddc74a070fa02daebd067dab8b7828d86,0,contract_or_token,etherscan_labels
0x305a9a2f97bf1beaa479d27b2e0899acd7f26bf7,0,contract_or_token,etherscan_labels
0x2d2cf55a625008a74da2d04b5ff8650d640f5ff7,0,contract_or_token,etherscan_labels
0x55c8de1ac17c1a937293416c9bce5789cbbf61d1,0,contract_or_token,etherscan_labels
0xc2f74b85b7fb2b254afb68826737462ede1fa89f,0,contract_or_token,etherscan_labels
0xd89350284c7732163765b23338f2ff27449e0bf5,0,exchange,etherscan_labels
0x413d6c5e9fd5360b1ca8f24799498b499d61ed6c,0,contract_or_token,etherscan_labels
0x67f88132515f3bb108b6220c75a8d43f6c849429,1,scam_heist,etherscan_labels
0xbdd95683c4d6ffb7a79a1af867befe69d7d5dfdf,0,contract_or_token,etherscan_labels
0xd4a634cce11bdf1202869c6440add3980b213bd5,0,contract_or_token,etherscan_labels
0x01a762639ed27cf925f3f9b08afd7c537b1d4d81,1,scam_heist,etherscan_labels
0x33e34e4a9e6718429daf793feaa63ccc8ce1fad1,1,scam_heist,etherscan_labels
0xb8bf71110a84f10f1256f6190082fdac4fb76272,1,scam_heist,etherscan_labels
0x39af4acedb8bd09e8c0932e2fd1f188874eb27c0,1,scam_heist,etherscan_labels
0xf320326d297f2d32d86bda38ace6585b0fb76e15,0,contract_or_token,etherscan_labels
0x26641b7042643597b01515e0bc4bb3ec1c70ed8f,1,scam_heist,etherscan_labels
0x7ff9b3d39ba655128985266b9037428396cd1065,0,contract_or_token,etherscan_labels
0x98a48026355cffaacf1dade7928442aa856a5e63,0,contract_or_token,etherscan_labels
0xa22668568becf98c08f9b190da43c3c48660bdb5,1,scam_heist,etherscan_labels
0x77192b81be1aa6d6f35939695ed3790197c180c0,0,random_sample,bigquery_random_sample
0x0bdc8dcf00a0a336235886ab654a35292888b6a0,0,contract_or_token,etherscan_labels
0xc4a36ecf9687447a55d625b78ad636b6a3a7d270,0,contract_or_token,etherscan_labels
0x4f15e8743a4dc5592420483f88240bdfef22eebd,0,contract_or_token,etherscan_labels
0x0e5c18fac4a0562b98a5bcfec5855e89210e258a,0,contract_or_token,etherscan_labels
0x735ef30971db69e8196d3ae1c9efeee9afca594e,0,contract_or_token,etherscan_labels
0xe3a6e2547673f535a76487614e702c4c80cc0280,0,contract_or_token,etherscan_labels
0x3e7356c713a9043d0efac4d9b4e2d993d2e62a79,0,contract_or_token,etherscan_labels
0x5bb622ba7b2f09bf23f1a9b509cd210a818c53d7,0,contract_or_token,etherscan_labels
0x054b86394991c9f8a0d1f8c3de3c5850d6e333f5,0,contract_or_token,etherscan_labels
0x904ef7e25add709f68585be71fe82d6b08da8b4a,1,scam_heist,etherscan_labels
0x13cd285a7209901f48978b690f1082b25396912b,0,contract_or_token,etherscan_labels
0x060c603d9243e5152c406ee4eb603e4e9e47a11f,0,contract_or_token,etherscan_labels
0x69b39b89f9274a16e8a19b78e5eb47a4d91dac9e,0,contract_or_token,etherscan_labels
0x13b1c344d540fa4a19573377dc3daa090c68e212,1,scam_heist,etherscan_labels
0x456a6019e548700f3ebd7d2afa5e2cca44e7c3c8,0,contract_or_token,etherscan_labels
0x31503dcb60119a812fee820bb7042752019f2355,0,contract_or_token,etherscan_labels
0x4501042eb39ae9185919f94533df5324d8232be5,0,contract_or_token,etherscan_labels
0x7c2e54da0571367e5d6146e13b44749ef757112b,0,random_sample,bigquery_random_sample
0x5ebfbd5af6a1c34179cb99ccabb5d40a7c84655f,0,contract_or_token,etherscan_labels
0xb880b1d249210bc0db2510af09a7ea598add0b0a,0,contract_or_token,etherscan_labels
0x71e084ab76a113727cdb1d10b0e9b1041a51ed07,1,scam_heist,etherscan_labels
0xc198a8765a55648bb39ef0179b88c5606a3d0b23,0,contract_or_token,etherscan_labels
0x4e363b56c01f47a20c6879cc4909b18847f92446,0,contract_or_token,etherscan_labels
0x9094040828a20e9e60d1d635ea9ad4aa1b04c28b,0,contract_or_token,etherscan_labels
0xc77949db292f808bcb9752dd237f477b3695e256,1,scam_heist,etherscan_labels
0x75a4231125b808d19bff0abeaf605e86069592ed,0,contract_or_token,etherscan_labels
0x65551e87dbd9ef8312f2f26d5e2df8f948b0088c,0,contract_or_token,etherscan_labels
0x7839254cff8aafbdc2da66fe709eb8f17ce09fe5,0,contract_or_token,etherscan_labels
0xc8782bd1604ab96712818f1f55e11df0e80a0873,0,contract_or_token,etherscan_labels
0x4c51a3225853cc9ee04190f54d1b25a24bb6eb71,0,contract_or_token,etherscan_labels
0x590c656293452d3c37e586e595ee7849253f5f92,0,contract_or_token,etherscan_labels
0x5067df43ebd20dab9a38875670c374853c766492,1,scam_heist,etherscan_labels
0xc67e657bbb01726ec7cb222849918448b8187e36,1,scam_heist,etherscan_labels
0x48be0dce301d2583607fe99fb1302c6bdecdfda4,1,scam_heist,etherscan_labels
0x4b08fa84fd6ca852abead62c654a2bff1b781e3a,1,scam_heist,etherscan_labels
0x1bf4937af0698d9d37fa691e0193892a258551c9,0,contract_or_token,etherscan_labels
0x70de15ccae66882dfa8e35a0ad2fc22c4dea1dc7,0,contract_or_token,etherscan_labels
0xbdd080145f914e324510832212c79fe161a6de00,1,scam_heist,etherscan_labels
0xe1d4e06999efaebcc41fa5d5c703da57d9f0fa4f,0,contract_or_token,etherscan_labels
0x741fbff1841f2041d72543403887154e69ffb06c,1,scam_heist,etherscan_labels
0xe28b3b32b6c345a34ff64674606124dd5aceca30,0,contract_or_token,etherscan_labels
0xdb394b854a103564fb320870c9dd53f6c279ca40,0,contract_or_token,etherscan_labels
0xf057d1372a4fd0b97eaa58c689e7449f75557054,0,contract_or_token,etherscan_labels
0x647c7ef5eba9ba3f508e46239e757d5443b6e337,1,scam_heist,etherscan_labels
0x87619715b9e5beee8f2cb1d33387ea6fc6b2ce34,0,contract_or_token,etherscan_labels
0xe9a2c7a19e47bac855fad9c3147ffe95aea8c4c4,0,contract_or_token,etherscan_labels
0x356417dcf0b7b6e22156ba9c53e238bc6cc4492b,0,exchange,etherscan_labels
0x72b4178fee6d4064a7867efaee365138fdb3d839,0,random_sample,bigquery_random_sample
0xb8c6c019d83a989d5eef53774aba677401bcb23e,0,contract_or_token,etherscan_labels
0x946ea588417ffa565976efda354d82c01719a2ea,0,contract_or_token,etherscan_labels
0x653e7e6eac27be9c6b3e6567bf0d24369ec780e4,1,scam_heist,etherscan_labels
0xb2238181f08fa8447c8319ce8294b113ccef22bd,0,contract_or_token,etherscan_labels
0x0b1ed1d00197ce84f0c86003ec4c7f2f06538abc,0,contract_or_token,etherscan_labels
0x6ab485eada6b1c10da6320e4d96b515c29f8d282,0,contract_or_token,etherscan_labels
0xe9f7ecae3a53d2a67105292894676b00d1fab785,0,exchange,etherscan_labels
0x8718fd9ca06b79a8099a4b14c1ef611d99c782ba,0,contract_or_token,etherscan_labels
0x99fc1f86aa9e95cbe4a5c8f1f80c557b6babc969,1,scam_heist,etherscan_labels
0x750d711277fd27d1ec5256f13f5110e097713a95,0,contract_or_token,etherscan_labels
0x16fe6e64447051b1eb68d6408f041ac22f6fd563,0,exchange,etherscan_labels
0x90931de9d58058fc437c9fd1c1c1fda0645d1051,0,contract_or_token,etherscan_labels
0x0388c96bbd7c7a9cb128386c90987af526db85d7,1,scam_heist,etherscan_labels
0x51c1dc85f57fdaf591606e2adcc34adc96b04006,0,contract_or_token,etherscan_labels
0x4ce18bbe09af25b4a88a4a9cd7c68e44248956f5,0,contract_or_token,etherscan_labels
0x4a73d94683f2c9c2aaf32ccd5723f3e243d6a654,0,contract_or_token,etherscan_labels
0xcc13fc627effd6e35d2d2706ea3c4d7396c610ea,0,contract_or_token,etherscan_labels
0xd3df5bce12bc0789add17a823d723ed8e499d538,1,scam_heist,etherscan_labels
0xe9537dfe7b9316063969664b5fe6babe1ab6ac5a,1,scam_heist,etherscan_labels
0x2db35527a753850b4396367a03fa834d13a32f10,1,scam_heist,etherscan_labels
0x96d99093f22719dd06fb8db8e93779979a2acab3,0,contract_or_token,etherscan_labels
0x30fcf7c6cdfc46ec237783d94fc78553e79d4e9c,0,contract_or_token,etherscan_labels
0x3e47520b419165c53bb26dee8a6c02e60f9320b1,0,contract_or_token,etherscan_labels
0x0c765c59908e6a2245232cf715a0e02c7c73889b,1,scam_heist,etherscan_labels
0x9b0db114413441478ee478186ee0b060318a3c53,0,contract_or_token,etherscan_labels
0x43bb6cda17e20e2188c362ab8802497913b965cb,0,contract_or_token,etherscan_labels
0x178509d5ff75a357fabb4479d2b33e4fafe5212a,0,contract_or_token,etherscan_labels
0x234272be7c831c52fe5791ee93e61f0913c0265b,0,contract_or_token,etherscan_labels
0xbda32dd67e43b0b23b78fb95374e9c7b34928506,1,scam_heist,etherscan_labels
0x6b3db695d5a79742f5daf96fec7aff39db28bc84,0,contract_or_token,etherscan_labels
0x82cf6dbe9a536d29db836fac49222bb064c441f8,1,scam_heist,etherscan_labels
0xa95892aa90bd92c833db83accbd7ffc17c54592c,0,contract_or_token,etherscan_labels
0xbe05f53ce87d2c26bc335fb3ddf7a82f3880a8df,0,contract_or_token,etherscan_labels
0xd4d8583fdb310107dc6f936db23b2d0142139ab8,0,contract_or_token,etherscan_labels
0x736f900f864b0e0cfed13820fc4816f9d6f7e592,0,contract_or_token,etherscan_labels
0xeee28d484628d41a82d01e21d12e2e78d69920da,0,exchange,etherscan_labels
0x2cc42d1cd65af27cc999e41ef93d1a763dc821f8,0,exchange,etherscan_labels
0x5ccd155ad26b74913ed6266a516a085a2343d426,0,contract_or_token,etherscan_labels
0xe85c43477b602f363bebce6bf478480ac1002810,0,contract_or_token,etherscan_labels
0x3343d59f4a10daed61a56a2ef4c08a2aeca34d98,0,contract_or_token,etherscan_labels
0x281d683ab9d0343823e9e587428d32c6b7b81b30,0,contract_or_token,etherscan_labels
0x79530caa46b1bb1cdd1b19e418af4d7347c5fcdf,0,exchange,etherscan_labels
0x42363bcfd3c55f4bbf01f3bcffb6900dff1c8ca8,0,contract_or_token,etherscan_labels
0x4a5f070d1ceb0a45494bdc7a6632d5b63647706e,0,contract_or_token,etherscan_labels
0x10a39605ae49bf6bee84dcd09551e3ede7401b63,0,contract_or_token,etherscan_labels
0x132eeb05d5cb6829bd34f552cde0b6b708ef5014,0,contract_or_token,etherscan_labels
0xf502596a088c936d47cf73907ecafbcf0f1745b9,0,contract_or_token,etherscan_labels
0x94b86ca6f7a495930fe7f552eb9e4cbb5ef2b736,0,contract_or_token,etherscan_labels
0xe6e04fa052d4c934fbfbda5103bbe3db04f0da37,0,contract_or_token,etherscan_labels
0xf6b9dfe6bc42ed2eab44d6b829017f7b78b29f88,0,contract_or_token,etherscan_labels
0x3b85e9bed3fe90aa98da4053b6d092957105373f,0,contract_or_token,etherscan_labels
0x53813285cc60b13fcd2105c6472a47af01f8ac84,0,contract_or_token,etherscan_labels
0xa465111415f907a5ab4023aa2243d4c6552caf5c,1,scam_heist,etherscan_labels
0xf08cedfd9ec7db6cf2ed27ed6e5c5757da5ab8bb,1,scam_heist,etherscan_labels
0xfad8a756a3602a98985c8aeff10291fae53a27fe,1,scam_heist,etherscan_labels
0xb53acbbe6db0f80f9dab5b9dc9e95e2e2393f000,0,contract_or_token,etherscan_labels
0x867cb9c2df8d3120657e69884b8b8486fb394e47,1,scam_heist,etherscan_labels
0xfb74d4fe5e127f545b89e4d21211185a55a1379f,0,contract_or_token,etherscan_labels
0x1cbf3f656929202442a44774643356e3ef1c799c,0,contract_or_token,etherscan_labels
0xc3bdbafb091d5c9cd98da2bfc712653ea8389919,0,contract_or_token,etherscan_labels
0xceb071ca80a6e78b4b2e33e062a56a93d8669e41,1,scam_heist,etherscan_labels
0x77708390c18ae557cf353c92175b263a292e3444,0,contract_or_token,etherscan_labels
0x91d65a54fbfb4f4eb4838806db2685304a0765ec,0,contract_or_token,etherscan_labels
0xe9dc63083c464d6edccff23444ff3cfc6886f6fb,0,contract_or_token,etherscan_labels
0x46d36d147dac32ad9274a4f9250d73cd682541c3,0,contract_or_token,etherscan_labels
0x59686e01aa841f622a43688153062c2f24f8fded,0,contract_or_token,etherscan_labels
0x5a14e72060c11313e38738009254a90968f58f51,1,sanctioned,ofac_sdn
0xba6d6168569557c436996e2e7c66e449ca9ae9e9,1,scam_heist,etherscan_labels
0xaf6bcdd21a28f9112cf4da7b548c1f30895af1b6,0,contract_or_token,etherscan_labels
0x559ebe4e206e6b4d50e9bd3008cda7ce640c52cb,0,contract_or_token,etherscan_labels
0xf78334d299092ae1a4d1a6f6ed766298db81f770,1,scam_heist,etherscan_labels
0x55f48296bb6b87b2f312da5d65330b3c1c2f2af1,0,contract_or_token,etherscan_labels
0x60626db611a9957c1ae4ac5b7ede69e24a3b76c5,0,contract_or_token,etherscan_labels
0xdbe06999a11f6bae2fb1f77bb83ec8a1676595e2,0,contract_or_token,etherscan_labels
0x13b9188a4c17bd076f929fc714ac43aafddc6e94,0,contract_or_token,etherscan_labels
0x47fc00ac4115249f3b17ed6f5ba0d536cdc82370,0,contract_or_token,etherscan_labels
0x274847c931a12b4caaaf917a3181eb0a06d1ae0e,1,scam_heist,etherscan_labels
0x372e93b1e3f0e0e513da26ca6bf4262066e2eb60,0,contract_or_token,etherscan_labels
0x2617eb71ae6932009ec915bf032ddc66d55755fc,0,contract_or_token,etherscan_labels
0x0d0d65e7a7db277d3e0f5e1676325e75f3340455,0,contract_or_token,etherscan_labels
0x5c9a9e460728e955a478c0213a4e80fe0bfe0c87,0,contract_or_token,etherscan_labels
0x2ab49fb3314d122f0dc35a161ee5c509af167e81,1,scam_heist,etherscan_labels
0x5a41b9e9f234a55be28286d9efe567c1e03b9c71,1,scam_heist,etherscan_labels
0x98ccd741ece186368021289ce80ce221fd46aa3a,0,contract_or_token,etherscan_labels
0x4674672bcddda2ea5300f5207e1158185c944bc0,0,exchange,etherscan_labels
0xfdb16996831753d5331ff813c29a93c76834a0ad,0,exchange,etherscan_labels
0x8ca1b17c69fe04bf31036219d75ad1bab29f88f3,0,contract_or_token,etherscan_labels
0x5f65f7b609678448494de4c87521cdf6cef1e932,0,exchange,etherscan_labels
0xe725fd658d9bde5b13a006810b8e9851fff4e760,0,contract_or_token,etherscan_labels
0x80f5c555071bb2dd29ce38f034532b5552559521,1,scam_heist,etherscan_labels
0xcae9c38538a9eaf8d872f585ac1b81587b2bac21,1,scam_heist,etherscan_labels
0x32e58611657eb6019576cba201e9190562e40699,0,random_sample,bigquery_random_sample
0xe2089b1e01363575aca97fd29a2453c4aace6a32,1,scam_heist,etherscan_labels
0x414182064434ee0ca5eb1c2bee0f11619564e8fb,1,scam_heist,etherscan_labels
0x7134263ef1e6a04f1a49aa03f8b939b97dbcba62,0,contract_or_token,etherscan_labels
0x4b3c27ac7e7caa74c211ea03001f39d04bcff5a3,0,contract_or_token,etherscan_labels
0xd211a02a0adde56bb7f9700f49d4ba832adc7ddf,1,scam_heist,etherscan_labels
0x495f8ef80e13e9e1e77d60d2f384bb49694823ef,0,contract_or_token,etherscan_labels
0x7dfd35a3d2ae2035aa0e7b6adbe7014b8e9ff839,0,contract_or_token,etherscan_labels
0x689adddb1b4e80efabbf2e099ef782938a59a343,0,contract_or_token,etherscan_labels
0x0cf1f359b78d18b2923e4f0f11475172125f229f,0,contract_or_token,etherscan_labels
0xd3d14de568990854705c40221f75efbad8c0c981,0,contract_or_token,etherscan_labels
0x57aae706afbddd9b481943a9251e04557c0cb37c,0,contract_or_token,etherscan_labels
0xaaa117d04aaf533701c9e40cd52113706d95d420,0,contract_or_token,etherscan_labels
0x5fce086984cbfe7ba2920914d0b97c5d55ce21c9,1,scam_heist,etherscan_labels
0x7d0ef3c6ac777815cb2e3bb5f21dfc1c935e760f,0,contract_or_token,etherscan_labels
0x1509471affaa52dc232e7a7554ca26061888234c,0,contract_or_token,etherscan_labels
0x59448fe20378357f206880c58068f095ae63d5a5,0,exchange,etherscan_labels
0xc30844de438a87e5a5811170c8701bd3aa632b2c,1,scam_heist,etherscan_labels
0xd5c5e3ca5f162165a6eff096156ec70f77f3a491,0,contract_or_token,etherscan_labels
0x7c9ba7c47314c9129e66403d93012445ec5f4a33,0,contract_or_token,etherscan_labels
0xbcbb5b54fa51e7b7dc920340043b203447842a6b,0,contract_or_token,etherscan_labels
0x7461a3d5643e943bc8f8969d2abafd8e60dd4b23,0,contract_or_token,etherscan_labels
0x0b2f06729d9ea7fb8c3f9986e336af4ae3f92bd3,0,contract_or_token,etherscan_labels
0x4ca15053f68ac981b78de80a27e543b653b6915f,1,scam_heist,etherscan_labels
0x6a0ad455a6a6b809e8e177d094bab1f04ae36497,0,contract_or_token,etherscan_labels
0x0481d726c3d25250a8963221945ed93b8a5315a9,0,contract_or_token,etherscan_labels
0xa316caf146a853f8af39477f8bef800633936f44,1,scam_heist,etherscan_labels
0x1d60c9d70738010fc27a56cc9d775f623d155513,0,contract_or_token,etherscan_labels
0xfe66a06310d805ce363fa67194807df74f5b0c18,0,contract_or_token,etherscan_labels
0x2dd60ccd2dcb0652e600af5ca8682c579cc357c7,1,scam_heist,etherscan_labels
0xb7406516ed511fd164c962f9cc08f5dc73325742,0,contract_or_token,etherscan_labels
0xac6996a06c75044824872f69f31c2f39987ec495,0,contract_or_token,etherscan_labels
0x293c48a2ddb54c5aa7270bffb4b8273696dd2b03,0,random_sample,bigquery_random_sample
0x87c2e2e6b5ebc3b7c446248d7d150b657f831559,0,contract_or_token,etherscan_labels
0x7287e0aa8c10d73dfc1ede982d24423214a4c054,0,contract_or_token,etherscan_labels
0xf90fcb821bf4e1a46dc8407af12a3d1742ea9dc2,0,contract_or_token,etherscan_labels
0x85631e127d8e9344471531879c21a50f17363cc4,1,scam_heist,etherscan_labels
0x48f04fabe6f96dfc8b9dbde7a82b0aa53ff05dd5,1,scam_heist,etherscan_labels
0x645c8d7bc67b6c1e17d1dca6621972ce50f3b373,1,scam_heist,etherscan_labels
0x6d74eb17986ffd8cce421a965e696f1128958170,0,contract_or_token,etherscan_labels
0x9a62448d05bc4404402fc7f2f2cb16d32a503c5c,0,contract_or_token,etherscan_labels
0x53ed14ed75d71263427c8dc991528efd1944aae0,1,scam_heist,etherscan_labels
0x64a804cb2940236fa8a2507afc66189c6782d59f,0,contract_or_token,etherscan_labels
0xbaefce218c8f686be26f1b263259a5e23bf4ac6d,0,contract_or_token,etherscan_labels
0x04d405a524c2c3c47ca9df59815ccb20febe36bc,1,scam_heist,etherscan_labels
0xcd39f36e3fe3a1719ba3a22a4d1e6a0c786a8bf7,1,scam_heist,etherscan_labels
0xb7db3668df69542b145459faa4b8e09ab199f55c,0,contract_or_token,etherscan_labels
0xdc512e2f34b933f634d8d379144e1f1bb2241009,0,contract_or_token,etherscan_labels
0xfa98226f05b1db1a454d0d4b0dd2efebb80e74d2,0,contract_or_token,etherscan_labels
0x5508c27321aba85f1af73a2153f4a16c8616fea4,0,contract_or_token,etherscan_labels
0xd3f6b67c243a9d421d2b48b2fa917a489a13b064,1,scam_heist,etherscan_labels
0x0834361abd763fc6bcff543b03aaf25eb0f14e43,1,scam_heist,etherscan_labels
0xd742f773c69eb8bc3be9eb8452aab0565d80e746,1,scam_heist,etherscan_labels
0xf727fc12f07f510df7f5169f5dc4ca91b9a05753,0,contract_or_token,etherscan_labels
0xc90d7222d4fc2e0563f7312de3fe4332cd251954,0,random_sample,bigquery_random_sample
0x64aae17164aa665c50fbfe6176b50f33afae1c3d,0,contract_or_token,etherscan_labels
0x36399db5c96c5e769ad0c86e18a40628f7a6a323,0,contract_or_token,etherscan_labels
0x5abb5be530df747271a1744496da7be640a7ccb7,1,scam_heist,etherscan_labels
0x481ddaf90c59d91f3e480e6793122e62612ca5a9,0,contract_or_token,etherscan_labels
0x04c79ea4498f400b713e4fa2966694e9172eab9e,0,contract_or_token,etherscan_labels
0x7e4fffd753ff9e21cb58d282c68c1ae717e9cdfb,0,contract_or_token,etherscan_labels
0x418aaab462ec11a02bc492dd68b90f8ef5316d77,0,contract_or_token,etherscan_labels
0x0267bd35789a5ce247fff6cb1d597597e003cc43,0,contract_or_token,etherscan_labels
0xccdf95dcb75b049c1dab6aa501b816c6e7b1961a,1,scam_heist,etherscan_labels
0xabdb421668508fad43f96fe63208995ebabc26d2,1,scam_heist,etherscan_labels
0x15c5312e24482547ff35899afedcaeb572ecb029,0,exchange,etherscan_labels
0x246feae624410673551f462599ce0aca631afc7c,1,scam_heist,etherscan_labels
0x942e6825b62535d8524005c07c211b6db10e9f0d,1,scam_heist,etherscan_labels
0xa2e3356610840701bdf5611a53974510ae27e2e1,0,exchange,etherscan_labels
0x880479df2855d1e748cae2d90b7ecc9422eca8f2,0,contract_or_token,etherscan_labels
0x40c78299dd82fb8fa5473fcffff95203464757f9,0,contract_or_token,etherscan_labels
0x694eabf0c4189cdd56e0bb2768f91b9c55dd69ed,1,scam_heist,etherscan_labels
0x4c2f150fc90fed3d8281114c2349f1906cde5346,0,exchange,etherscan_labels
0xd63f9a25c2c88961566062ece8626dc4dcf4d83e,0,contract_or_token,etherscan_labels
0x80c9fd87e9edcdfd056cee6112dbbca4c162e607,1,scam_heist,etherscan_labels
0x249ca82617ec3dfb2589c4c17ab7ec9765350a18,0,contract_or_token,etherscan_labels
0xd54a895623552853f8d673981cc32eb8f3929dfb,0,contract_or_token,etherscan_labels
0xf3ad3821a0036fd9caec0a4cf5d31515fad03f00,0,contract_or_token,etherscan_labels
0x2e1e15c44ffe4df6a0cb7371cd00d5028e571d14,0,contract_or_token,etherscan_labels
0x3c0ccc121dfd31a3b420bc76eefbef7493630f92,0,contract_or_token,etherscan_labels
0x284a9e0f4f7869b3294d1931b9845740a8607586,1,scam_heist,etherscan_labels
0x05e4072151cb06ed757406f41c064ba696573898,1,scam_heist,etherscan_labels
0x694dc1d7fc89021906cfd6b570ded69b5b799c33,0,contract_or_token,etherscan_labels
0xcf11285b38257f2da23d32fe839f5b3935da7383,1,scam_heist,etherscan_labels
0xc30a3cf908bbcbf44f3645592a841ed2694f91c0,0,contract_or_token,etherscan_labels
0x46b836fca90d769ac60130797a1823e10e4b8ad8,1,scam_heist,etherscan_labels
0xc888a0ab4831a29e6ca432babf52e353d23db3c2,0,contract_or_token,etherscan_labels
0x87f04e5fc195b5dd6ab181fa52b55dbffb15a92c,0,contract_or_token,etherscan_labels
0xa24167618b9b26b6cdcfdb4ea451110670bdda68,1,scam_heist,etherscan_labels
0x5ea2544551448cf6dcc1d853addd663d480fd8d3,0,exchange,etherscan_labels
0x972f685375bc18bde8ecb82ba759df8265263c36,0,contract_or_token,etherscan_labels
0x3528d0e11f3cab512da90769884f260df4b27e00,0,contract_or_token,etherscan_labels
0xa5c2584e54864e5b5a4d468ee0a3172abd93a08d,0,contract_or_token,etherscan_labels
0x285f2e1495c9c9f883b36331ee54bb1d7d0542c5,0,contract_or_token,etherscan_labels
0xdf1a1b60f2d438842916c0adc43748768353ec25,0,contract_or_token,etherscan_labels
0xf787db26672d7f0366e5be55b591226501e02dbc,0,contract_or_token,etherscan_labels
0xb34978a03e9ef097a80211e11bc951c13c989990,1,scam_heist,etherscan_labels
0xe7fb823ae52982d6aa26f95434ad912110c67247,1,scam_heist,etherscan_labels
0xa93ba67b2f5009274ead2322a11183ebdd9f3421,0,contract_or_token,etherscan_labels
0x0147aa227d91fda4b349c68cf178bd99548d6aa6,1,scam_heist,etherscan_labels
0xf0f8b1ce9d95dfbe82f8310d48dcae71d79f9519,0,contract_or_token,etherscan_labels
0x460c3d6a28a052d9aed7fe9b3d6c0bdc2096112d,0,contract_or_token,etherscan_labels
0x42e2d2836f80b3862595396bf42a29ba81884186,0,contract_or_token,etherscan_labels
0xcd7a2b621e297a6a466f2de472462c296a4ef258,0,contract_or_token,etherscan_labels
0x636d54009a31725ae780df69429fc705fcd69bfb,0,contract_or_token,etherscan_labels
0x4bb3382c2b429cf5ff72bc26304bd4f60df5fdee,0,contract_or_token,etherscan_labels
0x5b55b90b7ccae8252a262527164dcc6779f9f2e0,0,contract_or_token,etherscan_labels
0x9c32798313ec02029bf105c84ce7a0293ad05a2c,0,contract_or_token,etherscan_labels
0x5e395b6908a1a02c55c891ee968efc4c20c37efb,1,scam_heist,etherscan_labels
0x1365707157a1ec841064a18d2a1771c677df9a1c,0,contract_or_token,etherscan_labels
0xb5b558f9f2f1b63b57a72efac6c02ed3fb994f8c,0,contract_or_token,etherscan_labels
0x2eefe2d42ccecd9980349c2189ddbfa9a47935af,0,contract_or_token,etherscan_labels
0x835e2dc4e0b30703fd27d1ab9fa2cc7c6652562f,0,contract_or_token,etherscan_labels
0x07a4ed4e05c0846399ba18552820c92ed2b7f253,0,contract_or_token,etherscan_labels
0x61f16a989eb552ff03d451807d0389466d415d94,0,contract_or_token,etherscan_labels
0xce3c6312385fcf233ab0de574b0cb1a588566c3f,0,contract_or_token,etherscan_labels
0x402cdf39bca87437feff8815af759cccc9242aff,1,scam_heist,etherscan_labels
0xfdc685c7cc6b527832ffc531b9c97d8d0a8b4586,0,contract_or_token,etherscan_labels
0xd75fb2224fbf8f588fceeae5fb07346a4e0c43e3,1,scam_heist,etherscan_labels
0x00ca860ed54805ea8c7e86433b06fb20a9c296f6,0,contract_or_token,etherscan_labels
0xb663a5e61319be3b69cb7a29bb542f21acc30d68,1,scam_heist,etherscan_labels
0x55e787eb654ad31a3c83973094ec2d2f550b4dcd,1,scam_heist,etherscan_labels
0x40bb95420e0e6eb24d2346a799a53d973ad4185a,1,scam_heist,etherscan_labels
0xb54243cdd75f2b02d792f7766640235864935bf8,1,scam_heist,etherscan_labels
0xe6b4b4c319a397b1069e3ca352df7794767a01a7,1,scam_heist,etherscan_labels
0x247689acac959965c567f0ebc09f2de8fb556877,0,contract_or_token,etherscan_labels
0x0bb8b35e6fd5ddd7f9f0723c37bd449d54e901cd,0,contract_or_token,etherscan_labels
0x58dc5a51fe44589beb22e8ce67720b5bc5378009,0,contract_or_token,etherscan_labels
0x8254de4947d325f23dbb0487f3228693406aed1a,1,scam_heist,etherscan_labels
0x381d6020bc4384b38c775867f92d428c6fcecc4f,0,contract_or_token,etherscan_labels
0x5cf67fb5d352ca694033d60d8a74dea97f93e7de,0,contract_or_token,etherscan_labels
0xc257d0a2ca5512979752c5e326dcb5ae088247f4,1,scam_heist,etherscan_labels
0x72a0f9c792731b55006a9527a2096c53ce09c7fe,0,contract_or_token,etherscan_labels
0x8f84e2500b9d206f02d7d10d6bb6337d62ab0e2f,0,contract_or_token,etherscan_labels
0xa795600590a7da0057469049ab8f1284baed977e,0,contract_or_token,etherscan_labels
0xc19995e83c094f4e0934b70a99a9a8998678d11d,0,contract_or_token,etherscan_labels
0xd3a2f775e973c1671f2047e620448b8662dcd3ca,0,exchange,etherscan_labels
0x155b1e16b14238f492b735b0d97e718853e3ee29,0,contract_or_token,etherscan_labels
0xfca032a9a68c5cbfaf8377775173eca59b837073,0,contract_or_token,etherscan_labels
0x043a2a6efe0d96a5a0f550f9fde1ce8f0ae3151d,0,contract_or_token,etherscan_labels
0x9a9b0098442dfa819d9e073a6cbf5be7928ec06f,0,contract_or_token,etherscan_labels
0xfbcb90820f8e4f1b2f63fd1272e40fb5ad7d9fdf,0,contract_or_token,etherscan_labels
0x26939bb6d0b993a2bf991141edd7d48d0b9a39c9,0,contract_or_token,etherscan_labels
0xf253c61049a5cb243cf07f547565a5f72e350ecb,0,contract_or_token,etherscan_labels
0xa47bb4f34298052048c4d7319686e23064eb22d9,0,contract_or_token,etherscan_labels
0xdcc21a68baa6675812266d0956ca6472764d2061,0,contract_or_token,etherscan_labels
0x3902fbba22e73fe404f69cf6f90a2f15ac60d36b,0,random_sample,bigquery_random_sample
0xd9822f8e71303903fea0bdaa78688f7bcf175b18,1,scam_heist,etherscan_labels
0xd2045edc40199019e221d71c0913343f7908d0d5,0,contract_or_token,etherscan_labels
0x1e790169999eb3bf4bcd41c650ab417faa53138d,0,contract_or_token,etherscan_labels
0x87469cf4ea19822f2983751c1398f3fbbfbb63d2,0,contract_or_token,etherscan_labels
0x83d7efa75ce24b319c33dcd583d8384a31a699d4,0,contract_or_token,etherscan_labels
0x83218d02abb6acdfd4c972e9c8b13754bc2e23d0,0,contract_or_token,etherscan_labels
0xa88235065d97a56719ea7d4fe72f8f953c984c0b,1,scam_heist,etherscan_labels
0xfe670043c158adc057b5ef2f66e753847e1c3d1d,0,contract_or_token,etherscan_labels
0x1dd2cb1745aaf061380a46d5dd3b1ee2f5d5e8ad,0,contract_or_token,etherscan_labels
0x56efe58653d94f3b9c87e32cc93cd20bd0e27e14,0,contract_or_token,etherscan_labels
0x7d8d0ab9fa93b3936322ce9f6a572d6cc40a2efd,0,contract_or_token,etherscan_labels
0x37295f091a8ca6fd5b7cdb4710fe2f98c5ebbefc,0,contract_or_token,etherscan_labels
0x106ea7c98c1a92c61cc2fe5f1704dc3bf21b9e50,1,scam_heist,etherscan_labels
0x2f38cc4d7ef208532ffe554a6ee89938c63454de,0,contract_or_token,etherscan_labels
0x6744801bf00f03a7c256ad0c13bd752d4a69ac5c,0,contract_or_token,etherscan_labels
0xf39ff863730268c9bb867b3a69d031d1c1614b31,0,contract_or_token,etherscan_labels
0x4cc511a34b89aa3f21d5bdfb4b4bbc9589345f98,0,contract_or_token,etherscan_labels
0x5dab55b276301951a6efd857be05a82b018c3196,0,contract_or_token,etherscan_labels
0x703a5deb0cb6ac2f5cc7617435bf00fb03b736e3,0,contract_or_token,etherscan_labels
0xe5871b2c1429059c5c3b21452a2dc38f69b4b824,0,contract_or_token,etherscan_labels
0x6ecc9da2698870db2c1792369a6fc520b5de6461,0,contract_or_token,etherscan_labels
0xb9e2d50f96f19d679389c5c1b5bcff17008ce85a,0,contract_or_token,etherscan_labels
0xddfe44e3c2b2794e17b4d7c32ab4ea23c962f753,0,contract_or_token,etherscan_labels
0x1f8c70f1cc2ce1aabd1dba749cf67827e61f0c17,0,contract_or_token,etherscan_labels
0xbace71ea271bc11aea66f5d32db2662bfae5e69f,0,contract_or_token,etherscan_labels
0x8d710003e2d96eeff46b97c9463b71aeb5e4ecbf,0,contract_or_token,etherscan_labels
0x2e0568d9a76926fbce8b213f9ba6893f25e1f0cf,0,contract_or_token,etherscan_labels
0xd9e60ddecaf2b24507c3e0bb5a26841010bb656d,0,contract_or_token,etherscan_labels
0xa342187f34f814fd194b65a2b56bcddc3be2eda9,0,contract_or_token,etherscan_labels
0x027dc357f41df3c1830799da8e55c46ca2789b80,1,scam_heist,etherscan_labels
0x84e01e18b3fea60ef713c664411ba73369fd716a,0,contract_or_token,etherscan_labels
0x3e37627deaa754090fbfbb8bd226c1ce66d255e9,1,sanctioned,ofac_sdn
0xe6a42207c3e008df25edb2cdef9d0373a3858c4a,1,scam_heist,etherscan_labels
0x39d908dac893cbcb53cc86e0ecc369aa4def1a29,1,sanctioned,ofac_sdn
0x4a3ebec546c8dfc17424c505400a7736ef596cce,1,scam_heist,etherscan_labels
0x24e2adf50c49633039757ab08bff489b7c5bd6b2,0,contract_or_token,etherscan_labels
0x1f90e6305fe02d9dd009a7696024b50f6cefbf4d,1,scam_heist,etherscan_labels
0xb047d743168acd461fdb410a494b553a586cb356,0,contract_or_token,etherscan_labels
0x6d6e709b1eecb04b741f33234bf0c8ee12fc59bb,1,scam_heist,etherscan_labels
0x0be88ac4b5c81700acf3a606a52a31c261a24a35,0,contract_or_token,etherscan_labels
0x77fb68e764ddc3be9272ecfe44ae0e43275ef020,0,contract_or_token,etherscan_labels
0xee62cbab44113b3d72cdc94980953c0b1a4f4d47,0,exchange,etherscan_labels
0x82d838ccfb252c501a970a00827653acfc17f846,0,contract_or_token,etherscan_labels
0xd2445eeafa554b1d92830ffb6e9e33cbe6ee6f65,1,scam_heist,etherscan_labels
0xe93b1b5e1dadce8152a69470c1b31463af260296,0,contract_or_token,etherscan_labels
0x047834fefce7dc9d55fa1ff3c0b2790bf505f22f,0,contract_or_token,etherscan_labels
0x4af46bccdc47aae145fba1982d1362b276ed6289,0,contract_or_token,etherscan_labels
0x2495eb6895c2e6c591ae9eb63a07b4a450623220,1,scam_heist,etherscan_labels
0x8bda7405e13e9098ac8fb59d2be8c0d0cafbab5f,1,scam_heist,etherscan_labels
0x58378f5f8ca85144ebd8e1e5e2ad95b02d29d2bb,0,contract_or_token,etherscan_labels
0x07d13ed39ee291c1506675ff42f9b2b6b50e2d3e,0,contract_or_token,etherscan_labels
0xf8fe02bd9235246c64338f741fa7a0dee657726c,1,scam_heist,etherscan_labels
0x815f8ef4863451f4faf34fbc860034812e7377d9,0,contract_or_token,etherscan_labels
0x9d8de3f070d1d2e55855fc1fcd232790ac1b6dc1,1,scam_heist,etherscan_labels
0xaf6bf18b139841f26c830b0b56d6478d6e808dd1,0,contract_or_token,etherscan_labels
0xa51831e33a1ac245d327ff92def377e5e681c9cc,0,contract_or_token,etherscan_labels
0xa9fb513f3fef6afc2200e4c28640f6ac5ac9da4d,1,scam_heist,etherscan_labels
0x67cd7b638c13b2c80d7286879bc33e2606f32ed0,0,contract_or_token,etherscan_labels
0xb35d7cfe7f4874d57c047316bdd791b08236a151,0,contract_or_token,etherscan_labels
0x9762c600a39bda3359f50a1fb1f90945cead379d,0,contract_or_token,etherscan_labels
0x6afc9b1ed3a30c5236fbde1790dbde02a8c457a5,0,contract_or_token,etherscan_labels
0xc7382f0c5854b0b7e2bf05ada0360dc47505bf68,1,scam_heist,etherscan_labels
0x86b8eeb45b384219819b0c394b051148b021a875,0,contract_or_token,etherscan_labels
0x867ad1d3a1317b7a1d5172221c26931a36002e0e,0,contract_or_token,etherscan_labels
0x600c88f8a60ae4a1d61363e76a75be42268451a6,1,scam_heist,etherscan_labels
0x3ba361f6d951554caf1b902a2891f741ad060bc8,1,scam_heist,etherscan_labels
0x75f4a6194ed301bbc96d83e3eca53bddabe53932,1,scam_heist,etherscan_labels
0x61677b8a9e3da3be83da628db5d17aa3af14dc3c,0,contract_or_token,etherscan_labels
0x32cd1c71871c04b440a70bb74e9b737f72513327,1,scam_heist,etherscan_labels
0xbc2b4182df846e283dca28961a4f54319a6f74e2,0,random_sample,bigquery_random_sample
0x122b54f42d676597760c249e7c56a94f6b4fd1c6,1,scam_heist,etherscan_labels
0xa17661e7f2cd96633c25edc5455eb29170105ff0,0,contract_or_token,etherscan_labels
0x7235a0094ed56eb2bd0de168d307c8990233645f,0,contract_or_token,etherscan_labels
0xb13d12d7f3f247a416ec86e37b9d2029c8d8edee,0,random_sample,bigquery_random_sample
0xa68316c9a22594caf0942fb07ff4d976927cedfa,1,scam_heist,etherscan_labels
0xb875ac65e2ae291e916f79887c639f8ea75e5e54,0,contract_or_token,etherscan_labels
0x6044f7d82f2965b188caae498d83b709d93e6bbf,1,scam_heist,etherscan_labels
0x23b2b580f6d733d87eeb0d23ab7f3a0128326636,0,contract_or_token,etherscan_labels
0x4e7349782b522bc37523d9ac3a53467478f34661,1,scam_heist,etherscan_labels
0x17f4b4c4489390ad320a449a0d3543279c92aad0,1,scam_heist,etherscan_labels
0x9cc65d03260c08f66bb8d7a1e43f9b0f0801b290,0,contract_or_token,etherscan_labels
0xf26b578565c95168ad2461421fec842492d188a5,0,contract_or_token,etherscan_labels
0xa66911f56c40050b977cf704e755d0bedba2cbf7,1,scam_heist,etherscan_labels
0x1cbad69d9cc22962a0a885921518c06ed2f04ffd,0,contract_or_token,etherscan_labels
0xf6c70386d2d52c0ca7e58e0150a71b79d96c4362,0,contract_or_token,etherscan_labels
0x50d3cac90d890ba0cc48c957bb9412b85794edb6,0,contract_or_token,etherscan_labels
0x61048acca5dc9559cc641acadaa51318c76e43e3,1,scam_heist,etherscan_labels
0xbe9895146f7af43049ca1c1ae358b0541ea49704,0,exchange,etherscan_labels
0x6f9e4ac92d619d6002daee94cbccb1b56a1b58cf,0,contract_or_token,etherscan_labels
0x4572f2554421bd64bef1c22c8a81840e8d496bea,0,contract_or_token,etherscan_labels
0x3efa059a667b52d1583bd2d0828783b15d290fa6,0,contract_or_token,etherscan_labels
0xf0042b46d69ad6588c683f7e99e4ccb3f252717a,1,scam_heist,etherscan_labels
0x8731e5a3483c505169cb0ff68e1d52f6f279adf6,0,contract_or_token,etherscan_labels
0x19085eb85568eb74f39c3b47816daeef0e93a3a7,1,scam_heist,etherscan_labels
0x2ec4fe780501684d8f17109410caae8a9d293de2,1,scam_heist,etherscan_labels
0x4839600e1e3d57c933bd1d116a4d4ccae9f2a509,1,scam_heist,etherscan_labels
0x379e0a87acb2e7072e54f5fadfe92d9619a5da5c,1,scam_heist,etherscan_labels
0x8ae720a71622e824f576b4a8c03031066548a3b1,0,contract_or_token,etherscan_labels
0x2f2c9b0ed14a41a41d27562ce7e3cd6519f7b6d5,1,scam_heist,etherscan_labels
0x0badc63d5cc7a25007f7c35acc23369c00df6ee7,0,contract_or_token,etherscan_labels
0x650c9f5b5fc57a106722be806c180e433b2f4424,0,contract_or_token,etherscan_labels
0xbf4543819ecede56220bcb1e8c1bba9ef290a58a,0,contract_or_token,etherscan_labels
0xc8b6605dfc4d68996830ca58befeaf33eb91c01c,1,scam_heist,etherscan_labels
0x0ac00355f80e289f53bf368c9bdb70f5c114c44b,0,contract_or_token,etherscan_labels
0x488715e4e0e677473b3b1b2e6a1841671cc717c1,0,contract_or_token,etherscan_labels
0x44e28f2acc84c36373badcd681749d38e01e2cc4,0,exchange,etherscan_labels
0x53162d78dca413d9e28cf62799d17a9e278b60e8,0,contract_or_token,etherscan_labels
0xc5439474166c2d8a41b9d4e47786bd7030b33ed6,0,contract_or_token,etherscan_labels
0xde6f3577a3a5cef1a3dfcd4a475dbb98ad6d24f3,0,contract_or_token,etherscan_labels
0xc194a7c9b01f8c1532655230a5e5f76774906ce7,1,scam_heist,etherscan_labels
0x22bb31b1b2acb479ee9ad99e5f25360f31e19e20,1,scam_heist,etherscan_labels
0x708b1591ce1e92db25bf8163ee3d1ddcf1bbff32,0,random_sample,bigquery_random_sample
0x1abe66969b9f38bda6de1dc72d176ed962b39ce8,0,contract_or_token,etherscan_labels
0x59518884eebfb03e90a18adbaaab770d4666471e,0,contract_or_token,etherscan_labels
0xfe9b259d6bfa1995d77999ff17ce9efaab7c7e4a,0,contract_or_token,etherscan_labels
0x367b2fb3b43401d6a822d1fa3921951423267722,0,contract_or_token,etherscan_labels
0xf7011510572d0efe31d1e90cd6dc1ef84e6b13b8,0,exchange,etherscan_labels
0x5547c8aafc9c3709261b986b633c338e924d85c6,0,contract_or_token,etherscan_labels
0xf01e60ac88c906ab8553ef6c6afd78d6f96a4df1,1,scam_heist,etherscan_labels
0x3d27705c64213a5dcd9d26880c1bcfa72d5b6b0e,0,contract_or_token,etherscan_labels
0xb79c18158827913c4e785b38b7899ad286e2bcea,1,scam_heist,etherscan_labels
0xb8e6d31e7b212b2b7250ee9c26c56cebbfbe6b23,0,exchange,etherscan_labels
0xf658132f2a5edd07da1fde126558aabedf11398c,0,contract_or_token,etherscan_labels
0x65d009ed72138085778c0281c72bc4b1fc4c14b3,0,contract_or_token,etherscan_labels
0xa2c074f406cf674359f51e4efc257cbaff9ad714,0,contract_or_token,etherscan_labels
0x720b2e65b90bdf2e2769c877643aea05e11bacd8,0,contract_or_token,etherscan_labels
0x8edf44333504291266f31369fb485142f4d89d4c,0,contract_or_token,etherscan_labels
0xed918fe1af57c275fbf7bba92fa11d9570601549,0,contract_or_token,etherscan_labels
0x5dcb5baa17a5af85aaec5d2b422cab13c0141bce,0,contract_or_token,etherscan_labels
0x3507698ec030bfa4f18806b4d38070b12243177c,0,contract_or_token,etherscan_labels
0x24b13f08c93ee83f04204eb45311e8604dcbf152,0,contract_or_token,etherscan_labels
0x30409fb5b2f6d45c5691fd9e432ec575f20f769b,1,scam_heist,etherscan_labels
0xf27078bf9bdc462fe72bc06e3273dde7c5a41bb5,1,scam_heist,etherscan_labels
0x7972146b73383afdd7eafdb48fac1526d5a5b149,0,contract_or_token,etherscan_labels
0xb6c77fd0e8ba6e25cb78034cd6c4376dea7ee020,0,contract_or_token,etherscan_labels
0x4f6e06e0b47dcf46563891cd3147ec42e8445277,1,scam_heist,etherscan_labels
0xeb45f35cb888e6483fee33979c3d30144c1059c6,0,random_sample,bigquery_random_sample
0x1792295c41623364223fae7954b4188d896434e5,0,random_sample,bigquery_random_sample
0xdcb97f828e1d8e1402f0f80ab924111c56eb316a,1,scam_heist,etherscan_labels
0x661b9a30a09e5b983f19e85267144e98ff852a79,1,scam_heist,etherscan_labels
0x130aa1450426d6436c7967429cfb2563f5844d28,0,contract_or_token,etherscan_labels
0x6aac580bc0c390ca2b45ff9535baea8651dae8c1,0,contract_or_token,etherscan_labels
0x761681ada866312d40fed83fdeedc85f24fbe3ad,0,contract_or_token,etherscan_labels
0x50fe4632343a98ce1122c8c4bd894b49ab2586e8,0,contract_or_token,etherscan_labels
0x934b9f9796f38a27803f469e22806615d6322c80,0,contract_or_token,etherscan_labels
0xdd8d8c46fd539e32d20d9c43497581805bf86c80,1,scam_heist,etherscan_labels
0x2cdc37ae12e289471b6ea455f6413994d0dc21e2,1,scam_heist,etherscan_labels
0xf1880d81ce7d3b4b0d96ea0665cdb03cb7332c52,0,contract_or_token,etherscan_labels
0xb5a26d5a85dda4711ebde67431461d979f7ff57d,0,contract_or_token,etherscan_labels
0x8ee965691c81a16a33642b14ff73fbd9ecac7fe4,0,contract_or_token,etherscan_labels
0x36e06522f0555f35db55856b1dc3842b7b4cd830,0,contract_or_token,etherscan_labels
0x21c6e6b19ad4011a5bd270214d98382319de1bcb,0,contract_or_token,etherscan_labels
0xf33eb14d574ed54999f375c1552ddee22ca8fe3a,1,scam_heist,etherscan_labels
0x2aef0df4f3c258aec8160a2bf8171d4d33ea4d51,1,scam_heist,etherscan_labels
0xed9193c3c0a9d5f77cd6d1ca18f14ce9e19ccad9,0,contract_or_token,etherscan_labels
0x43cdbf2177cf8164b9ade4e89c216f860f7a4bce,0,contract_or_token,etherscan_labels
0xa346924a6483ab8a1613dfebe7187573cb5afeb4,0,contract_or_token,etherscan_labels
0xd5b1817ffedd308ee9d99c3f3503939addb7e6b6,0,contract_or_token,etherscan_labels
0x41a057317a0da9d7113f308b6b1ae678421ab77d,1,scam_heist,etherscan_labels
0x08cd7cf527330f10571fb7947256bf0c8b38afc4,0,contract_or_token,etherscan_labels
0xfa51a8976668d7d1a8cadbc36c8a4459021a631d,0,contract_or_token,etherscan_labels
0x8a6e078b965e03e60ebfc10515b65d08be54152e,0,contract_or_token,etherscan_labels
0x7e0fb985b84d8c8ec00f3e72ee1f7f7f2517f22f,1,scam_heist,etherscan_labels
0xf8137d98050bb9c97eacd64597563bf190ae1d5e,1,scam_heist,etherscan_labels
0x8571f9d9ae0fb1303460031aff65cd34c397c810,0,contract_or_token,etherscan_labels
0xe7532514199ebf9e4b327fe1b613b689bb480a54,1,scam_heist,etherscan_labels
0x42e0f934218bde9669bd8445accd942ec48d6b5d,1,scam_heist,etherscan_labels
0x64b0010f6b90d0ae0bf2587ba47f2d3437487447,1,scam_heist,etherscan_labels
0x12b99cf4859d0a842ed4aa1ff13ae2c0c9cc7376,0,contract_or_token,etherscan_labels
0x66f106d7f604cc6df77172166e74bb4705238657,0,contract_or_token,etherscan_labels
0xd19a743cb3010ebf31c9d75d20efd43f60818c18,0,contract_or_token,etherscan_labels
0x8a07289e9ffe54f7305875518902efb565d6a207,1,scam_heist,etherscan_labels
0x307887d22e90e0a9bff7a0a06c1a044586540bb4,0,random_sample,bigquery_random_sample
0x172bf7381a344453184f62a82c4aa78cec56cc2b,0,contract_or_token,etherscan_labels
0xfda1ec4a6178d4916b001a065422d31ebe5f62ff,1,sanctioned,ofac_sdn
0x41e087485f47538752a1195d984109cb8dc0e429,0,contract_or_token,etherscan_labels
0xcd489917002d2dec110f65ea5133fdfcffa007d3,0,contract_or_token,etherscan_labels
0x3b66fb75bd75f3f1ace997cc561008dc3dc8f687,0,contract_or_token,etherscan_labels
0xc455f7fd3e0e12afd51fba5c106909934d8a0e4a,1,sanctioned,ofac_sdn
0xe09b6d705a608c809d18ae24d3d679999826f0ba,0,contract_or_token,etherscan_labels
0xb400298f24b55fc4004e15d6a95d6840f8b07181,0,random_sample,bigquery_random_sample
0xfcd9d513345058b33002702fe16ed85e92e84c94,0,contract_or_token,etherscan_labels
0xc91611eade96abcd9987c2eda3c3b157c26b61af,1,scam_heist,etherscan_labels
0x9ce2a589a9b3b1976b806f62adfc8771e5776f26,0,contract_or_token,etherscan_labels
0x7afe74ae3c19f070c109a38c286684256adc656c,0,contract_or_token,etherscan_labels
0xaded062426863b6c60ac59217bc956447bd5deef,0,contract_or_token,etherscan_labels
0xcc83739cf78e06d6ebd312d768000541251dcd02,0,contract_or_token,etherscan_labels
0x87ce4a830a1ba94d7a0c895aee3828a07b653732,1,scam_heist,etherscan_labels
0x3ab9a4d7c0ae233139f5167ddd058a65d47f78b4,0,contract_or_token,etherscan_labels
0xcdb2c18eaa364b0d1be092925582653a766d4fce,1,scam_heist,etherscan_labels
0x80cba5ba9259c08851d94d6bf45e248541fb3e86,0,contract_or_token,etherscan_labels
0xb8b856ca4c38a7985a5683bc093933636f5e7baa,1,scam_heist,etherscan_labels
0xafcf1b1c57b241b7bf256eda5d64ec246d046a4b,1,scam_heist,etherscan_labels
0x90d3c89c8bd41e78d80ec99ed5d403c473585bee,0,contract_or_token,etherscan_labels
0xffd3b691a5da708c90d0d203992e4d56bed440f2,0,contract_or_token,etherscan_labels
0xda9dfa130df4de4673b89022ee50ff26f6ea73cf,0,exchange,etherscan_labels
0xd886ac73bd434077a2fb34d6977ba25ccd2fb3be,0,contract_or_token,etherscan_labels
0xd797860e02d87cc20398a07c12416f7d5fb1566c,0,contract_or_token,etherscan_labels
0xeb7f0620f5b9b03653664a03d62f0f073067587d,1,scam_heist,etherscan_labels
0x5e07a09a7deff84bcaea079cc7e50e4e7d63f15c,1,scam_heist,etherscan_labels
0xe26b8a84028fe92a2f473b7c114ec95cef73927e,0,contract_or_token,etherscan_labels
0xe69d51fe01608edffca53d0881897fff9ae09bf6,0,contract_or_token,etherscan_labels
0xa0313dea2ed259edd2d95986cc9046d1a65f649b,0,contract_or_token,etherscan_labels
0xcca0fa36cb04622596d1632f80594a9afd793f1f,1,scam_heist,etherscan_labels
0xa2b33ce05f8ac6ba011f9e0aeb296be4c1f54bf7,1,scam_heist,etherscan_labels
0xbed2c135578ec000ec9a80823df5cce916b9e298,1,scam_heist,etherscan_labels
0xbcf42073e917e6629eddd60246a433a5d0305bfe,0,contract_or_token,etherscan_labels
0x542406aa03f3f430ea05d666e03ad5a8fa3535e3,1,scam_heist,etherscan_labels
0xbc8ec259e3026ae0d87bc442d034d6882ce4a35c,0,exchange,etherscan_labels
0x485a2dd26334d93d0db1b6ff4466c0dd824d64db,0,contract_or_token,etherscan_labels
0x82413f75f0da101e0fe7f6ff6cba3461f7e04f29,0,contract_or_token,etherscan_labels
0x4c925aabf043b82158d8ec6cf21953bcfd1f409e,1,scam_heist,etherscan_labels
0x6a19aa086cb9d803b4d843f9997d6f263326c3ce,0,contract_or_token,etherscan_labels
0x7a8c6b6e44cc12df550096f88a5ba746c38ed9b0,0,contract_or_token,etherscan_labels
0x8a3151c079b3feff641fb659d60d8e7ac6305b24,0,contract_or_token,etherscan_labels
0xc891b3462aedd0bcf391986e8cd1ae56705b8656,1,scam_heist,etherscan_labels
0x85b931a32a0725be14285b66f1a22178c672d69b,0,exchange,etherscan_labels
0x9c2efb900290402fd2b891170085b9d651bfc5ce,0,contract_or_token,etherscan_labels
0xb25f188721c16e742b067dbbb355f01cf2d87c0e,0,contract_or_token,etherscan_labels
0x2af38814dd5d8f5cf3ff5aab7a29e35837902299,1,scam_heist,etherscan_labels
0x9dd759e67b1d1d5d06f0524d257deb2d835b70b3,0,contract_or_token,etherscan_labels
0x4283d70aa0e309a315fb4e0453c40d6a0d183c85,0,contract_or_token,etherscan_labels
0x7ed8dc15c3f6c227945c1c6cd44f4dfb0ed99548,0,random_sample,bigquery_random_sample
0xaab3cd27375bd8f46b2081a2ff6346f485e32f6d,0,contract_or_token,etherscan_labels
0x41848373dec2867ef3924e47b2ebd0ee645a54f9,0,contract_or_token,etherscan_labels
0x569f04373f6de275b1e44064f6161b3e5538706b,0,contract_or_token,etherscan_labels
0x37fc14b935457eacf6d095f7458727b71747f2be,0,contract_or_token,etherscan_labels
0xc7ae3439cbc931a8c7457b352c7f3a5f834d9255,1,scam_heist,etherscan_labels
0xee11fbe8d835328bcf2588e17276b1375d909f29,0,contract_or_token,etherscan_labels
0x9d3b477880d931988cc1edf859846339bcc909b3,0,contract_or_token,etherscan_labels
0x5b475f2cc362265ddf6a958f3519a35b305d2824,0,contract_or_token,etherscan_labels
0xa0728fceda5ba3f1b3400868d7499a92180dbc27,0,contract_or_token,etherscan_labels
0xd8e72a62e214864cbd9381cc04fa1006a8c8fb10,0,contract_or_token,etherscan_labels
0x4b63d5aaf3fda1bfc82d5304d0be88264d1957df,0,contract_or_token,etherscan_labels
0xdac12b6ddbf055ee542f0ed460a32d1e9f361ca4,1,scam_heist,etherscan_labels
0x0735fa4a7ca1d74abe1d046870b02655ff62482c,0,contract_or_token,etherscan_labels
0x7a9ddcf06260404d14abe3be99c1804d2a5239ce,0,contract_or_token,etherscan_labels
0x3fbeb96afa6b2ae2ccd697ace2b3a1a524b209c1,0,contract_or_token,etherscan_labels
0x08c7174b4c072d9ae2c242b7c0030a2443a7139f,1,scam_heist,etherscan_labels
0x7f04958b4fd1c0554d74bbe5c49685994ddff1af,1,scam_heist,etherscan_labels
0xb5760b3a5c0747360b5b0d27f720ef805563ef8a,1,scam_heist,etherscan_labels
0xd6276f7c9270701116eb3357d0d7071289e57206,0,contract_or_token,etherscan_labels
0xdfdc6c4add377fd8a4d8a215dfaed8a2ecb351f1,0,contract_or_token,etherscan_labels
0xac4e426b764a82320104fd624b2be0bbc918507f,1,scam_heist,etherscan_labels
0x0e7e8dde18e4016ccc15f12301a47ef7b87bdafa,0,contract_or_token,etherscan_labels
0x026bdac2f308c0109a864138cca1a623f7828f4a,0,contract_or_token,etherscan_labels
0xdabec46bc18768cf28b94c7bfc7e9a30e721e5b3,1,scam_heist,etherscan_labels
0x3c4a300b0cdbf53f412619bba3edc14f5e5d4e58,1,scam_heist,etherscan_labels
0x1f741eaac1d3aed1290fb77dee2e30a0480201c5,0,contract_or_token,etherscan_labels
0x59befe124e09ce71aee9e8d1b072a08c102aa8d3,0,contract_or_token,etherscan_labels
0xf3a21dc2576500648cdb4b502d77b407a220a579,1,scam_heist,etherscan_labels
0x013ff63e21e8556c1a04aff005ec0912aa955d6a,0,exchange,etherscan_labels
0x33822df32268e7befb00775cb808278e53eb4341,1,scam_heist,etherscan_labels
0x8b0460c23d4e177c3b22ab6ea872d64f101ae5a2,0,contract_or_token,etherscan_labels
0x657fedfa5232f91c3d28f354c9de06beec2b6461,0,contract_or_token,etherscan_labels
0x2dfa2b5160012da8e788ff783d6d545a3adb0ce8,1,scam_heist,etherscan_labels
0x86e99e1c55dbc697986ee8ee245ff7219ee71dba,1,scam_heist,etherscan_labels
0xcafe001067cdef266afb7eb5a286dcfd277f3de5,0,contract_or_token,etherscan_labels
0xc50eaaee441566b4ef4f1e3270d19f24223cddf4,1,scam_heist,etherscan_labels
0x0d33d674f6eef1991e9aab561189b26ebed7c576,0,contract_or_token,etherscan_labels
0xaf8fd04c0fee8ca81b6bfd6cee7c2437f5e86a21,0,contract_or_token,etherscan_labels
0x56af12f559aec32582ee789b795dc39d8239faa5,0,contract_or_token,etherscan_labels
0xf2f400c138f9fb900576263af0bc7fcde2b1b8a8,0,contract_or_token,etherscan_labels
0x99bf380b72b91a0a81571595e93dcd4126f6dbe4,0,random_sample,bigquery_random_sample
0xb1cc035e1a651d9e4e3ec284a9f069485f518e4b,1,scam_heist,etherscan_labels
0x3c9dd5de1eb9da9fb39931136b4d490a558f0021,1,scam_heist,etherscan_labels
0x98ec059dc3adfbdd63429454aeb0c990fba4a128,0,exchange,etherscan_labels
0xbd6ad851296abee325bc5d4bb327b6551c500d6f,0,contract_or_token,etherscan_labels
0x0c2890b386ea27d952e5ef2653dcf788f82cbd19,0,contract_or_token,etherscan_labels
0x73b20b0a6677c175ebaa09d3e1e76f98e46b4c72,0,contract_or_token,etherscan_labels
0xfee5fcbb12eb97764eac7ba60380dc5dee801eed,1,scam_heist,etherscan_labels
0x1fb9b334df5165b456c7136286075e9e293ce229,0,contract_or_token,etherscan_labels
0x2feb4a6322432cbe44dc54a4959ac141ece53d7c,0,contract_or_token,etherscan_labels
0x55dbda066b6472216b2ddb5c6d869d99922ff90e,0,contract_or_token,etherscan_labels
0x7c0b45f790a5ab386377bb7ca92eb2d372e37a7b,1,scam_heist,etherscan_labels
0x236aabfd64c1ac53dc7008cbbe06017304623d99,0,random_sample,bigquery_random_sample
0x21a4021f4794715827fb534161305ea532becf83,0,contract_or_token,etherscan_labels
0x17fee7f451c045498541f89949bfc76c7bfa3f1c,0,contract_or_token,etherscan_labels
0xc3c3225d621fb472315432157fced2857f03f62e,0,contract_or_token,etherscan_labels
0x6ec3afb7486ea37b6f94fe75b590c7916d66436a,0,contract_or_token,etherscan_labels
0xa8b0279acc96efebd09955ad8240b2d30b53055e,0,contract_or_token,etherscan_labels
0xff742d05420b6aca4481f635ad8341f81a6300c2,0,contract_or_token,etherscan_labels
0xb8420121fc7094b9bbea1a3e6bc9df45f71c9ad5,0,contract_or_token,etherscan_labels
0x055607e75293fe067f42e611411b7a4d3da5ae05,1,scam_heist,etherscan_labels
0x120b12ec8012635cefcd8f2c5471f5d94a6bd853,0,contract_or_token,etherscan_labels
0xde4ee8057785a7e8e800db58f9784845a5c2cbd6,0,contract_or_token,etherscan_labels
0xc164d86483f35308f7505b0e117dec3f24ac491d,0,contract_or_token,etherscan_labels
0x833e88ddab6cabda936dcb58a2ed351b006adf7a,0,contract_or_token,etherscan_labels
0xcc7bca612846b90c32c75ec27f8c16874ea879e3,0,contract_or_token,etherscan_labels
0xef01a063b2d36e4dd7e2fa7aab55f4d8a309b1e5,0,contract_or_token,etherscan_labels
0x59f52e492a5bff0e2818613a2f314e5a1084d33c,0,contract_or_token,etherscan_labels
0xb3ded17cf817bf3368690e0cf072c52505c16fc6,0,contract_or_token,etherscan_labels
0xfa066658fc8a7fbf487afeeeff5e496884ece2ee,0,contract_or_token,etherscan_labels
0xdac0324debd1f036323c0e207a4cd8e78ee6bdff,0,contract_or_token,etherscan_labels
0x4bc0eb5e0a90ccd0882ce4f3f601514f9ccd48a3,1,scam_heist,etherscan_labels
0xa3191850036461afd04f85c4af39d48c48ddf391,1,scam_heist,etherscan_labels
0xbe1da348fd61bb6bf70670490722eeefc72af92e,0,contract_or_token,etherscan_labels
0x40333e612339aade0f824009b40208b9badf55dd,1,scam_heist,etherscan_labels
0xe1e4c5e5ed8f03ae61b581e2def126025f2b9401,1,sanctioned,ofac_sdn
0x8b611e0b3da59586c491c818c078fbdfe65115eb,1,scam_heist,etherscan_labels
0x3a9b1da81ca44febc97a713242f6a3feeec7c891,0,exchange,etherscan_labels
0xabe47e7a2b8b9aa3bcc1dbab73d60dbda66bd1f0,1,scam_heist,etherscan_labels
0x14fbca95be7e99c15cc2996c6c9d841e54b79425,0,contract_or_token,etherscan_labels
0x63c0c0852c4c0933c7ea68524c2cbcf4b55845c4,1,scam_heist,etherscan_labels
0x5b2384d566d2e4a0b29b8eccb642c63199cd393c,0,contract_or_token,etherscan_labels
0x880def0f70eb947e16b5a4f6d6841b568edfe488,0,contract_or_token,etherscan_labels
0xa3ccbd8d6da6fd3e38e3c9b67908ed4400129685,0,contract_or_token,etherscan_labels
0xf08241998394d61dc0bbbac767b0b8242549761f,0,contract_or_token,etherscan_labels
0xb90047676cc13e68632c55cb5b7cbd8a4c5a0a8e,0,contract_or_token,etherscan_labels
0x29cf1ea0a2ccef2b489f67292c5294c5fa59e5d0,0,contract_or_token,etherscan_labels
0x7b971630c4f3c0bdbe7baccccdb0173cad7dc400,0,contract_or_token,etherscan_labels
0xb80a3dadfa1adfa76a82ab1212f92212f449ce89,1,scam_heist,etherscan_labels
0x42ff3d43979f083c8aa3166298789261b66dc926,0,contract_or_token,etherscan_labels
0x5eff0abd2d320dafcb34981fc3486e8a1dc9a348,1,scam_heist,etherscan_labels
0xa6272bf808ff188cb47d4ca90d0b6f63d04e1f02,0,contract_or_token,etherscan_labels
0x82917fb0dd65b0e5c85eea66e4f5c1ed484bc629,0,contract_or_token,etherscan_labels
0x2f59ec6b57018c23380261e1ebc0c58d04b7c1e7,1,scam_heist,etherscan_labels
0x36e2fcccc59e5747ff63a03ea2e5c0c2c14911e7,0,contract_or_token,etherscan_labels
0x61dd863eb803a59a6904480b67ac42842e5eaaae,1,scam_heist,etherscan_labels
0xf0983dcb3079d459fb27d35efb8475317c9cc262,0,contract_or_token,etherscan_labels
0x5e002bb3909ff0f7ee1a80620cf4ef9b8bd80066,1,scam_heist,etherscan_labels
0x0d95c71c76503c8d5c81dc3211a6326e927c19ee,0,contract_or_token,etherscan_labels
0x9cfea0a3a08ac6f16e4e1c875f145ac72f726ba2,0,contract_or_token,etherscan_labels
0x50e9072c261521bface94a85e6250cf2353406d2,0,contract_or_token,etherscan_labels
0x99fdf47fc0ee60188fcde97e339f1928afdf5b92,1,scam_heist,etherscan_labels
0x88a131b5293ca340b454111314b6c1b5c0dfa9b9,0,contract_or_token,etherscan_labels
0x7ee88b6d0ee6fb1c855a7c802b3f48bc358c0f49,0,contract_or_token,etherscan_labels
0x87d0f666f9aeea538e3c5d40928e58675f992707,0,contract_or_token,etherscan_labels
0xb7fe4aaaa9482bee879361d9958296dc2b2585a3,1,scam_heist,etherscan_labels
0x7b3cfebfa88aeebfb2c756ad981dbae101f336a8,1,scam_heist,etherscan_labels
0x17fcd786091e3108047e91d8de132e0cce813b1f,0,contract_or_token,etherscan_labels
0xda6953b27798b8db1e9564cfd72f73d74add79eb,1,scam_heist,etherscan_labels
0xbabe61887f1de2713c6f97e567623453d3c79f67,0,contract_or_token,etherscan_labels
0x962c64a083ee9f2a192502a687d16422bfbf8755,1,scam_heist,etherscan_labels
0x730d46030320272edba608e82bcf8269e00a6ca8,1,scam_heist,etherscan_labels
0x0f5946f3133758553a3c3343816a9e9b390902cc,0,contract_or_token,etherscan_labels
0x8b6d0205cb9b54d186e6ceeddb35fbc7f957bf90,1,scam_heist,etherscan_labels
0xd3da6236aecb6b55f571249c011b8eec340a418e,0,contract_or_token,etherscan_labels
0x4560b99c904aad03027b5178cca81584744ac01f,0,contract_or_token,etherscan_labels
0x2a57995de2e01d23891f6a0adfd94fbcbc51f3b7,0,contract_or_token,etherscan_labels
0xfa2e876cd46e70713afb66b4682f25a54227b125,0,contract_or_token,etherscan_labels
0x5f5ee55a39f31ed067927a3e5d96072277259cf7,1,scam_heist,etherscan_labels
0xc4b8d18dc8c68a82c54b232080a6fcf750880e37,0,contract_or_token,etherscan_labels
0xd72a41aa286f045e9a4d55f589edae141cfc4952,0,contract_or_token,etherscan_labels
0xa12fcc20c2bac7e1e610c1bf8f4191afd152d3aa,0,random_sample,bigquery_random_sample
0xbfa6a1653155d52cf461f5982d23c0327d4db565,0,contract_or_token,etherscan_labels
0x949539506f16e6afc3aad29ab5c96201624181f2,0,contract_or_token,etherscan_labels
0x09f0b21f62fb9ac9e8747ab600d98b66777906d9,1,scam_heist,etherscan_labels
0xb6a293cf050194dabd52e0bb98a6d77ef19bd406,0,contract_or_token,etherscan_labels
0xae11e327f4a40a05e25babadd2e049f9d813867f,1,scam_heist,etherscan_labels
0x8b599ddb45e82908fb663a89f09bef0c5dd15f81,0,contract_or_token,etherscan_labels
0x5b662ff89380c72bd4a8c9e24448313539786eda,0,contract_or_token,etherscan_labels
0xc159247c7cd6a252947f1b9b7ec153f433762813,0,contract_or_token,etherscan_labels
0xa3b896827d4b27c6b9a5942af9458d35e1868357,0,contract_or_token,etherscan_labels
0x87b918e76c92818db0c76a4e174447aee6e6d23f,0,contract_or_token,etherscan_labels
0xfaa9e9cdde2517a97c31fc8b167c0b51566de470,0,contract_or_token,etherscan_labels
0x8f46cd10e771cb90b7c15f0d95bb775da591d0e8,0,contract_or_token,etherscan_labels
0x268be5667d4e5bd036bd608d0601ef1441604429,0,contract_or_token,etherscan_labels
0x96b184372cda0093299dc7561213722f9cc96869,1,scam_heist,etherscan_labels
0x3d7dc92335b9af5dbf17823d24dac6b8ccab9e52,1,scam_heist,etherscan_labels
0x230300626923dbbea2a102d93f43687c55f907b2,1,scam_heist,etherscan_labels
0xaf22ec478ef13560fb3e470c8ef956e94bbb672c,1,scam_heist,etherscan_labels
0xee42b08a7e2343e20f0dbc64d38f09bec78c0234,0,contract_or_token,etherscan_labels
0xb1da44d07b8fe6e0169f0591e8cd9a384e914bca,0,contract_or_token,etherscan_labels
0x697a71353a4bc1eb1356763018a229c27a3fba0c,0,contract_or_token,etherscan_labels
0x62f51facfa86d506359ed16126c61a09789b477b,1,scam_heist,etherscan_labels
0x3efa30704d2b8bbac821307230376556cf8cc39e,1,mixer,etherscan_labels
0x61329a6e99d6d12aa762412fee0fc7bc39d50b5a,0,contract_or_token,etherscan_labels
0x66f651ad518a73a98b54eb0378f59e1dd37e464b,0,random_sample,bigquery_random_sample
0x2f94ed412efe2299942c1e451099b8f492a913e4,0,contract_or_token,etherscan_labels
0x7dbcc4335ccadc2993279052ea070bd2c0786d85,0,contract_or_token,etherscan_labels
0x26596669ad4e68f3b7ded6b6acc16137267f963f,0,contract_or_token,etherscan_labels
0xc4daf3b5e2a9e93861c3fbdd25f1e943b8d87417,0,contract_or_token,etherscan_labels
0x63c706dbc17162dec27e4ddaddc13c09e96d483f,1,scam_heist,etherscan_labels
0x416f220440c030732c956177bea79364fb8a9293,0,contract_or_token,etherscan_labels
0xa4255cd883c5effec3b24369ba5124fe43e62c63,0,contract_or_token,etherscan_labels
0xeb534e833e8d1973de9281dd31db21482d8d97ce,0,contract_or_token,etherscan_labels
0xec3bdd98f0461a7966510d2f26bafc6680aab2c5,0,contract_or_token,etherscan_labels
0xac546e08794da84c78d483775b54b26fb5dae320,1,scam_heist,etherscan_labels
0x1ca5a381dc900554a5c0ce97a874a7b3518d12e7,0,contract_or_token,etherscan_labels
0xc61003d097597f6f69a3cc94d615d8887d40ebec,1,scam_heist,etherscan_labels
0xc898fbee1cc94c0ff077faa5449915a506eff384,0,contract_or_token,etherscan_labels
0x1de38f1401b411e3d575c8e70e9f5e4e5c9295fb,0,contract_or_token,etherscan_labels
0xc71b3e8f486a5472072e55feb94e66d3d16ea5fc,0,contract_or_token,etherscan_labels
0x4a64f2a8ec94d8d24bc0fea27dd70560d2cdd315,0,contract_or_token,etherscan_labels
0x073dcc4e67925e6120cd4ba96e23d56c0bb77289,0,contract_or_token,etherscan_labels
0x60662f562f0f06aff461a14526cf3b9344a947d2,1,scam_heist,etherscan_labels
0x746aebc06d2ae31b71ac51429a19d54e797878e9,1,mixer,etherscan_labels
0x2cfe04a9a04b691f98d58b737070aae427fe6440,0,random_sample,bigquery_random_sample
0xb4297eac15a4ac064f30103dcace12355f3c0b3a,0,contract_or_token,etherscan_labels
0x9082574f8ccbc0b462b5ae8096507d60d351081d,0,random_sample,bigquery_random_sample
0x28746738b2c8a7548b1ce0cbea7110a88b9905c8,0,contract_or_token,etherscan_labels
0xb89a553fb0e6fc3a6933882a59e9d047bc5b3d07,0,contract_or_token,etherscan_labels
0x1ca2a6bcc4d0152bc47dde7c62702b532090e994,0,contract_or_token,etherscan_labels
0x989e59288e982bcbcc38bb142d95f0c5ed61304b,1,scam_heist,etherscan_labels
0x39246c4f3f6592c974ebc44f80ba6dc69b817c71,0,exchange,etherscan_labels
0xf9ff921e63b525a73dd3cf57463da53138358a49,0,contract_or_token,etherscan_labels
0x8e45891ce4d49bf38a54d6e1e4f2639d35c81016,1,scam_heist,etherscan_labels
0x99f35f1823f78d05cf337a698e6288008ff9b098,0,contract_or_token,etherscan_labels
0x1e26fe447505d58c35c7fbce2f197099c58a06a4,0,contract_or_token,etherscan_labels
0xf614d3864ef53510909a94c618a5ec1ff75103bf,0,contract_or_token,etherscan_labels
0x549d6071ea7d39436d498f13086dcb84b185dacd,1,scam_heist,etherscan_labels
0x4b1d323a5388c19cdc3bfeff032d53b80ec4c759,1,scam_heist,etherscan_labels
0xd17484dc99db2807b43492e6f84f7ddf13f7de42,1,scam_heist,etherscan_labels
0xf84bcafa7769e3e642123e59ca43c1bbcc50681a,1,scam_heist,etherscan_labels
0x265e4776011d61b52e9ab37827590ab7efbdae89,0,contract_or_token,etherscan_labels
0x84e13785b5a27879921d6f685f041421c7f482da,0,contract_or_token,etherscan_labels
0x51478f6917a3e1928b53e3a584cc9684ad7878ab,0,contract_or_token,etherscan_labels
0xb302bfe9c246c6e150af70b1caaa5e3df60dac05,0,exchange,etherscan_labels
0xbc7edea6acf9e8d96168a4b3ede2e879aa491bb3,0,contract_or_token,etherscan_labels
0xc0804a541610f48bfc238b8d5852940694c986a1,0,contract_or_token,etherscan_labels
0xca711a5595c9f1105d8681dc8230dda38e77347b,0,contract_or_token,etherscan_labels
0xf30ea007478e1e6e11c077a38fd9bd987cedccaa,0,contract_or_token,etherscan_labels
0x8b2e66c3b277b2086a976d053f1762119a92d280,0,contract_or_token,etherscan_labels
0xcf9ded63bb218a438757a5fa0cbc7dcf9c1029e0,1,scam_heist,etherscan_labels
0x49ad4de7eff34c4f1574cd77c9c03b2a14e87b85,0,contract_or_token,etherscan_labels
0x8eaeb08cb9a878df668d92835c0c08b0fdcec272,0,contract_or_token,etherscan_labels
0xb890c95ad231022f778a86e3d7ed5517af0e5251,0,contract_or_token,etherscan_labels
0x83581a394d07ef9596ab19a99da5f9cca760a1d3,0,random_sample,bigquery_random_sample
0x767bcf575fba6af5a510bc5ba3ed44a0869bb7b3,0,contract_or_token,etherscan_labels
0x62f4cd92bfe66c52d30ffd428abc15ea347858c3,0,random_sample,bigquery_random_sample
0x8f1bdce5cc6375a166d8b1e8f8f110e3fc773c2d,0,contract_or_token,etherscan_labels
0x5835e530e988b0cf17ef2c89dc71d70606209182,1,scam_heist,etherscan_labels
0x14654c8f7696312ea0664be4bba3cbb08b5a2898,0,contract_or_token,etherscan_labels
0xeba60fb92d77ad487083980c7fb6ec572f740364,1,scam_heist,etherscan_labels
0xb223ee16c61b6cf70fd54f3d6c774830cca7f9bf,0,contract_or_token,etherscan_labels
0x1d87a19e708ce18e582b52beb5315385ab96a6c8,0,contract_or_token,etherscan_labels
0xb7fdf34be4d2e4025f25db9c3164546866ee2342,1,scam_heist,etherscan_labels
0xc35bd9a28c3f42427dacd6697d8ec369d9cb1541,0,contract_or_token,etherscan_labels
0x0d51b575591f8f74a2763ade75d3cdcf6789266f,0,contract_or_token,etherscan_labels
0x04496c9673e1bc5d14c3e433fd3b6a367e5c8046,0,contract_or_token,etherscan_labels
0xe58489c5e4768aa7912c74522170197a2c06e088,0,contract_or_token,etherscan_labels
0x0693b308719907ac37e6c9fb2923f2de2cf9c065,0,contract_or_token,etherscan_labels
0x170021f229c8850b76222b0318d3c5b3f3385f4f,0,contract_or_token,etherscan_labels
0x2a2c1aa7af71ee992b191fea6828ca23017e9e37,1,scam_heist,etherscan_labels
0x369c78735d03ae459c7b3af1d7174e4db2b0a336,1,scam_heist,etherscan_labels
0x7ebb890b25fe67ee51e16514fd622c8eee5edb59,1,scam_heist,etherscan_labels
0x492eadf06ba64de5c5fe32c855cac3dc6bbed1da,1,scam_heist,etherscan_labels
0x99f735c2b1f4d48484813468510499af59744013,0,contract_or_token,etherscan_labels
0x9e2febaf463dd81760c2329dec9809473fbe046b,0,contract_or_token,etherscan_labels
0x458ae80894a0924ac763c034977e330c565f1687,0,contract_or_token,etherscan_labels
0x35333cf3db8e334384ec6d2ea446da6e445701df,0,contract_or_token,etherscan_labels
0x24332f82f8648f897768bbaa0e3f2e2752928b0d,1,scam_heist,etherscan_labels
0x911da057b7f735bc54e9ffbe1143dda363dba6fb,1,scam_heist,etherscan_labels
0xdb0e89a9b003a28a4055ef772e345e8089987bfd,0,exchange,etherscan_labels
0x6d944bf74137d948b9e8a6825ee435c379b85e42,0,contract_or_token,etherscan_labels
0x294cd97dfa2088842d8e2946d3f7ffd9831499d4,0,contract_or_token,etherscan_labels
0x9bce08dae6a0f13f1bee72111a5b58f7ff70b81c,0,contract_or_token,etherscan_labels
0x6f259637dcd74c767781e37bc6133cd6a68aa161,0,exchange,etherscan_labels
0xdc8ff87d253a0c774bad12e65728ce10f90a00da,0,contract_or_token,etherscan_labels
0x49ebf445fe95906e152460b5175a82faff8807d8,0,contract_or_token,etherscan_labels
0xc825e42793ac82afedbf5c4e1adaf4e1344fd95f,0,contract_or_token,etherscan_labels
0x032d9bc3f3c1042b431f29df63aaa547f5ed6ee6,0,contract_or_token,etherscan_labels
0x908738e8f7d99e818454037ef15ad71d9afd4a52,0,contract_or_token,etherscan_labels
0xdb3bf691d28a92536f9fd766a7b9ef58f5b90493,1,scam_heist,etherscan_labels
0x2f06480b3415c96b1bdb82827c519d172e22903f,0,contract_or_token,etherscan_labels
0x1d19b52b54e7ef5ea1a4b40b616165e798eac9f8,1,sanctioned,ofac_sdn
0x55cf6cb1aa34a46a9a215b8c61c4094113e14000,0,random_sample,bigquery_random_sample
0x858606197569b489f9db780e5422764017159637,0,random_sample,bigquery_random_sample
0xc9d169901cc62f58447c98b6ecc88c827756616c,0,contract_or_token,etherscan_labels
0xa00a01369fb2258c99875f440fef57a1dd6c26f6,0,contract_or_token,etherscan_labels
0xd5df63ac1878c738bb158bf9e34311f5cd29b151,0,contract_or_token,etherscan_labels
0xaf95b8c251683221945d8574a21b4c8541563e02,1,scam_heist,etherscan_labels
0xae2d4617c862309a3d75a0ffb358c7a5009c673f,0,exchange,etherscan_labels
0x6d354c1bc7dc53ae92ea38925653c278bf25c907,0,contract_or_token,etherscan_labels
0xe24adb0693ec10c5d65ec0c09d5e9410a70b9f7d,0,contract_or_token,etherscan_labels
0xbfee82ff0402b1a24f895ccc2545f6187369b4c3,0,contract_or_token,etherscan_labels
0x49f0a91b0bc935c98912607cbe237702b5eb7c2a,0,contract_or_token,etherscan_labels
0xd6076d032d5e599ef3559b0f2da34f176399e67e,0,random_sample,bigquery_random_sample
0xe93381fb4c4f14bda253907b18fad305d799241a,0,exchange,etherscan_labels
0x435a6a7ff09df33b464b0302e7f3ef8391e6f1b6,1,scam_heist,etherscan_labels
0xb5de7250128775a317b3f775a7afcec73571b732,0,contract_or_token,etherscan_labels
0x57bab7b6c4669f69c5792c282b4078e5706a5f71,0,contract_or_token,etherscan_labels
0xdfde7d7cec5ab9cc232baa4ff80f8fb77f7bb3b7,1,scam_heist,etherscan_labels
0x6fb624b48d9299674022a23d92515e76ba880113,0,exchange,etherscan_labels
0xf0f3be60347b9a93419cbc2576423ef849b645e4,1,scam_heist,etherscan_labels
0x5c596c6a65f628fc1090853d8eb1927651e9d9b2,0,contract_or_token,etherscan_labels
0xde6d0beb1b8db993abc2f17aa8dfbc84e0c74704,0,contract_or_token,etherscan_labels
0xe128c09e570d2da542f9270444b3efc5b3315728,0,contract_or_token,etherscan_labels
0xa4c02b44826a69e9144be3a7cebb8f4935ea62f3,1,scam_heist,etherscan_labels
0x78df2025a0fa9dba6ec7499df83f3230e04baf57,0,contract_or_token,etherscan_labels
0x6a42888a9f9ae5b319baa60df5144f870fdfd7a5,0,random_sample,bigquery_random_sample
0x31fce7fd6931f7b5a6a756a219496f1eb0fdc54e,1,scam_heist,etherscan_labels
0xe5fc418f86fee1d4748188c0e5be717f9c84e7b2,0,contract_or_token,etherscan_labels
0x40df3e5b0a12108e5633c0366df7a5f8eaf17e97,0,contract_or_token,etherscan_labels
0x3d0957cfaf4c5fb840039cd39c8e01a72cd376fa,0,contract_or_token,etherscan_labels
0x1f496d306b87f2ac9f54f4075a3cbe2b2702e401,0,contract_or_token,etherscan_labels
0x2ff48af661f28761d7e8d23dd38018b1757061e3,0,contract_or_token,etherscan_labels
0x8d924a1287dfa27ff5f7111b31d7392674a3e928,0,contract_or_token,etherscan_labels
0xaee1cd554246d07e9932c2bb9dad73f545dc91f3,0,contract_or_token,etherscan_labels
0x438fd34eab0e80814a231a983d8bfaf507ae16d4,0,contract_or_token,etherscan_labels
0x69306157a2191ede35cbb9c4aac72a112b5557c4,0,contract_or_token,etherscan_labels
0xda1aeda924bc8f35aae74359fcdbf9744d2f370f,1,scam_heist,etherscan_labels
0xde013cff2117b6511c97644c8a5d28f547a08956,0,contract_or_token,etherscan_labels
0xe8cf1480a5c5eb3b631513070ecd2ad6663ecede,0,contract_or_token,etherscan_labels
0xd6216fc19db775df9774a6e33526131da7d19a2c,0,exchange,etherscan_labels
0x12de548f79a50d2bd05481c8515c1ef5183666a9,1,sanctioned,ofac_sdn
0x3217bee1f4a2f6140e551c8d32bfc4ad8d9f621e,0,contract_or_token,etherscan_labels
0xfd5ef736e72d2ae58458f235e1135148eeb1b524,0,contract_or_token,etherscan_labels
0xd2c7e0eb0c2cb9b4988900ca49a0c6cc28e07e06,1,scam_heist,etherscan_labels
0x33530c17692926fdd2c36eca9365002913592bd0,1,scam_heist,etherscan_labels
0x6d6de58e32beb283996ddebf88819cd1747e47d7,0,contract_or_token,etherscan_labels
0xea735b9894e2ce229fd297b31b4f2469ca37aaa4,0,contract_or_token,etherscan_labels
0x999a5986e7b5cbe7a41cc241943c5fc9abcab7bf,0,contract_or_token,etherscan_labels
0x224a98ca80db571225f64652b9cb970734631cb2,1,scam_heist,etherscan_labels
0x927026330c0a76f5fcc47523c4b19c819a531953,0,contract_or_token,etherscan_labels
0xcd92226c0489689ad879e0cbce2cf4996ede84ab,0,contract_or_token,etherscan_labels
0x3dacc571356e7d5dfb3b475d6922442ec06b9005,1,scam_heist,etherscan_labels
0xf5c049d2d127758f1764b7914f70e4c1e7d551a3,1,scam_heist,etherscan_labels
0xb5edc222ee25b3b368fa5f01db06c0941c50d3c6,0,contract_or_token,etherscan_labels
0x4901065b0118edd084e8b1df36c9ed7fbb003b42,0,contract_or_token,etherscan_labels
0x39546945695dcb1c037c836925b355262f551f55,0,contract_or_token,etherscan_labels
0x6633ec82d40f701ab37a2b6d824dfc34081e3b50,0,contract_or_token,etherscan_labels
0x7499a5cbb10cc497b060e6e946d907d266972bc0,1,scam_heist,etherscan_labels
0xf4ef8afac7e48b0e923fc77dcfb8dabd80fefb82,1,scam_heist,etherscan_labels
0x7f578c0ed0604bf51eeec465835722f34c784541,0,contract_or_token,etherscan_labels
0x165edf07bb61904f47800e13f5120e64c4b9a186,0,contract_or_token,etherscan_labels
0x03e0507956aa9381b12ad69ffa13e9af4ad65fa2,0,contract_or_token,etherscan_labels
0xc64873bc1e4993104fbe23fea3a727e3acbdebb6,0,contract_or_token,etherscan_labels
0xbc203d7f83677c7ed3f7acec959963e7f4ecc5c2,0,contract_or_token,etherscan_labels
0x271d81cc42b48d57a288275a5908f5bed492ec14,0,contract_or_token,etherscan_labels
0xc06987a02a50c2edd5fc3b1ae5b62431fa072efc,0,contract_or_token,etherscan_labels
0x587c2fa9802d26628b54e994b73b7d9a0b072408,1,scam_heist,etherscan_labels
0x696c2d4b5646cf7d2b7de895ed638f1fc1ee246a,0,contract_or_token,etherscan_labels
0x137ad9c4777e1d36e4b605e745e8f37b2b62e9c5,0,exchange,etherscan_labels
0x4bdd5f2e0dd3f53fadc057993ceda5ac5e193c64,0,contract_or_token,etherscan_labels
0xa3bd8329824860b783f3c102eed6c2cb63a13145,1,scam_heist,etherscan_labels
0x3dbf734a6c1d789c6b6c2a13741fbf10c91853a0,0,contract_or_token,etherscan_labels
0x74b0b7cea336fbb34bc23eb58f48ac5e4c04159e,1,scam_heist,etherscan_labels
0x9f9f3c03a5546dc4d934f36ed15405124043ce41,0,contract_or_token,etherscan_labels
0xe848bc0bc764135d0ae462d9975dc13be0feae2a,0,contract_or_token,etherscan_labels
0x404e716257c4f4bcc43b967514520b98c0c09dd5,0,contract_or_token,etherscan_labels
0x004865a4dd457380d4df8af52fe3063b4621d14d,1,scam_heist,etherscan_labels
0xe392eada3cea5d89b174f6aed078ff3e017d16e7,0,contract_or_token,etherscan_labels
0xec1dce4293072d36830e4167daf28d56f7d25a4d,0,contract_or_token,etherscan_labels
0xae5813500cea348f44c6f9d85be8c90de9e28f01,1,scam_heist,etherscan_labels
0xab518cb70e0627b67f026428919b0c5ef8e3c5fa,0,contract_or_token,etherscan_labels
0x5905092a363d5de79a2e3cf4449854d7253254fe,0,contract_or_token,etherscan_labels
0x6f933b6e1847dee305df87c373a96f08372ac597,0,contract_or_token,etherscan_labels
0x3b894e33a4e9a251be82a654af21833fe380b832,0,contract_or_token,etherscan_labels
0xb908ca330af4a18a6067b3d77af0873403f787d8,0,contract_or_token,etherscan_labels
0x83a70ccffb9e274b56e817b37d9c741b7e0051a9,0,contract_or_token,etherscan_labels
0x59940d2b6155da884c510e201f796c0b410637dd,0,contract_or_token,etherscan_labels
0x7ff9cfad3877f21d41da833e2f775db0569ee3d9,1,sanctioned,ofac_sdn
0x99a46c42689720d9118ff7af7ce80c2a92fc4f97,0,exchange,etherscan_labels
0x226e958a9d1f04d152d36be004c568ce63240d13,0,contract_or_token,etherscan_labels
0xcf2e274fc7d55d3d2b1c50d5b937ec76cfb8d253,0,contract_or_token,etherscan_labels
0xf22c9bd7c03d7f06290d331a8ea1477ddab80e85,0,contract_or_token,etherscan_labels
0xd78edfea5aa9fdf6ff4859e55082cbe9aeea8b27,1,scam_heist,etherscan_labels
0x2cc8677176499d5af8f3f125d9e6303b56d57e1b,0,contract_or_token,etherscan_labels
0x9d7f70af5df5d5cc79780032d47a34615d1f1d77,0,exchange,etherscan_labels
0x8f462ab32b47f8214943cdbb6c1fe1b959a0264f,0,random_sample,bigquery_random_sample
0xe02307a412196a533d39f3aab925512ad791ac3b,0,contract_or_token,etherscan_labels
0x41cdf8723d2bb46f8b76773199367a2806b69003,1,scam_heist,etherscan_labels
0xb95ca3004b8956c95a77023dfceb977bca511212,1,scam_heist,etherscan_labels
0xa295fb1065d0d905bb6d38a435f0600dd7bb00f1,1,scam_heist,etherscan_labels
0x88aa4a6c5050b9a1b2aa7e34d0582025ca6ab745,0,contract_or_token,etherscan_labels
0xc3314f5f0635eae3ac565fda60027cf95e7e14de,0,contract_or_token,etherscan_labels
0x30bb2bd0ae5b018014d8356a16d665a4c9d69134,0,contract_or_token,etherscan_labels
0xb13b4a5c0863b8075ff5a56cce46351620bb7b38,0,contract_or_token,etherscan_labels
0x3ef573513f172b399c41dca3f173df5b2d43a2ea,1,scam_heist,etherscan_labels
0xc365c3315cf926351ccaf13fa7d19c8c4058c8e1,0,exchange,etherscan_labels
0xff15b600d58421fd5d6bf8defadcea12e2e9219a,1,scam_heist,etherscan_labels
0x18aba11dbfc39af080f7bac499bd0e1dc3579ce9,0,contract_or_token,etherscan_labels
0xa95d569c62617905ee5d2242d91629b1ca64f63e,0,contract_or_token,etherscan_labels
0xc99317ceef9ed2ab9ff0ec99f64f3dd61b09a6b2,0,contract_or_token,etherscan_labels
0x431b366294191cad0e35b66ebda28965ee9694ca,0,contract_or_token,etherscan_labels
0xdb56e9035972117d532b5ab0e261ba0abf8dab4b,0,contract_or_token,etherscan_labels
0x6295f135d2432a74bb8817366b72cb5f7e6d829c,0,contract_or_token,etherscan_labels
0x0ce1121e725fd337526a78d5e1b19cfd6ee8b4b2,0,contract_or_token,etherscan_labels
0xb5891167796722331b7ea7824f036b3bdcb4531c,0,contract_or_token,etherscan_labels
0x2fc93484614a34f26f7970cbb94615ba109bb4bf,1,mixer,etherscan_labels
0xd7b8ef47c08f824cea3d837afa61484e81d14bfb,0,contract_or_token,etherscan_labels
0x109294d46a8dbcaf89673d431436c198df622acf,1,scam_heist,etherscan_labels
0x0f38d3cc3991a90c5b1202c3d9fbcbf1b6b63b35,1,scam_heist,etherscan_labels
0x14719692837fa996d01171bd1211558f4538a64e,0,contract_or_token,etherscan_labels
0xb7f3e051e30baefda37d3dc7cc1f93963edd7320,0,random_sample,bigquery_random_sample
0xaa001863ef8ee2ff2e500ec7811bfe89ab2f0d8b,1,scam_heist,etherscan_labels
0x8b9c0c24307344b6d7941ab654b2aeee25347473,0,contract_or_token,etherscan_labels
0x52cffc2280504d7d23ce304dced4e1689a3546af,0,contract_or_token,etherscan_labels
0xf217f7df49f626f83f40d7d5137d663b1ec4ee6e,0,contract_or_token,etherscan_labels
0x2b2d9a11b6d4f1f010c47166d15b3dee90fee1c8,0,contract_or_token,etherscan_labels
0x1cd2a6dd4e1b29a453a8c01a3c40f5a52f6fa7d8,0,contract_or_token,etherscan_labels
0xcd7cdbab222ed8e4b956d6ae649398a33428b64f,1,scam_heist,etherscan_labels
0x80b42669f3d8bba7618800efe6aed60d90f72e9d,0,contract_or_token,etherscan_labels
0xf539c369136c5f86f7bf408e853c2c6ffacacfbd,0,contract_or_token,etherscan_labels
0xc181eb472f01607f90bff79beb0576fbf51ac6b8,0,contract_or_token,etherscan_labels
0x19ac49b8ee05a137506e11fa931dc8079d9eb2f5,1,scam_heist,etherscan_labels
0x16854a92829bac13d9f485860f03116ee1c99752,1,scam_heist,etherscan_labels
0x2213931efe2b6ffbf75b50710bfa1d7a0d504fd1,0,contract_or_token,etherscan_labels
0x3671b623460f2bba8f9080a3e21b6bd57322ef69,1,scam_heist,etherscan_labels
0x32296969ef14eb0c6d29669c550d4a0449130230,0,contract_or_token,etherscan_labels
0x041fdd6637ecfd96af8804278ac12660ac2d12c0,0,contract_or_token,etherscan_labels
0x5aa70237e22b8e197416f7c128b1d63185359492,0,contract_or_token,etherscan_labels
0xbe172880996fa4f154f930f310139f03108e8ca6,0,contract_or_token,etherscan_labels
0x886834742aaa58033a697e5023e489449bac8ba8,1,scam_heist,etherscan_labels
0xd8eac8f8aea620614428a0a0d9aa24211ec52c1f,0,contract_or_token,etherscan_labels
0xed1e5da50ef80c473eb94885672d610fbcf14e63,0,contract_or_token,etherscan_labels
0xc2d598b37ebb306bb125eb99ad37f72fd97496f4,1,scam_heist,etherscan_labels
0x0749bb8345003bc7fe1fd66ad96d5cf89351901e,0,random_sample,bigquery_random_sample
0x99919109d552966385d6df07d2c05d26c02277b9,1,scam_heist,etherscan_labels
0x33707e4147f2635b43de38942027038b6c160494,0,contract_or_token,etherscan_labels
0x6111e002f3bf3dbb445c15d7971ddc48cb468319,0,contract_or_token,etherscan_labels
0xcab38f1c738042e1e1208da1d4c6e53dd83c80df,1,scam_heist,etherscan_labels
0x60e6b01456fc55de0d893487c7c9cd0851c97064,0,contract_or_token,etherscan_labels
0xf76206115617f090f5a49961a78bcf99bb91cfee,0,contract_or_token,etherscan_labels
0x08130635368aa28b217a4dfb68e1bf8dc525621c,0,contract_or_token,etherscan_labels
0x72e3bbce9f9bb6c9d83618c8a1b02d2e0359cf4c,1,scam_heist,etherscan_labels
0x897b560ec3c5fd1abeb3441e3e7108061418d217,1,scam_heist,etherscan_labels
0x99e90e7894bb35241a28b0f19e5207906237daae,1,scam_heist,etherscan_labels
0x40ef9d43950c742b6cf76a560d7a415206a40037,1,scam_heist,etherscan_labels
0xf268e7c29fa98a7a3bf2bba33d009ff4a849b51e,1,scam_heist,etherscan_labels
0x725440512cb7b78bf56b334e50e31707418231cb,0,contract_or_token,etherscan_labels
0x0b6c000d64923f57638b536183a3ca72427b1c5f,1,scam_heist,etherscan_labels
0xcb2286d9471cc185281c4f763d34a962ed212962,0,contract_or_token,etherscan_labels
0x91f31e08f4dac97c07e8c01e54694629ab94c574,0,contract_or_token,etherscan_labels
0xf4ded4e3e9ed50a33568ae93b44c0b204a00de77,1,scam_heist,etherscan_labels
0x3c8fd45e1c70a73b1410f15c8f4ca110eda45743,0,random_sample,bigquery_random_sample
0x1286f3b61f1207971659102a781a6bb5110afd36,1,scam_heist,etherscan_labels
0xcff2d71362610a828ec82b5abece34d03871820a,1,scam_heist,etherscan_labels
0x337b8d30da6f7dc740693d1d9e7a1fadca3be4ed,0,contract_or_token,etherscan_labels
0xafa43241cf1a1d12268e75f1e7258b805e708da5,0,contract_or_token,etherscan_labels
0x7bc735d6974f6153b1de24e40c0bf5715ca7fe1d,0,contract_or_token,etherscan_labels
0x4214d66e9e1f30a6046b8d9e141ec3e3bbee8c1f,1,scam_heist,etherscan_labels
0xf496bb2080632a98fc14f5ec3f6b5dbebd5400a3,1,scam_heist,etherscan_labels
0xb96c02ad77586f62945e3c259ae9c910c939d8f7,0,contract_or_token,etherscan_labels
0x77ca82cf5d36e6947f1ece22e653b2f05ceabee2,0,contract_or_token,etherscan_labels
0xcb8e690062050617c5921a0da7df30a1a72d76fe,0,contract_or_token,etherscan_labels
0x01e545a18c342f95354e16b457509476e04fd5b9,0,contract_or_token,etherscan_labels
0xc5c5625dcd908e33a519229b0c5c144ef40ad77c,1,scam_heist,etherscan_labels
0x3a96c7833809a14bebc86df3cd6a17b56c2c537c,0,contract_or_token,etherscan_labels
0x3af36545f210f51df77fc8ddfce3e839fe25a288,0,random_sample,bigquery_random_sample
0x788c0d59aee802ee615b3db138215862247f5960,0,contract_or_token,etherscan_labels
0x90bd3887e5287ac32a82a3ff61ee29eefa1a2027,0,contract_or_token,etherscan_labels
0xb457bbbe9072a5801e5efd0a0e66b9f7d2627380,0,contract_or_token,etherscan_labels
0x816f2c13673a4e4cab95f181d2a11a5b5decdcbb,0,contract_or_token,etherscan_labels
0x0de56b00b45a07b15ca09661336f785e7e4d1d45,0,contract_or_token,etherscan_labels
0x0e3e2781ee4ed14758c04eca5b4cc4a7aee459cd,0,contract_or_token,etherscan_labels
0xe7bfcbce8a014f75d3ab847183665d95ec81c9b3,0,random_sample,bigquery_random_sample
0xd9c6c2e01d56bfb72ec19dcbf31ad01ca1b99128,1,scam_heist,etherscan_labels
0xabba34f71f65b3715394a91bde5358bf2d7cdc75,1,scam_heist,etherscan_labels
0xe731cec7f89768c37adae9ffd69e7442131fec1b,1,scam_heist,etherscan_labels
0xe8eb0f7b866a85da49401d04fffcfc1abbf24dfd,0,contract_or_token,etherscan_labels
0xa49e7dc858f84f909a7e9589eaaa2826795c0d8a,0,contract_or_token,etherscan_labels
0xffed80cd21c53c6037d723083598da6ca618e1bd,0,contract_or_token,etherscan_labels
0x9af74a84de5152db4e0e656a8d735b0a3460c227,0,contract_or_token,etherscan_labels
0x2e9eb7634e8c32b086853a7a8da86ffc1ac1a763,0,contract_or_token,etherscan_labels
0x4b45026746e593cd6e8a7af1dd948701bb410d3e,0,contract_or_token,etherscan_labels
0x5805d9fbe564b74a95a5c6cdfe27a1cd31b0ba68,0,contract_or_token,etherscan_labels
0x8d308e01f0401345996552dc391e44c4f3ce8754,0,contract_or_token,etherscan_labels
0xa65aafdb81de45ed9fb188b942ecac3ca5f1a23a,0,contract_or_token,etherscan_labels
0x40d2d5a19dbb423bcbec4c548ed900bfd5deb8ba,0,contract_or_token,etherscan_labels
0x0c435ec48e84ed8845143cc682f216257f383839,0,contract_or_token,etherscan_labels
0x4a4887352025e6f4204f17d65648eb9035c94ab1,1,scam_heist,etherscan_labels
0x66647b8d2df67d17d85fbaa0866864285ff52672,0,contract_or_token,etherscan_labels
0x7557350b360fed8cca7468048da881832d77ccea,0,contract_or_token,etherscan_labels
0x9461e49bc31788b143dc4c743759be834b8c8b62,0,contract_or_token,etherscan_labels
0xe69739d2cbd2df2c0a6152cbeb40834907746e9d,1,scam_heist,etherscan_labels
0x7b504a15ef05f4eed1c07208c5815c49022a0c19,0,contract_or_token,etherscan_labels
0x14516249b863864dbbea1e27265a45e28cbc5bab,0,contract_or_token,etherscan_labels
0xe5791f93b997c7fc90753a1f2711e479773a2a87,0,exchange,etherscan_labels
0xc5dfd2921b48bf2f9c7ca684cfa904fb878d3338,0,contract_or_token,etherscan_labels
0x91672284b49de99f194721bdd729a6739b87f7e7,0,contract_or_token,etherscan_labels
0x38ecae5857a7333cd92bf9aa2e55fd81c9904bea,1,scam_heist,etherscan_labels
0x83be727221eb9b6ff9436455cf81f9b80c12f3d9,0,contract_or_token,etherscan_labels
0x77c885dad564e09c6202b08b0b6650c69160585c,0,contract_or_token,etherscan_labels
0xc31e0a68e6e88c265fe790a98f025651629c8024,1,scam_heist,etherscan_labels
0x71025e7eccb72458ab9af9da77c758f3f1650f7f,1,scam_heist,etherscan_labels
0x28b88cfd875c883cdb61938c97b8d1baabf31c88,0,contract_or_token,etherscan_labels
0x88172e5d79fe75c7aed1453e89ff5d741cfa4ca7,0,contract_or_token,etherscan_labels
0xd4b4d9807d897bcb508af71e37c96fbb643d13a4,0,contract_or_token,etherscan_labels
0x4b87b1ea636ec939d3abc993b3c59c724a468d75,0,contract_or_token,etherscan_labels
0xd4b9ec8ad0b1a34afe72755bc74b7715356b61fd,1,scam_heist,etherscan_labels
0xe943560b36cbfd848c4733bf59aca0692f90c022,0,contract_or_token,etherscan_labels
0xec5de1a56d3a4590b43d545c400ea3e8d79ca77a,0,contract_or_token,etherscan_labels
0xbdd292a8ac7d426820bd0819c697b31c152c9ae6,0,contract_or_token,etherscan_labels
0xa5c3e83fb8d91265b724dd62c3551e91d239c002,1,scam_heist,etherscan_labels
0xee5f413f29f26120e4631b7ae86abd286cd8b77e,1,scam_heist,etherscan_labels
0x9b71dbccd9ffb858899ef3244b09a5354b16048e,0,contract_or_token,etherscan_labels
0x9f3defa23bf72b1c3882b9c011fcf0c3d84f3221,0,contract_or_token,etherscan_labels
0x40f51325958158a25b8115f95906bd3f76e80829,0,contract_or_token,etherscan_labels
0x73476c0fa25017b1b7390a56f401d7f32eec3310,0,contract_or_token,etherscan_labels
0xaf988aff99d3d0cb870812c325c588d8d8cb7de8,0,contract_or_token,etherscan_labels
0x89cb37e0e0269e8f8cc55356d93148f35bf36399,1,scam_heist,etherscan_labels
0x6b69e2a7545c166417a80c61a77562052bffa9c5,1,sanctioned,ofac_sdn
0x8962228ceed52f581d5ec6cc7c2bb30c465285d9,1,scam_heist,etherscan_labels
0xe12b2ef62c6e3c321c8188e60686b43da4511227,1,scam_heist,etherscan_labels
0xcd2003b266c362aced7bb80a74c389723fb7f980,1,scam_heist,etherscan_labels
0xd5b184c12577ae6a49d8a3dd77cae0c553bdf688,1,scam_heist,etherscan_labels
0x73c3435423bf9f6b9af406c1166813aee2552d3e,0,contract_or_token,etherscan_labels
0x5305bf265322a376f29b796438bae9259e8dd962,1,scam_heist,etherscan_labels
0xeefbc2ab6f4a552cd8e37932ffc40f06007f2051,0,contract_or_token,etherscan_labels
0xf01e2b33cb2eb0ff45628acebabb5f6daac3849d,0,contract_or_token,etherscan_labels
0x50115c1eaf8a4fcd472c19f5940dc8732184d101,1,scam_heist,etherscan_labels
0x13f28c463e2e8a01e6043dd21b5f89d09dbe7e60,1,scam_heist,etherscan_labels
0x0edb65e163f9ef42a874fae76ebd010d493e808a,0,contract_or_token,etherscan_labels
0x3528268ea5cc6487f72316d71340015289223b61,0,contract_or_token,etherscan_labels
0x324c5ce78f8a49ec25330721fc1005c89e9220b2,0,contract_or_token,etherscan_labels
0x5e9e3c7becf4ed503f62973f7a38f2c206da2f8c,1,scam_heist,etherscan_labels
0xeecd0087b598d8f30fac9f6e5d4ec7e9839c7af6,0,contract_or_token,etherscan_labels
0x3b91e8af24b1e2642dc0a492069a5219d6459d10,0,contract_or_token,etherscan_labels
0x36452d3e339954869f882252dac4e2e6515bf7f7,1,scam_heist,etherscan_labels
0xda93c59c1aa237cf1c1c22f160bd3b4a13673ffd,0,contract_or_token,etherscan_labels
0xec1a44fdab3806e706c7a0c79ed03c6ccd0a6bfb,0,contract_or_token,etherscan_labels
0x4a025d6f599d02480843efff9239331cb224b473,1,scam_heist,etherscan_labels
0x209e2f044bd334c53451900c576ab18e8cea9b16,0,contract_or_token,etherscan_labels
0x586f48aa01029884b4ba113cdc70b615802aeebc,0,contract_or_token,etherscan_labels
0x0fa4ae2cd726ea6ecf31559c02909a93f4fca439,0,contract_or_token,etherscan_labels
0xfa4c1f3f7d5dd7c12a9adb82cd7dda542e3d59ef,1,mixer,etherscan_labels
0x95584c303fcd48af5c6b9873015f2ad0ca84eae3,1,sanctioned,ofac_sdn
0x9d7a071735dfc0557bc2e9adacbe951201f55cb6,0,contract_or_token,etherscan_labels
0x43e6ff80aa787877c0cf8c836887597da622d4f2,0,contract_or_token,etherscan_labels
0xb4d31d005ad163943a222dff0f1f7b14ab500c6d,0,contract_or_token,etherscan_labels
0x70f1c87b22d7371c68e3ea64870833a2a64cf8b3,0,contract_or_token,etherscan_labels
0x2638d8e942fc4095cc2dfa7569497e9b0f1e89a8,0,random_sample,bigquery_random_sample
0x09c9de1e4a5e930189fee16dee022e6d4d036608,0,contract_or_token,etherscan_labels
0xfff29c8bce4fbe8702e9fa16e0e6c551f364f420,0,contract_or_token,etherscan_labels
0x916b12723de3707372174cb2016e087c66ddfc39,0,contract_or_token,etherscan_labels
0x8debe539ed089cec9bf0a39bb273bbb62ede196f,0,contract_or_token,etherscan_labels
0x2597d649b09266cfbc13bdc893aa5a8a97d5cea8,0,contract_or_token,etherscan_labels
0x3b91a5715494df0d37a3349cbedfbe30b3d3b4f1,0,contract_or_token,etherscan_labels
0x5d311a46fe89ee41368edd7af612d7b8a9e2cb04,0,contract_or_token,etherscan_labels
0x63dd81d8122bfe94bf1161b94c3349307b25a6a8,1,scam_heist,etherscan_labels
0x37abadc14ec8bcfe54d98cc7ec1c3821843e3fd4,0,contract_or_token,etherscan_labels
0x67703f7d089f3ac7c8c13a18b2381cbd7ee3eded,0,exchange,etherscan_labels
0x5c186e95ba4f3fafbe48ee5c48dfd388531972b7,1,scam_heist,etherscan_labels
0x5141fbed1a4eb6370abb7ce1a31093c3db3c5b38,0,contract_or_token,etherscan_labels
0x3a2fb39f16afa7f745375d4181e80ee9f962ea90,1,scam_heist,etherscan_labels
0x3a50efb9a94d1559e183cc7df39fea9e00892009,0,contract_or_token,etherscan_labels
0xfe804250cac2f7675b91556de00c30237da5912c,1,scam_heist,etherscan_labels
0x2708e51009ffefc7e271cae5d7d74b9af61bcf5f,0,contract_or_token,etherscan_labels
0xc5ea31f7e661ca641ba8d6f4ab93e2988105a5fc,0,contract_or_token,etherscan_labels
0x7a2e8054ae593be2d5699640a219488be48f6281,0,contract_or_token,etherscan_labels
0x1d108372a83fbc3a0bfb7ca4d0e427449e7a5ca2,0,contract_or_token,etherscan_labels
0x3621f3c4c99e52221974fd7f6d0dacc958b112d2,0,contract_or_token,etherscan_labels
0x8f19fff300a55dc8d2c5f321526b1647589cab58,0,contract_or_token,etherscan_labels
0x9c4bc1886276a86bd263a42a114c1d9bb2381f9b,1,scam_heist,etherscan_labels
0xdac256378fa61bacec37a18a15fd7e5c03f48c86,0,contract_or_token,etherscan_labels
0xe62f9cc7241d25030725183fb687547959580f40,0,contract_or_token,etherscan_labels
0x151f89c6546c4512e873d96454b5f8bd80d088e8,0,contract_or_token,etherscan_labels
0x7da51d06c07f37498c6d98345eb0f7a55980673a,0,contract_or_token,etherscan_labels
0xd3678d44fdd5b0961d8ad11c366a3bc0c1ab8914,1,scam_heist,etherscan_labels
0x1b990fe53dfd1abd3fa4b3f36f6f82029d31488c,0,contract_or_token,etherscan_labels
0x34d6a73f3e7c282aeafce64a74c1ebeaebfa5459,0,contract_or_token,etherscan_labels
0xaf1accaf50ef023972c57c2dfdaaf40a77f14fba,0,contract_or_token,etherscan_labels
0x8d509a5ab4ac87eec0fd1610d3dbfc85b8bc0162,1,scam_heist,etherscan_labels
0x42a6c54ea2a56a80a827a4c2f0b9352ebcc3fd4d,1,scam_heist,etherscan_labels
0xb28b361e648fe85b87061bcdabe012d55c5c44fd,0,contract_or_token,etherscan_labels
0xb52744ea2d3b9e1c9e09425cc2c591fe4dcd11fd,0,contract_or_token,etherscan_labels
0xf264edb7e2818204c0ecf62bdd514b815f6a271f,0,contract_or_token,etherscan_labels
0x22cb926b63e378ab50af1f569b194e0ae0d40da2,1,scam_heist,etherscan_labels
0xb78421bbf3ca0295c8b49e65306e56e71e6ecd15,0,contract_or_token,etherscan_labels
0x1b29dd8ff0eb3240238bf97cafd6edea05d5ba82,0,exchange,etherscan_labels
0xd882cfc20f52f2599d84b8e8d58c7fb62cfe344b,1,sanctioned,ofac_sdn
0x28e598846febb750effc384853fbce82988eaaa2,0,contract_or_token,etherscan_labels
0x532b77b33a040587e9fd1800088225f99b8b0e8a,1,sanctioned,ofac_sdn
0x8fcb15d8fc647c22af2453bf50aab6d6fd84c60a,0,contract_or_token,etherscan_labels
0xd3d8f65ecd0b6917cb1543cbeb1cc920ce0c769c,0,contract_or_token,etherscan_labels
0xb473c2606f7ac371518b13d2d097c34c38ca33d5,0,contract_or_token,etherscan_labels
0x9f8d112a31d49f14f99955af88cd509683db2d28,0,contract_or_token,etherscan_labels
0x9fd41f57c7f6a65b5b43c1a707ecee4b24aab9e7,0,random_sample,bigquery_random_sample
0xae81762fa6b0cea64520b3a746a5d2b418792a81,1,scam_heist,etherscan_labels
0x1c289a12a8552b314d0d153d6991fd27a54aa640,0,contract_or_token,etherscan_labels
0x6cacdb97e3fc8136805a9e7c342d866ab77d0957,0,contract_or_token,etherscan_labels
0xf3aef92b23746389078228709bd157a0933d8b06,0,contract_or_token,etherscan_labels
0x42cba10bdef40bc1c10abdde757bb6e6e0f299f5,1,scam_heist,etherscan_labels
0x22d75aeae9512ac66358fda54412903b693942b1,1,scam_heist,etherscan_labels
0xd9346ab5a2ed5e32f5fc69a5cccf45211307ffc5,0,contract_or_token,etherscan_labels
0x31c2507dfdbb7904201f28a7e18a70f2cb8cd03e,0,contract_or_token,etherscan_labels
0x0e26a21013f2f8c0362cfae608b4e69a249d5efc,0,contract_or_token,etherscan_labels
0xa7a7899d944fe658c4b0a1803bab2f490bd3849e,0,contract_or_token,etherscan_labels
0x27054b13b1b798b345b591a4d22e6562d47ea75a,0,contract_or_token,etherscan_labels
0xb1f9ec02480dd9e16053b010dfc6e6c4b72ecad5,0,contract_or_token,etherscan_labels
0x0de0f6fa32890acf4efe28623077ec0686f52323,0,contract_or_token,etherscan_labels
0xa29d8193370632e65f00e25a518230147e410660,1,scam_heist,etherscan_labels
0x7cdb1b4081854aa1bc2c7c2a511a0192ec976b64,0,contract_or_token,etherscan_labels
0xb2aef5dbec896830b7391c3d7dee130ad36b8e9f,0,contract_or_token,etherscan_labels
0x1ef47583f1cce8bd1aee979ef947e07e08f88506,1,scam_heist,etherscan_labels
0x2d7a9b85cfe5df8f9b8d8438aa2c98e5976f2150,1,scam_heist,etherscan_labels
0xaad387f18e015cf9be4bdf96854845be51ddc977,0,contract_or_token,etherscan_labels
0xea7d2a8b93e26ea58c6a8f0f138dea9c11086d64,0,contract_or_token,etherscan_labels
0xfca6443846fa6c4d02947d7e7baf3667bc9742d0,1,scam_heist,etherscan_labels
0xdda73dd604805c16db2750b94c5ad844ed6cfbca,1,scam_heist,etherscan_labels
0x710247dfb1ce48e5add96537c8798a268f62f4ab,1,scam_heist,etherscan_labels
0xb519cb3ed5764a2d1150fa48dfcd41dcce757232,0,contract_or_token,etherscan_labels
0xdfef9aac9fed1dd7e4b94b713bc0fa5e188d7ea4,0,contract_or_token,etherscan_labels
0x613e990e77eeec417a1d3f413dba5741b59f5755,0,contract_or_token,etherscan_labels
0x54d09bd1812619bdd2c7ecd772316a3172d3cb3d,0,contract_or_token,etherscan_labels
0xc55458d09ae7b98f23c8d1b977e4ab003b8a3800,0,contract_or_token,etherscan_labels
0xcf0b90c767676dc0eea990cbb90680358abc745c,1,scam_heist,etherscan_labels
0x46656f0004b5f8f34032fc8c1abbb05c364506f9,1,scam_heist,etherscan_labels
0x585846fafae6740c2dc68c64f8c6b32a77c1cc94,0,contract_or_token,etherscan_labels
0xa1181481beb2dc5de0daf2c85392d81c704bf75d,0,contract_or_token,etherscan_labels
0x804be24f625c7e23edd9fa68e4582590c57ad2b3,0,contract_or_token,etherscan_labels
0x8c101f823f94252656e8375557b524459e6e196c,0,contract_or_token,etherscan_labels
0x796bc3622a6e0cd32e7bc02a9b6d6fdcbaf1cb26,0,contract_or_token,etherscan_labels
0xdbd04d5c62017844b6db846cfc8aaaad2f4a63de,1,scam_heist,etherscan_labels
0x1a35630144f0663f6efc775a58ed62eeed6cdedf,0,contract_or_token,etherscan_labels
0x35e057137060cd397bd82e3dff54beba480e7012,1,scam_heist,etherscan_labels
0x3c8ba16083b5ad8055a55e04d1925c1fabaae3de,0,contract_or_token,etherscan_labels
0xe049561c04441fc606d58963f7d135f42dbdc83c,0,contract_or_token,etherscan_labels
0xdd62dc215524f5809e04478a51e5d7665a9f9047,0,contract_or_token,etherscan_labels
0xe2b5b962bc312dbf98241120de371ce5e726057c,0,contract_or_token,etherscan_labels
0xf9dfee233a6e6d8d8ba70a62561989d09021d0f7,0,contract_or_token,etherscan_labels
0x34da5c87290c8e9ae959fa90f259e3928d3f505f,0,contract_or_token,etherscan_labels
0x4b49a1be025090740667a6653e2ad6792f3c279d,1,scam_heist,etherscan_labels
0xf52e78d8cc299aa43da5e2b27c7b27f5bda9095a,0,contract_or_token,etherscan_labels
0xf779bdde38c39138dcaf1514b8a6b8a6c165642d,0,contract_or_token,etherscan_labels
0x7fc95945eaa14e7a2954052a4c9bfbaa79d170ae,0,contract_or_token,etherscan_labels
0x9866772a9bdb4dc9d2c5a4753e8658b8b0ca1fc3,0,contract_or_token,etherscan_labels
0x08fa1badac329a0b78ec73625357f9ac82e90697,0,contract_or_token,etherscan_labels
0x89e51fa8ca5d66cd220baed62ed01e8951aa7c40,0,exchange,etherscan_labels
0xc16a101973403a71a1d42fdc12fed3c5f45e5bfe,1,scam_heist,etherscan_labels
0x6a25fdd70dffc2480b00186708d592505a1f80fb,1,scam_heist,etherscan_labels
0x8d10e4b59db263ef4e7b88fcaacfc9ecb821a962,0,contract_or_token,etherscan_labels
0x4d130a28b8daad1e1281e19dbea1ae8561df1292,0,contract_or_token,etherscan_labels
0x2ec02682d8d8ae9dee090f2740f70d2e3392428e,0,contract_or_token,etherscan_labels
0xa426319cd0787a74bd188cfe167638e49a1fd66e,1,scam_heist,etherscan_labels
0xadcd4fde447c10df243c01828a6298958e69a3f6,0,contract_or_token,etherscan_labels
0x954e5e6b11f3adbd1fffa90e4b718103938a3468,0,contract_or_token,etherscan_labels
0x5f30aac9a472f6c33d5284f9d340c0d57ef33697,0,contract_or_token,etherscan_labels
0x1090cdfd5e7aac76248665d530b0a63d4da3f9a5,0,contract_or_token,etherscan_labels
0x1b8e98fb1b6cf8a58e0f03b06f831c3bf49ffe6e,0,contract_or_token,etherscan_labels
0xf6d919fff50cc5184c9ab976a7030d42f63911c8,1,scam_heist,etherscan_labels
0xcacc5664def7d868f80f6d55157aae0c3aebd348,0,contract_or_token,etherscan_labels
0xe26e8603ab8c05f62a180b1803a815d0c03080c3,0,contract_or_token,etherscan_labels
0xeaa5a966f1dc72d62bb31b14d336cc359ee2e46f,0,contract_or_token,etherscan_labels
0xb2250d8987826360ba1a1c755892f81486a12f6f,0,contract_or_token,etherscan_labels
0x5d1da9cdcb7bf21c710a8cb10a7e8b6ae3b94752,0,contract_or_token,etherscan_labels
0x640e4def77836741c4729ef5562878948e30b0ca,0,contract_or_token,etherscan_labels
0x1da92f6a396eeb104ad13743486b450bd8b96e62,0,contract_or_token,etherscan_labels
0x02d24cab4f2c3bf6e6eb07ea07e45f96baccffe7,0,exchange,etherscan_labels
0x2436347eb384668868d7a33166419da222df8210,0,contract_or_token,etherscan_labels
0x56820f78efd1061d174f7a460cfd9d8e4283069b,0,contract_or_token,etherscan_labels
0xa10defd99c6ac13cac3ff85971772a918a2bda79,0,contract_or_token,etherscan_labels
0xdb9d4e3161dda1d7444d7076ce418b8e0736038e,1,scam_heist,etherscan_labels
0x32dd66abebf9b72562a3f6323c254822c28a8972,0,contract_or_token,etherscan_labels
0x89c4d11dfd5868d847ca26c8b1caa9c25c712cef,0,contract_or_token,etherscan_labels
0xcf902ecf545ea697fcc7b9ded9ca5b18da3c3cb5,0,contract_or_token,etherscan_labels
0xaf7f328d24e4c2a5b886b689eac3693d7ec15110,1,scam_heist,etherscan_labels
0x94793adfb7fef284f942aa82f13fc56591816869,1,scam_heist,etherscan_labels
0x77f925c43d0ac2abd8ab826a94547fa33ea1686a,0,contract_or_token,etherscan_labels
0x8b225d7b6f08eb51422c5b3c94e5ec4ffed15d85,0,contract_or_token,etherscan_labels
0x04f7e8038afd52bdcffcd17d9992e546d6918bbb,0,contract_or_token,etherscan_labels
0xeb318093cab46b7eb897e2869527e211fb464f4c,0,contract_or_token,etherscan_labels
0xfe1fc5b9689a71f6d83b28710bf331b57a5d0590,0,contract_or_token,etherscan_labels
0x7a31d4c5f51f6ea88139c5604c21cf3a471f4b23,1,scam_heist,etherscan_labels
0x5f2ad469c1c72f3727de77844932b6909118e2c0,0,contract_or_token,etherscan_labels
0x7a2feafed3b16b86420dc2f0e635cfc709ceb9c3,0,contract_or_token,etherscan_labels
0x92abceb64be1bfbd685e21fee68c08ce738ef3d1,0,contract_or_token,etherscan_labels
0xcffad3200574698b78f32232aa9d63eabd290703,0,exchange,etherscan_labels
0x2389c96954715e0146147b9be9944b72a2e66678,0,contract_or_token,etherscan_labels
0xfdda23ac2306c144ce65e864c5e14e030cd50795,0,contract_or_token,etherscan_labels
0x6f4de9db463f6bcf0fba0280304c1367835d42b3,1,scam_heist,etherscan_labels
0x287a96157bed0929f464116a4c0bb5218b4721f6,0,contract_or_token,etherscan_labels
0xb9440022a095343b440d590fcd2d7a3794bd76c8,0,contract_or_token,etherscan_labels
0x870e09d55c58f133bd2baffd827df289c642f5da,0,contract_or_token,etherscan_labels
0x18c3a2a482efb7914b658836a153c8c562fa61cd,1,scam_heist,etherscan_labels
0x35939b1d64190b9bde544f2084df1e03c7aa0c7f,1,scam_heist,etherscan_labels
0x5a2943b25ce0678dc0b351928d2db331a55d94ea,0,contract_or_token,etherscan_labels
0xf3d4206b8f2b7c63290661c99a2b494aef3b8c30,0,contract_or_token,etherscan_labels
0x71803170c1a0298c0ab62fcb540ae769949e4958,1,scam_heist,etherscan_labels
0xf25b3fac699fba5aa2023803f65676b668618b66,0,contract_or_token,etherscan_labels
0x7612fa628a2e81765ec7326859aac66027bf2b78,0,contract_or_token,etherscan_labels
0xe7689b2c21242e07870aaa0ffee1ec11833d5e24,0,contract_or_token,etherscan_labels
0x99d0d51244a791da27b0fc64dde015e446767a8a,1,scam_heist,etherscan_labels
0x899b5d52671830f567bf43a14684eb14e1f945fe,0,exchange,etherscan_labels
0x5cf95fa2d491599d954c106b7152137002dacc9f,0,contract_or_token,etherscan_labels
0xb903eff885a2fd0f9896bab1ee009bdfa3cb374b,1,scam_heist,etherscan_labels
0x1f06f01fdbdcdf1a6604878cbd90e88ad6d3c654,0,contract_or_token,etherscan_labels
0xc1fd33ecdcea2c61e3cc808ae12319548dc05027,0,contract_or_token,etherscan_labels
0x9525614996f0f5067bdbc7e7fe11aaa99bfa67d3,0,contract_or_token,etherscan_labels
0xb6c25bc0722571e149a25063a8d47252ccef8bbc,1,scam_heist,etherscan_labels
0xc5578194d457dcce3f272538d1ad52c68d1ce849,0,contract_or_token,etherscan_labels
0xf86710f80bb24d31fb219f06fe2953b825ab2975,0,contract_or_token,etherscan_labels
0x4dd3274fd9baf289de0794a18ca5c174648318b4,0,contract_or_token,etherscan_labels
0xe9629eb18dbdc2bfd9e1bbcf30d2d6e801c532a4,0,contract_or_token,etherscan_labels
0x76d92cad8625eb61fb2044047f0ce1edac1abf48,1,scam_heist,etherscan_labels
0x8e32bb902f5cdbae197a0d4aa0d5c4f98f8d469b,1,scam_heist,etherscan_labels
0x3be7f8389554b2437cb156ca371463f138803a06,0,contract_or_token,etherscan_labels
0x4e9636268057b496aaf891bef5198a5b2d67b731,0,contract_or_token,etherscan_labels
0xd8e9690eff99e21a2de25e0b148ffaf47f47c972,0,contract_or_token,etherscan_labels
0x5d0ce4389bcb2975c80de0c996ad532eb85ba3bc,0,contract_or_token,etherscan_labels
0x239c53350be2b399fe104f0e207e26dfb24164f3,0,contract_or_token,etherscan_labels
0x00c3b364d7b2e78a3ae9a0befe1419c7f9fd8321,0,contract_or_token,etherscan_labels
0xb8a1447ddb427a9bc83bc7d0b14aaabbb737695e,1,scam_heist,etherscan_labels
0x827e1ebba7d486e67a56882dabd38f8a6b9d1a42,1,scam_heist,etherscan_labels
0xeaadde1e14c587a7fb4ba78ea78109bb32975f1e,0,contract_or_token,etherscan_labels
0x0d80f8a039cc61b659ff299bb132de271c757325,0,contract_or_token,etherscan_labels
0xfaca9621b2c41188bf9cd0a42b1f019d0b207da8,0,contract_or_token,etherscan_labels
0x382c4a5147fd4090f7be3a9ff398f95638f5d39e,0,contract_or_token,etherscan_labels
0x7ee7ca6e75de79e618e88bdf80d0b1db136b22d0,0,exchange,etherscan_labels
0xa3eb0b5bf6faff81438be428b6ca5ce8acad919e,0,contract_or_token,etherscan_labels
0x32ab89ab02e13e933ea0ff3b758ce702b618ded0,0,contract_or_token,etherscan_labels
0x85c8a5695c1df7bbf47452e4cbb9849c51c85f9e,0,contract_or_token,etherscan_labels
0x406ffef38af87a170babc5b9b853d2ecef3e596e,0,contract_or_token,etherscan_labels
0xf1976b71fde78bd211fe47c76484968faa6d6c62,0,contract_or_token,etherscan_labels
0xb594855535a10b68c06b3ee03d0d5ec030a68d53,0,contract_or_token,etherscan_labels
0xde666320af7ddc5c0f78974803a7b60112fe9b9b,0,random_sample,bigquery_random_sample
0xa777460766c4c4c39bd8559b0afc16fcb7c59de0,0,contract_or_token,etherscan_labels
0x7b8760a8895e638c4e0f6c71ada5b6d305753f8e,0,contract_or_token,etherscan_labels
0xd79d825c3022e641368e77b3883c14d86694dd69,0,contract_or_token,etherscan_labels
0xf6c09ed1d9db093d8de0a292ef9a5589f5b340a1,0,contract_or_token,etherscan_labels
0xd8b3614ef484045ba39478c5f3e3161175a1c37f,1,scam_heist,etherscan_labels
0xa0194f845cc78d1c03c6601ff18cd55594cbb380,0,contract_or_token,etherscan_labels
0x0040a2cebc65894bc2cfb57565f9acfa33fab137,0,contract_or_token,etherscan_labels
0x04dba1194ee10112fe6c3207c0687def0e78bacf,1,sanctioned,ofac_sdn
0xdafd66636e2561b0284edde37e42d192f2844d40,0,contract_or_token,etherscan_labels
0xc87d18d6aef872893fbb76b2038a733e2f15c6f2,1,scam_heist,etherscan_labels
0xe2c7b75ae19d1029935e7c4c497fbfca395c936c,0,contract_or_token,etherscan_labels
0xd977c9895a2c79311b70784633dc5308d1165041,0,contract_or_token,etherscan_labels
0x091f4e13fc619c3f8e0b65e8f9728d8fbe2a6715,1,scam_heist,etherscan_labels
0xa1eda8392ea716392449d934b0bdef62e8a0cf17,0,contract_or_token,etherscan_labels
0x772d7550683e57afe86c084a13d21ca6636dfae9,0,contract_or_token,etherscan_labels
0x3e925a0f8533360b1cc3a639fd25196e59ce1f19,0,contract_or_token,etherscan_labels
0x32e0ecc968d1e68a5042014741dcb5b156711f4d,1,scam_heist,etherscan_labels
0x2c85669157adf4dde13c46b6323ff4593c7e86f8,0,contract_or_token,etherscan_labels
0x99d60e3c0bc60cbedc8097b07d00ab3de6d18208,1,scam_heist,etherscan_labels
0xfcfee7769c012578877dc787a5d9a339cc5920a1,0,contract_or_token,etherscan_labels
0xc79faeed130816b38e5996b79b1b3b6568cc599f,0,contract_or_token,etherscan_labels
0x42436286a9c8d63aafc2eebbca193064d68068f2,0,exchange,etherscan_labels
0xaf59044157ed99f3630c4c67f8870e09a5d1a6e2,0,contract_or_token,etherscan_labels
0x0b29985240036c6b9c621ab8acac0bca93ee8560,0,contract_or_token,etherscan_labels
0x7b3cc5ff266600b1abf70b47aecd0c69cc092d6e,1,scam_heist,etherscan_labels
0xd346d3eeae2f81755ddfb9bff907a8b492edc93f,0,contract_or_token,etherscan_labels
0x69a0a51bdfd1488113a25471e576b1770f499634,1,scam_heist,etherscan_labels
0xea0cfef143182d7b9208fbfeda9d172c2aced972,0,exchange,etherscan_labels
0xc5821896d6d46da0a7049fbfdcef6643aa0fd71b,0,contract_or_token,etherscan_labels
0xcea34eab9aff589736e888752259ecce2d9b0fa7,1,scam_heist,etherscan_labels
0x623377169f36d62496ec31f1ff06f7d13cb84e5d,0,contract_or_token,etherscan_labels
0xcfe93482bb4f48fb4c60c8966e2656244a731403,0,contract_or_token,etherscan_labels
0xe1c109a59dfbe3d34909fef4c27e709b87c277f9,0,contract_or_token,etherscan_labels
0x6f831f26444100e592afb5d0d9b723c3e475df73,0,contract_or_token,etherscan_labels
0xd822b23f5857e5166e40110febec3fc786a422c8,0,contract_or_token,etherscan_labels
0x0b09b42d6e4907b1f3d1e04e6851d1592afba965,0,contract_or_token,etherscan_labels
0xe4fa8b87fc76a202eea8eceb435af38b9fdb8b6e,0,contract_or_token,etherscan_labels
0x3e892385b9a19ba6d4c1c01f88c1a9301efc338c,0,random_sample,bigquery_random_sample
0xbccbad74ac782ec9e299f2efcc0f757907fd69f9,0,contract_or_token,etherscan_labels
0xfe327a8fda62c084cd270247c71394257c1f1951,1,scam_heist,etherscan_labels
0xac7139ea81c650a1472992890df8211828937937,0,contract_or_token,etherscan_labels
0xdd16ea314a98fc8fa99ff1ac24ca58365763d7ca,1,scam_heist,etherscan_labels
0x62285266b5ec3d5b8867c84b807b79b2c13892ec,0,contract_or_token,etherscan_labels
0x42d02f4cd48bdac116b7e3a4895f586777948fae,1,scam_heist,etherscan_labels
0x4b7ee45f30767f36f06f79b32bf1fca6f726deda,0,exchange,etherscan_labels
0x6038d02efa434cff67aee7e206de976590eae568,0,contract_or_token,etherscan_labels
0x6cce20d60b72755c93d4b39490813a1f54ab1114,0,contract_or_token,etherscan_labels
0x07aa4336301b36da9c614ef25bdb07c6780e7ade,1,scam_heist,etherscan_labels
0x4be2b2c45b432ba362f198c08094017b61e3bdc6,0,contract_or_token,etherscan_labels
0xafd2cdb6bab1592ca6a83806a8b1f265c64b3002,0,random_sample,bigquery_random_sample
0x99e60e05569c296be89ac96b2b4069cee38ba524,0,contract_or_token,etherscan_labels
0x28bcc55d13bfa75a9012f24c2e025c41f93879e5,1,scam_heist,etherscan_labels
0x9d0beec8d63ef6484686d1f8470be62a210b7dbd,0,contract_or_token,etherscan_labels
0xd7a488bc70f46120b5a73b19dc26f8ec9d4cc048,1,scam_heist,etherscan_labels
0xee770c94ce5c318d161d5f19839873968f647d88,0,random_sample,bigquery_random_sample
0xe94a988dfcbdaf5f1ea73213b50962f0c39ab628,0,contract_or_token,etherscan_labels
0x9cbc2a6ab3f10edf7d71c9cf3b6bdb7ee5629550,0,contract_or_token,etherscan_labels
0x45406ba53bb84cd32a58e7098a2d4d1b11b107f6,0,contract_or_token,etherscan_labels
0x42bec8082f3d5a9db6cddd781ea873957a3711bf,0,contract_or_token,etherscan_labels
0xe269e0151f6bc8e226211d517516fa808667c3cb,0,contract_or_token,etherscan_labels
0xe4b8ea96bdb922fe9e45586d9079d14d75e23edd,0,random_sample,bigquery_random_sample
0xa13af6789237ea64de3022ef60a319ff4a098167,0,contract_or_token,etherscan_labels
0xdd9b965b230c714861d1ed16109cdef75bb219fc,1,scam_heist,etherscan_labels
0xd0600b15615420d594c8357248f67368a0a2064b,0,contract_or_token,etherscan_labels
0xe5d505055a4c607cf9049b0629c7f069abaa8dbf,0,contract_or_token,etherscan_labels
0x287a2983578b98ae6bdaf7a9dcc7d8037ed87a97,0,contract_or_token,etherscan_labels
0x01eabcd4b29d0ad93db44206fa31676a6b8ce80f,1,scam_heist,etherscan_labels
0x2f0ee2e08691aacf80ab5957bec6b1110a368536,0,contract_or_token,etherscan_labels
0xa5432a868622a4a75d5fac8d9e201fd7950ff28a,0,contract_or_token,etherscan_labels
0xef1d978435bc94a130885b39e49140c3fcffd93f,0,contract_or_token,etherscan_labels
0xc3f279090a47e80990fe3a9c30d24cb117ef91a8,0,contract_or_token,etherscan_labels
0x26e2001cc799828fc46771978821f69fd4dff268,0,contract_or_token,etherscan_labels
0x5eefa659add8c59fc4d672bf9a70f8a14dbf3703,0,contract_or_token,etherscan_labels
0x10d11d511019f85f977a553ec5a6a421d038efdb,0,contract_or_token,etherscan_labels
0x670e762497a87b40735380347f87a1e8a36f4b47,0,contract_or_token,etherscan_labels
0x83e6f1e41cdd28eaceb20cb649155049fac3d5aa,0,contract_or_token,etherscan_labels
0x554b8abf5ba982c39da9b8ee6f784b21435e0aa1,0,contract_or_token,etherscan_labels
0x4251d77efec4e1a3efc8010594b1b3f118e8c05b,1,scam_heist,etherscan_labels
0x30045ad74f4475e82dcdc269952581ecb7cd2bad,0,contract_or_token,etherscan_labels
0x1701ae062790cad36a1ccd2c7ebcc26387d12647,1,scam_heist,etherscan_labels
0x0653441ab038d44e1d8c85f1d0d805e8270ffe4f,1,scam_heist,etherscan_labels
0x7d4f4f8299a410075d4712af8f0bd948d456a4c4,1,scam_heist,etherscan_labels
0x711753e72e93ce9ff618b671fca036a33d41007d,0,contract_or_token,etherscan_labels
0x072b999fc3d82f9ea08b8adbb9d63a980ff2b14d,0,contract_or_token,etherscan_labels
0xb79ae2655a5884e9c474ab9015d662bb825e58ce,0,contract_or_token,etherscan_labels
0xdbb8bc5468be1e6b4accdb1b2779af2f0ed64eed,0,contract_or_token,etherscan_labels
0xcdbe46fe9102098f7596f35a9ef1d93eeca5a403,0,contract_or_token,etherscan_labels
0x85507c632849b9f2ca10a86e3935ae0bd140e575,0,contract_or_token,etherscan_labels
0xfa5a9c726d9d4dff504ab308eaf9ffe3baeaf75e,0,contract_or_token,etherscan_labels
0x2f50508a8a3d323b91336fa3ea6ae50e55f32185,1,mixer,etherscan_labels
0xc0afb2f08a6ffe6c0209514d04c1841b1080979a,1,scam_heist,etherscan_labels
0x069f49ce7aa047729555d28054e6b4e97b1e7d4c,0,contract_or_token,etherscan_labels
0xbe33499a56785a795e41132574423e72ce0ead54,0,random_sample,bigquery_random_sample
0x2c34c3a6ddf2e7c62bf4b89896af641df3730358,0,contract_or_token,etherscan_labels
0xc47dd7e848c4e9d88a2e9c0df78ea104fc7feef0,1,scam_heist,etherscan_labels
0x5f48c2a71b2cc96e3f0ccae4e39318ff0dc375b2,1,sanctioned,ofac_sdn
0x9dfa6626eaf26635d48210714ff7fe5ef09fb72f,0,contract_or_token,etherscan_labels
0x6dcb8f997bd5abcebfcba11cecf3deefbb8c5075,0,contract_or_token,etherscan_labels
0xb5de0c3753b6e1b4dba616db82767f17513e6d4e,0,contract_or_token,etherscan_labels
0x37fc088cfd67349be00f5504d00ddb7f2274b3f6,0,contract_or_token,etherscan_labels
0x58ef3abab72c6c365d4d0d8a70039752b9f32bc9,0,contract_or_token,etherscan_labels
0x44a03922ebe77e0e9ffb05e934fe64619d592c96,0,contract_or_token,etherscan_labels
0xfae2809935233d4bfe8a56c2355c4a2e7d1fff1a,0,contract_or_token,etherscan_labels
0xee893a5a1c08f777daf8ff4ebce337314c64a608,1,scam_heist,etherscan_labels
0xe0454a40a44bb7d8f1cca2367c1101458b838e3f,0,contract_or_token,etherscan_labels
0xadfeda995d1d1faf195a636b8fb2c496a175f6df,1,scam_heist,etherscan_labels
0x85759961b116f1d36fd697855c57a6ae40793d9b,0,contract_or_token,etherscan_labels
0x5f754864e0d7aa38a80367c41738d48aff55180b,0,contract_or_token,etherscan_labels
0x7c175a3fd4d2f14e40ac418a1e004dfc8edd3ba8,0,contract_or_token,etherscan_labels
0xe316eed1154b3c78b8b39495610427f56c127685,0,contract_or_token,etherscan_labels
0xe5ac9548275787cd86df2350248614afab0088ee,0,contract_or_token,etherscan_labels
0x5c07465b7062e1bc56e66cc8649d6e986d6e0979,0,contract_or_token,etherscan_labels
0xa472a8a7b21061a8839837ba342e1520a1fa63ed,0,contract_or_token,etherscan_labels
0x2bf026317d03e95a367ccb81ca247c04fa97b1e2,0,contract_or_token,etherscan_labels
0x6d0083fb8c8d4c62441fee5b5be2cc21182b5fe3,0,contract_or_token,etherscan_labels
0x4b15e8f9f9f5ca2fa91504ddb4b133e325a60e6d,1,scam_heist,etherscan_labels
0xcd682ef09d07668d49a8103ddd65ff54aebfbfde,0,contract_or_token,etherscan_labels
0x4c5beeaf1905d6253fbc7042d36aad988ccad280,0,contract_or_token,etherscan_labels
0x04771d6e1c4b1a6912c74ec53e6d1e83b45e4e9b,0,contract_or_token,etherscan_labels
0x40b0249eea9631a46819ab7bbd2d5cafceb76c49,0,contract_or_token,etherscan_labels
0x5e9b033f409be3d2ecf719f50209198aedd33abc,0,contract_or_token,etherscan_labels
0xe8d754546a60b7204933be8675dd7a7f0080a999,0,contract_or_token,etherscan_labels
0xf66852bc122fd40bfecc63cd48217e88bda12109,0,exchange,etherscan_labels
0x2363c7ed38bd66d8175f7a10e7bcb009ea9a5cb7,0,random_sample,bigquery_random_sample
0x01e060498c74141ec7454c6b8cc670dd1a99a2dc,1,scam_heist,etherscan_labels
0x9597384dcf235e973aee5ae852fd936e9f27d4b0,0,contract_or_token,etherscan_labels
0x254d519110d215fb657c621afc7d4b76ce2c0265,0,contract_or_token,etherscan_labels
0xcec702bfaf5563f6cd997ee7829b723ca21704fd,0,random_sample,bigquery_random_sample
0x4f026054b9c934d92cd2db344ea1ae193a22067d,0,contract_or_token,etherscan_labels
0x55033cf2696ab922913d2589c424ae5326ee23c6,0,contract_or_token,etherscan_labels
0xe638b755d41eb421eec47386e516d56bf61f8da2,0,random_sample,bigquery_random_sample
0x0f4631477b7b9ff0722c7bc9c85841d277158252,0,random_sample,bigquery_random_sample
0x6d59cf780d70927f022e3b827f31d6a6235a8d20,0,contract_or_token,etherscan_labels
0xf339a90f767a8bd69748dedb17fa93aa4825c3f4,0,contract_or_token,etherscan_labels
0x5726406d034fe8a83497ac7500009c24b03925f8,0,contract_or_token,etherscan_labels
0xe79590c1d8cbf6f3217b734dae7abd1b06b68d48,0,contract_or_token,etherscan_labels
0x795e951a5e9ba5ecf54917ac8df963e588966f44,0,contract_or_token,etherscan_labels
0xb37094c1b5614bd6ece40afb295c26f4377069d3,0,contract_or_token,etherscan_labels
0xa55a0baaab6741d446986322751b8cc8484c6c81,0,contract_or_token,etherscan_labels
0xf922430ffec925cf33302f0fc84b811b04124025,1,scam_heist,etherscan_labels
0xac94634cefe9064ab4ed230c0553363ec4e894e9,1,scam_heist,etherscan_labels
0xca1308e38340c69e848061aa2c3880daeb958187,1,scam_heist,etherscan_labels
0x54bcda39466cb5c445f72d9e81ac3184c4f1520e,1,scam_heist,etherscan_labels
0xc0f0ab9767ec5117cc640127255fad744ddc55b0,0,contract_or_token,etherscan_labels
0xd48c88a18bfa81486862c6d1d172a39f1365e8ac,0,contract_or_token,etherscan_labels
0x47a03604c548262857689dce83280e1f91f1180c,0,contract_or_token,etherscan_labels
0x6b02dd9b278b37e88d3ba1c56b4fb8c2f81b8016,1,scam_heist,etherscan_labels
0xde7e1a76d036c4786ed59fe4344e004122746416,0,contract_or_token,etherscan_labels
0xf05fd86c9b2f5e883165fc7de5e41f65ac5494c7,0,contract_or_token,etherscan_labels
0xaff00f09537c50c62bd04b03c54267f990831b44,0,contract_or_token,etherscan_labels
0xed03ed872159e199065401b6d0d487d78d9464aa,0,exchange,etherscan_labels
0x55890b06f0877a01bb5349d93b202961f8e27a9b,0,contract_or_token,etherscan_labels
0xe78e458cbc9a57dc831e66c9187b0324b4e8304b,0,contract_or_token,etherscan_labels
0x8e0b1cd5d32477b3d7fb2da9d7f66a2ac7223f0f,0,contract_or_token,etherscan_labels
0x6a091a3406e0073c3cd6340122143009adac0eda,0,contract_or_token,etherscan_labels
0x14d06788090769f669427b6aea1c0240d2321f34,0,exchange,etherscan_labels
0x3bc35c867df0f0ac23ad53c1dd7800c520c6b022,0,random_sample,bigquery_random_sample
0xc0ef28d860892207414c2a9ce79b86c0cb9793f1,0,contract_or_token,etherscan_labels
0x0ab314922ae06bf9a0ed5c042da7637a03af6952,0,contract_or_token,etherscan_labels
0xc38c5f97b34e175ffd35407fc91a937300e33860,0,contract_or_token,etherscan_labels
0x780d605cd56043664478292705bf8027f215942f,0,contract_or_token,etherscan_labels
0x770537f89adadb6c9705d5ce6943850f7309c9f5,0,contract_or_token,etherscan_labels
0x7147b9e570bcf4ec28a0143f6dcbf66e2d7ee3c9,0,contract_or_token,etherscan_labels
0x2ddfd56221568b6d4350b68432569a57bc1f9572,0,contract_or_token,etherscan_labels
0x0f337c77b5209ba363ad821ee5b0d6db4964f59b,0,contract_or_token,etherscan_labels
0xa2aa2c632dd676f501f92abaecbd09eedf64c737,0,contract_or_token,etherscan_labels
0x29fcd0d34477f4cac604a525cb5cf1065fe14502,0,contract_or_token,etherscan_labels
0x0b4adb43d3fcdf9239605cfcac08db509d2c3f3c,1,scam_heist,etherscan_labels
0xb692fa9c3e09c6a3c3ed2068b06ff85eaba7f67d,1,scam_heist,etherscan_labels
0x7fd9ab6ac8569c0fdd2cd908d3fd5a99249f214e,1,scam_heist,etherscan_labels
0x2f213d9df785f3654014751c074bf825e15b835a,0,contract_or_token,etherscan_labels
0x46ae39dc3cf665c03d709b68c33ee90d206039f3,0,contract_or_token,etherscan_labels
0xd887eb8839d495f33f7024f649d9cff3af0e70ed,1,scam_heist,etherscan_labels
0x650191c1d862ed6ee0634431a8ef619a99137581,0,contract_or_token,etherscan_labels
0xc725620ab67c6ad9d89eba325d42a22128badae6,1,scam_heist,etherscan_labels
0xc9a8659e72ec83598f8660f813348ba5c291d36f,1,scam_heist,etherscan_labels
0x2602669a92fccf44e5319ff51b0f453aab9db021,0,exchange,etherscan_labels
0x45a5ab4bc26640ffec8a6f744f55e0303b9faf61,0,contract_or_token,etherscan_labels
0xf348c12cc1a8d04018982fce1c000a44caf1cfcb,0,contract_or_token,etherscan_labels
0x2f7a1a678f6951880cb9df280404de5bddb05fc3,0,contract_or_token,etherscan_labels
0x68d1427ab456c205068c891b5902bafbf05584f1,0,contract_or_token,etherscan_labels
0x7ef5ac1fe8b6832ebaddee1856e4a21e46843565,0,contract_or_token,etherscan_labels
0x139932823e72fd90543547da33854fbc39dd1a44,1,scam_heist,etherscan_labels
0x9f02a0dd0552b87852c9a19eb6fc731e56470f49,0,contract_or_token,etherscan_labels
0x0af210a818bcefd494ec0d3ac6e4fa8ef2196046,0,random_sample,bigquery_random_sample
0xe4eaa46910f3b061b4abfe64b5726fb11167107b,0,contract_or_token,etherscan_labels
0x354a3cea8636982c2293dfa565e0445d85efd930,0,contract_or_token,etherscan_labels
0x5e70b9c46b7e9b4d1f030ac28be550d957290576,0,contract_or_token,etherscan_labels
0x418466b970a9386df89ad8609d316a7d934acd58,0,contract_or_token,etherscan_labels
0x1d46ac355f9f338d9edea6c072120abe90d67bee,0,contract_or_token,etherscan_labels
0xd91ffcb1325f491daf7923682341dec2607e5951,0,contract_or_token,etherscan_labels
0x0ac87408c436ec6ce9e740b5bca7337eabd9322d,0,contract_or_token,etherscan_labels
0xfd7b2acac3fde968883eb2b7d335b0736d1619f0,0,contract_or_token,etherscan_labels
0x33bb46f1d83b22e4b4ef235da7dda0fe3451a61a,0,contract_or_token,etherscan_labels
0x2360a9f7198532cfdede04fca1a51ebe2fa68672,0,contract_or_token,etherscan_labels
0xa0e6b73f2b6b73f29f7f51f8564d28667289e4b3,0,contract_or_token,etherscan_labels
0x8e14b803a730cc3bcc8af4ffcd9c4b10ebff7215,0,contract_or_token,etherscan_labels
0xa09579ea6112dcf1df138cb0c26fe39a250ce3e3,0,contract_or_token,etherscan_labels
0xd6931cf24c05afd3c01016ce8a881b6c127e0c30,0,contract_or_token,etherscan_labels
0x8b34808a6bdfcee10ce78c03c83fd0d1d72d1778,0,contract_or_token,etherscan_labels
0xc7062d899dd24b10bfed5adaab21231a1e7708fe,0,contract_or_token,etherscan_labels
0x8923d684b4afc9eda9e1a63b6c21b582861b357d,0,contract_or_token,etherscan_labels
0x96638e249de4e975586c2609c45f197eb4176750,1,scam_heist,etherscan_labels
0xbb19053e031d9b2b364351b21a8ed3568b21399b,0,contract_or_token,etherscan_labels
0xd7123bd9af82270453ac9eb7b51cc0087263743b,0,contract_or_token,etherscan_labels
0x07f1a0426d8adf6f82080859133e35e3d82135d7,0,random_sample,bigquery_random_sample
0xd649a39d296f5a2d8b8e9ec68ec3436a64999545,0,contract_or_token,etherscan_labels
0xabbd9be3fabf2039495f91dd6d15f5ea2972fc41,0,contract_or_token,etherscan_labels
0xf96279d5399b30ea5dbdb6abad589ccd725c87aa,1,scam_heist,etherscan_labels
0x9232cd18923b80006bbd942cc2075739f05645d4,1,scam_heist,etherscan_labels
0x7b9ad04a09da6dd2e530fb17d323b31e9486ef4b,0,contract_or_token,etherscan_labels
0x7c46ff058f4ec60fdfa99d97e9d8563437f95e01,0,contract_or_token,etherscan_labels
0xdc1882f350b42ac9a23508996254b1915c78b204,0,contract_or_token,etherscan_labels
0x46a15b0b27311cedf172ab29e4f4766fbe7f4364,0,contract_or_token,etherscan_labels
0x53b89ce35928dda346c574d9105a5479cb87231c,0,contract_or_token,etherscan_labels
0xb6f8187f0ab2befc264faf37367583ad41cde07e,0,contract_or_token,etherscan_labels
0xa8444f263231a9884450017381b737ff832d3021,1,scam_heist,etherscan_labels
0x386ceed300a9eee962f3ef10ef6d04dca7b9216d,0,contract_or_token,etherscan_labels
0x17e4c54c20152998a569714fd6ea66a481ae234f,0,contract_or_token,etherscan_labels
0x6ba137b19f023509586472c809c62d505c1585ef,0,contract_or_token,etherscan_labels
0xfeb0a397fa357fe51cef88db180a1806e785e750,1,scam_heist,etherscan_labels
0x7002b727ef8f5571cb5f9d70d13dbeeb4dfae9d1,0,contract_or_token,etherscan_labels
0xc3ac69168d1849a69a950a3570e5bb419a376cf1,0,contract_or_token,etherscan_labels
0x037e5ed72cffa7407c9d14a6ebdc3d2ab920ac13,0,contract_or_token,etherscan_labels
0xff13cbc44c899bd6e579427ed7e07501c6268628,0,contract_or_token,etherscan_labels
0xe93c7c454e20b7a3029a56778bcecdb04f727dfb,0,contract_or_token,etherscan_labels
0xaa90397ed818788eb584e6a13afc22c9914f19a9,0,contract_or_token,etherscan_labels
0x1c515eaa87568c850043a89c2d2c2e8187adb056,0,exchange,etherscan_labels
0x72b55f72d32187a29b664408f9afaed711f647e1,0,contract_or_token,etherscan_labels
0x0ba542e8709b8489d469e5a6afc0363790563d2d,1,scam_heist,etherscan_labels
0x313bb8421607d7c100bbf3299fe505d0bd1f821c,0,contract_or_token,etherscan_labels
0xf4701fca427ff1f5320e8e4eb8f77f0ad63022e6,1,scam_heist,etherscan_labels
0xdf04dbb00c4ab3e9aeb365b92cb62c6bea0f5703,0,contract_or_token,etherscan_labels
0x8bbffb5ae9cdb5414b06e50b8fe42ed5688267d4,1,scam_heist,etherscan_labels
0x49e76125dc6a4c57e36b2a52b2030c03add3d66f,1,scam_heist,etherscan_labels
0xd6f64c02c14ac390bf5f772de6cd590f9412bd1c,1,scam_heist,etherscan_labels
0x53677403034e1c404d05a6e1edd77a0d1c44f819,1,scam_heist,etherscan_labels
0x330416c863f2acce7af9c9314b422d24c672534a,0,contract_or_token,etherscan_labels
0x21432e678375a8e1bcb3d1628dd3ca5bf311de6e,1,scam_heist,etherscan_labels
0x57024267e8272618f9c5037d373043a8646507e5,0,contract_or_token,etherscan_labels
0x307205a7ef773d61e20dc10e57bbfe6f9d00b67c,0,contract_or_token,etherscan_labels
0xc0a47dfe034b400b47bdad5fecda2621de6c4d95,0,contract_or_token,etherscan_labels
0xa08dd4d9fd66a84f36da3229e0b8b03f23c3e55f,1,scam_heist,etherscan_labels
0xea5897fef0d6eb876cde8e091775724c085665f9,0,contract_or_token,etherscan_labels
0x4854f8d21d3ebbdc2c3a66eb454eab15ead25192,1,scam_heist,etherscan_labels
0xbc3077e614061c9b88699f80e1946d2544e250ac,0,contract_or_token,etherscan_labels
0x89c09f938807837cade465230e2e6cd0c7357ba2,1,scam_heist,etherscan_labels
0x6cd4eaae3b61a04002e5543382f2b4b1a364871d,0,contract_or_token,etherscan_labels
0x61bab1fedd9c7412d084170567476690cd8253a8,0,random_sample,bigquery_random_sample
0x6663bbd987a51d07b29b28afe9e0ddd558ac8f30,0,contract_or_token,etherscan_labels
0x83b04af7a77c727273b7a582d6fda65472fcb3f2,0,contract_or_token,etherscan_labels
0xd2bbac179784e875bde9cbbdcd3fd578c4d0851c,0,contract_or_token,etherscan_labels
0x0c980c6a27f333097855baf50ac72215ced0fd70,0,contract_or_token,etherscan_labels
0x4185cf99745b2a20727b37ee798193dd4a56cdfa,0,exchange,etherscan_labels
0x840f1b5b0486096dacbe610a5551f6822ef43b59,0,contract_or_token,etherscan_labels
0xdd62a1a85a24c8d8a1b0f81a16c6ef9b03f96c60,0,contract_or_token,etherscan_labels
0x28b817b6297bcea4c5088ff88d0fd2f46f781fa4,1,scam_heist,etherscan_labels
0xfdbeee1db1ad7d120f4eba233b8d3228a75bc658,1,scam_heist,etherscan_labels
0xad5424b3a6c067f03358fd02e42dc4ae0f238a1f,0,contract_or_token,etherscan_labels
0x03d80944d9e99288d914c5de7a8a19fa542ed092,0,contract_or_token,etherscan_labels
0x9588dcdc8b4fe73f1312469818405f02465bcfbc,0,contract_or_token,etherscan_labels
0x4653462f672cd98d213beea4db2be48b5a0d3609,0,contract_or_token,etherscan_labels
0xc3fb9e4fbd8332f775129cd4f196ab74b72fb556,0,contract_or_token,etherscan_labels
0x86497b23823959ffd1e3c3ce5c7714af6d245f6a,1,scam_heist,etherscan_labels
0xa872d244b8948dfd6cb7bd19f79e7c1bfb7db4a0,0,contract_or_token,etherscan_labels
0x701c244b988a513c945973defa05de933b23fe1d,0,contract_or_token,etherscan_labels
0x3400c69803a46cb5c7ecb96dbb70975c6c910e10,1,scam_heist,etherscan_labels
0x6ee5c7a5f105dedd87170fadd28dc131b7036fac,0,contract_or_token,etherscan_labels
0x3e1ee1ca3d2078b14c50a65cb52a01d9884733f4,0,contract_or_token,etherscan_labels
0x7f8616a9f6916376f2ef066e79ddd93bea6b475b,0,contract_or_token,etherscan_labels
0xbaf2462dd13ec6c3ebd580c60540a044801f7d3c,1,scam_heist,etherscan_labels
0x4deb8a6d2ac70dc5950359134f25b6e6013110ab,0,contract_or_token,etherscan_labels
0x7675707ba2a03b4d41abafb4d75fd53d2d37fc9e,1,scam_heist,etherscan_labels
0xdaf05f63b825a307525a51d6a3709abbfb618ced,0,contract_or_token,etherscan_labels
0x6b883a2724bae902b70706d63d6ce118b7fff4ef,0,contract_or_token,etherscan_labels
0x883f9cf3157cdc2c3da5b285c0bf77af903f5a5b,0,contract_or_token,etherscan_labels
0xacfeddba96113f99fa06b9ad860ab135e59c9fc9,0,contract_or_token,etherscan_labels
0xf94466648b58ddf9f3129da2902a6e203f6f15ba,1,scam_heist,etherscan_labels
0x698ce72cf7961b149027621bc776d3d801637217,1,scam_heist,etherscan_labels
0xbe30272999e84a4a2823d7ef60485e715228f6d2,0,contract_or_token,etherscan_labels
0x8ee57c05741aa9db947a744e713c15d4d19d8822,0,contract_or_token,etherscan_labels
0x0690dd1266f739727d2f1c04905a0db2ccd80c3e,0,contract_or_token,etherscan_labels
0x942d30f11f3f232e4dca25e2f0e7501dc91a0277,0,contract_or_token,etherscan_labels
0x2ec186bdde63de92d08639e23bf097c5ea145b6b,1,scam_heist,etherscan_labels
0xea59a3da9cad8ece406a353ddede0e7d17604d28,0,contract_or_token,etherscan_labels
0xc61bd39f435709cf28e889d18524aee47c1a99c7,0,contract_or_token,etherscan_labels
0x55ea9da693592048acbc6e111de70d0eb1f00218,0,contract_or_token,etherscan_labels
0x1d261ec7ab834fedb01602c5b7ffc6fc68362bbf,0,contract_or_token,etherscan_labels
0x510d415a99596ccc0adc96f23bdcaea810335451,1,scam_heist,etherscan_labels
0x0f4dc35177560c5a9481d1daf591c69af207540b,0,contract_or_token,etherscan_labels
0x2e31e61f43c3726f081c2059f3d7485137f7ecfc,0,contract_or_token,etherscan_labels
0x73dd8c30403dae43660aaf4ec645f03256ab8eef,0,contract_or_token,etherscan_labels
0xd17c49ca3eaee2c935601a8ab432d3612279b788,0,contract_or_token,etherscan_labels
0xcbadafc252160a0d0ec7fb64a134b2f115b06b24,0,exchange,etherscan_labels
0xb7bc0bffc90bc8cc8f04ea315da5e6036c6e6d5b,0,contract_or_token,etherscan_labels
0x24a89280304c981421212805bdb90512f7d475a7,0,contract_or_token,etherscan_labels
0x82dbc2673e9640343d263a3c55de49021ad39ae2,0,contract_or_token,etherscan_labels
0x6bd73b07d48626aa4915709c57087cb098546ae6,0,contract_or_token,etherscan_labels
0xf2235d55b2950a0b1317469d72d07ae65b2e27cb,1,sanctioned,ofac_sdn
0x35a0d9579b1e886702375364fe9c540f97e4517b,0,contract_or_token,etherscan_labels
0x9c147311c646c83e1555c1fc057baa9f8cae91e3,1,scam_heist,etherscan_labels
0x3f2428b906c1120940d206b7c7f55d13e65cdf10,0,contract_or_token,etherscan_labels
0xaf4dd4ae3fed5f0dafe5a9a15e7cb1ddf0c6a824,0,contract_or_token,etherscan_labels
0xd89c642e52bd9c72bcc0778bcf4de307cc48e75a,0,contract_or_token,etherscan_labels
0xb94865e18b25114b2b10bd9ecbd689c877f949e8,0,contract_or_token,etherscan_labels
0xed8ca572018c6e1d8cf54b6db0acdd078d47d6c4,1,scam_heist,etherscan_labels
0xab735123edebc8f93e9f607bb126a62c59546ae6,1,scam_heist,etherscan_labels
0x868a6d816da311b05e939e4e0ba7aef2801fd073,0,contract_or_token,etherscan_labels
0x2a11ccfb96223bd35ec24b2aac046fcc85035f3d,0,contract_or_token,etherscan_labels
0xaf8ec62a044cd298465079a4f9213c9321460c29,0,contract_or_token,etherscan_labels
0x60b45f993223dcb8bdf05e3391f7630e5a51d787,0,exchange,etherscan_labels
0xd5d4aafb3b2217607e5b5b5526eb6932f8df130f,1,scam_heist,etherscan_labels
0x856783fe961091f15df76b310061ec6c6ddf90f3,0,contract_or_token,etherscan_labels
0x13f11c9905a08ca76e3e853be63d4f0944326c72,0,exchange,etherscan_labels
0xfadafb3ece40eac206404b8df5af841f16f60e62,0,exchange,etherscan_labels
0x29e4078fe088eb4a98f70e8460c3bdfd7c1c1917,1,scam_heist,etherscan_labels
0x79eb91b919a273740603850dd6cc6d2a53c9b29b,0,contract_or_token,etherscan_labels
0x9986fbe789d9001aea6daf9ed9a999525f561c68,0,contract_or_token,etherscan_labels
0x8e1e093f84844f2119901619abdc229470415d63,0,contract_or_token,etherscan_labels
0x06bfab6825e49d7f533bf8e50fce0a81d319d33a,0,contract_or_token,etherscan_labels
0xd279f1351d2828d559bc7a6b82c322c4d5665bed,0,contract_or_token,etherscan_labels
0xd0df6b463ca936ce1520dff5f06e67dbde148fe0,1,scam_heist,etherscan_labels
0xaad8ad7dfa05bc354e011890dd61636842c2cb96,0,exchange,etherscan_labels
0x97f34c8e5992eb985c5f740e7ee8c7e48a1de76a,0,contract_or_token,etherscan_labels
0x5a34b908006704d9ff765c37cfb11922b17cdf94,1,scam_heist,etherscan_labels
0x8ab0be72416787fd5e78872f685f6fcfde593086,1,scam_heist,etherscan_labels
0x156503901efec20d45f9ee1f393c8614423362d7,0,contract_or_token,etherscan_labels
0x0afd17eba7d2a8580f4ecc938c6a5a8c77e054ca,0,contract_or_token,etherscan_labels
0x7a0a6906de7714d27413f5092ed1a0636a3fbc9a,0,contract_or_token,etherscan_labels
0x53e9fb796b2feb4b3184afdf601c2a2797548d88,0,contract_or_token,etherscan_labels
0x653911da49db4cdb0b7c3e4d929cfb56024cd4e6,0,contract_or_token,etherscan_labels
0x9018442e858ff4b5c4d47d22b74cfd14d1445a8e,0,contract_or_token,etherscan_labels
0x3a17f93ef0baee1b9903449c92a350fe6b47bd2c,0,contract_or_token,etherscan_labels
0x5608c55279087d625cafb509ba32cb4c99930cc6,1,scam_heist,etherscan_labels
0xfcdd72a97b5d45a553256b36b6b3dbbfdcc7f397,1,scam_heist,etherscan_labels
0x99dcc5f9695cb2b07a627be4123a158a845f2746,0,contract_or_token,etherscan_labels
0xcfde94e82f2224ce9feb65108e9327c9493bea17,0,contract_or_token,etherscan_labels
0xa7debb68f2684074ec4354b68e36c34af363fd57,1,scam_heist,etherscan_labels
0x10824d1c2fce4632af7fba886a6903fb1d4cedcf,1,scam_heist,etherscan_labels
0xe26433358fdb9addcc59ba3f2df0e8490b015ff4,0,contract_or_token,etherscan_labels
0x41c91eb43b7f0afd332725461b86a0e39e143789,0,contract_or_token,etherscan_labels
0xf921ae2dac5fa128dc0f6168bf153ea0943d2d43,0,contract_or_token,etherscan_labels
0xcbb70383c3f07de42cbebea3d902113a93048d15,1,scam_heist,etherscan_labels
0x26a7ef71ce7a39786062a5c7956b0a26722e9a7a,0,contract_or_token,etherscan_labels
0x32fc8811225e91fecced43987166db9dc3411bb2,0,exchange,etherscan_labels
0xed05653bc06caa325fd5a929eb639e781154ad10,0,contract_or_token,etherscan_labels
0xc1303fe2af6d30b88dcc2594ee910b0307118b8f,1,scam_heist,etherscan_labels
0x093e80fbb748ad68b506a90fcb0dfcade45be41f,0,contract_or_token,etherscan_labels
0xebe9499983399c354b4fc802fed2aad5c8f910da,0,contract_or_token,etherscan_labels
0x8607a39a484f0757e37a728739aaad17436e1683,0,contract_or_token,etherscan_labels
0x53dd01eefc84493bfa593ef555ec44887d680258,1,scam_heist,etherscan_labels
0xe6eca21c01eb6033f59eb35340dde90278ceaebb,0,contract_or_token,etherscan_labels
0xb46736888247c68c995b156ca86426ff32e27cc9,0,contract_or_token,etherscan_labels
0x12128ea120ab20fe88d3d9023fa011c7a68fb3ca,0,contract_or_token,etherscan_labels
0x6dac28f31553170c872fa6c2dea06dab1feba140,0,contract_or_token,etherscan_labels
0x5220c7b304f69853e94c8894dbf87e0873b6428e,0,contract_or_token,etherscan_labels
0xc697d4d4d6ec2b5a2efa532549aa83de67733940,0,contract_or_token,etherscan_labels
0xd0f257cfeaa0143c10f4cce6dd79e820e4f4f9aa,0,contract_or_token,etherscan_labels
0x561aef36a2237f86696e15b131f7ff3e141feab2,0,contract_or_token,etherscan_labels
0x58a37e13cdc393eb412387b9175f361a93c30b42,0,contract_or_token,etherscan_labels
0x410602d12cc41b0a4e749b9a73839de9fb36e47b,0,random_sample,bigquery_random_sample
0x5bbc04601c72e564cc330e0c848d284ad97e8f39,0,contract_or_token,etherscan_labels
0x7a129f3e34815235e09e4011c558dc85bbb082e2,1,scam_heist,etherscan_labels
0x3660fc798d361d33169bb24fe37a62fe5c912f2e,0,contract_or_token,etherscan_labels
0x880930d295f3fa430b3d3d3ceb06576b2169dc99,1,scam_heist,etherscan_labels
0xc7b6ed138caf54cf80030e35e644acf844507e1b,0,contract_or_token,etherscan_labels
0xc610e6bf175a8c6706f00f77f1ee913a7020fdd7,0,contract_or_token,etherscan_labels
0x89fa2fd7dd529d70912b434269843389c5575822,0,contract_or_token,etherscan_labels
0x5a11cec2067524e967c21b5f4ebc4ddaaee016b5,0,random_sample,bigquery_random_sample
0x1304e7ac1e6305393cf9ed568d1d5f1b3613198e,0,contract_or_token,etherscan_labels
0xe2025063c1610182af972c91e4c721112c36301e,0,contract_or_token,etherscan_labels
0x2459fc3e00fd18c29fa5e362bac8336f81a5ee54,0,contract_or_token,etherscan_labels
0xd5f9790b02357666a168ff09f662ee569b2fee36,0,contract_or_token,etherscan_labels
0x1369f8b1f9746422408c659df4da0ed8707dfe50,0,contract_or_token,etherscan_labels
0xb1b8c56f3bb4915b2c976a457504b80895953faf,0,contract_or_token,etherscan_labels
0xc9cea7a3984cefd7a8d2a0405999cb62e8d206dc,0,contract_or_token,etherscan_labels
0x85c4edc43724e954e5849caaab61a26a9cb65f1b,0,exchange,etherscan_labels
0x3d910518d721a385fa8fc0ad95ad3de4255ba956,0,contract_or_token,etherscan_labels
0xbb6cf73a00f480d0951ba979a7606857cdde626b,0,contract_or_token,etherscan_labels
0x5596f143e74c07bef5c07d5b6bde7644b837c6aa,0,contract_or_token,etherscan_labels
0x0552bfa80ba42f8b6942703f19f101f1dedc852b,0,contract_or_token,etherscan_labels
0xe84529d5468c4f59e6e5de1e366e042fb256aae6,1,scam_heist,etherscan_labels
0x9e47b309d498e6a8b7277345b4cb25f2894c8d75,1,scam_heist,etherscan_labels
0xb462cf7e7e698adf07d7c1df8e2478819d33fc8d,0,contract_or_token,etherscan_labels
0xcd2e397d4561d06c878e1a9155662722e22dc232,0,contract_or_token,etherscan_labels
0x9d26f806397d5c3d7fa5ad1819c3c7bccd7d60e0,0,contract_or_token,etherscan_labels
0x910068edc897ffb049d8457258c755f3d20ad890,0,contract_or_token,etherscan_labels
0xc84974df53f6695828dec9d21be1ca5cf5152ef8,1,scam_heist,etherscan_labels
0xd2f2a511b592ea44942b05268f1533dbeb6bc0a4,1,scam_heist,etherscan_labels
0x52d8d146ffd1aeac4e2d61483a1580d64399719b,0,contract_or_token,etherscan_labels
0x9eebb2815dba2166d8287afa9a2c89336ba9deaa,0,exchange,etherscan_labels
0x261abf97a21ef1f0a6fbc30e804cabb88ef5a8b3,0,contract_or_token,etherscan_labels
0xf658023245988f053c95de59942070ac72fe6411,1,scam_heist,etherscan_labels
0xf1500dc98ed2d980e59a133596016d33d9369227,0,contract_or_token,etherscan_labels
0x7e5d081d71be05d38ae6a2aca151ae36a2292911,0,random_sample,bigquery_random_sample
0xa3dfbf2933ff3d96177bde4928d0f5840ee55600,0,contract_or_token,etherscan_labels
0xc2dbc792580ec6e8c450130142dddc4d7ab92d33,0,contract_or_token,etherscan_labels
0x3d5bc18be4ad8482b924f7343ff2ff91d5195829,0,random_sample,bigquery_random_sample
0xeeeaa0b5efdea861832e2efafc38dc9e8b47c888,1,scam_heist,etherscan_labels
0xf393fb8c4bbf7e37f583d0593ad1d1b2443e205c,1,scam_heist,etherscan_labels
0x77bd0e7ec0de000eea4ec88d51f57f1780e0dfb2,0,contract_or_token,etherscan_labels
0x7ee8004cac9bab38d47a85da199b8a9ad3b6e07b,0,contract_or_token,etherscan_labels
0xbbd31abb1e767c2771de21954728d75bc29333d8,0,contract_or_token,etherscan_labels
0x8e73db80662571abc3f4f06b7e5fea8c406a7f10,1,scam_heist,etherscan_labels
0x1374fdaf0a8a47cfea889ef3dc7b586e35d667c6,1,scam_heist,etherscan_labels
0x1b30c84e244361a99be770acd57ace184983c83d,1,scam_heist,etherscan_labels
0xc61446778a6e7bd8a952f2bb25a9b6854e05bd5f,0,contract_or_token,etherscan_labels
0x55d8ec728ea72477c6db12ca497a803c8db361e9,0,contract_or_token,etherscan_labels
0x97c469d23005d6f2633e55d157b8510132e4bf4a,1,scam_heist,etherscan_labels
0x90a70993d2a02f4d4769008c255873dfc9d308ff,0,contract_or_token,etherscan_labels
0x26b218afddb837145f6fb19c316f678e60944425,0,random_sample,bigquery_random_sample
0x7cb85ee6a587a1184e9d074fca9afc55a75b3b2f,1,scam_heist,etherscan_labels
0x8dea646c732100587e630b4f8e1ee3ad431f7d47,0,contract_or_token,etherscan_labels
0x3cb66c7f5b08bb306a7b3c5f6c9775eb145fa309,0,contract_or_token,etherscan_labels
0x48c3d5ef2330a94390a80a6a3783c7c949ae7309,0,contract_or_token,etherscan_labels
0xc0f0ab4a7e63c3fdaee968bce4fd36051b13868b,0,contract_or_token,etherscan_labels
0x2024324a99231509a3715172d4f4f4e751b38d4d,0,contract_or_token,etherscan_labels
0xd9d93951896b4ef97d251334ef2a0e39f6f6d7d7,0,exchange,etherscan_labels
0xf169cea51eb51774cf107c88309717dda20be167,0,contract_or_token,etherscan_labels
0x76bc37981ff98a99d5187acb47c2887ccd6a8fe2,0,contract_or_token,etherscan_labels
0xd5b8beae35f4d61203af5562cdb0583eda89346f,0,contract_or_token,etherscan_labels
0x4e73b1b30de6235d90db8f26eca1a1af2ee063e2,0,contract_or_token,etherscan_labels
0x25f22d746d7d9f4b4b87af15f1e163c25632e924,1,scam_heist,etherscan_labels
0xb93b505ed567982e2b6756177ddd23ab5745f309,0,contract_or_token,etherscan_labels
0xcb17e969288ae849d5e0717694c5c56e70e798ed,0,exchange,etherscan_labels
0x884be9e43fec1f9e272bae79d68a8af31469b1d6,1,scam_heist,etherscan_labels
0x8ddfb806ed60a1f7e284d86ee30cb5d9950f9ffc,0,contract_or_token,etherscan_labels
0xada64c208fbd7c34572e805156d5b1c8231efc3c,0,contract_or_token,etherscan_labels
0x7cf6a842e72c4bd7bc92e0c17ebdaa95ac1e7825,0,contract_or_token,etherscan_labels
0xdef310bddbd0e2a524775505a134a86b6a583a6b,1,scam_heist,etherscan_labels
0xf20f9ae831ddc55f0e4d4684e947083babdbba64,1,scam_heist,etherscan_labels
0x960b8785729b1525a532e5b603529739e6282a3b,1,scam_heist,etherscan_labels
0x87afaa198117496bce792b6a5de3b33ba7cac73f,1,scam_heist,etherscan_labels
0x8e64366d116b81a7781b758f269d2351d87a62e2,1,scam_heist,etherscan_labels
0xa658be407402612ec315fc1f62f410b339c0e658,1,scam_heist,etherscan_labels
0x65fa1b49c096fcf927bc28661c22111f042f9658,0,contract_or_token,etherscan_labels
0x0bc398225e52411ca55025a00c3a2a8206f154f8,1,scam_heist,etherscan_labels
0x223f75bf1800db6082e627ffb3371ceb95bf7b3a,0,contract_or_token,etherscan_labels
0xb260687cc277c0bff48c9c482c16bc62f4eba927,0,contract_or_token,etherscan_labels
0xf442403850629572dee7fd0de19b39956d04ce3c,0,contract_or_token,etherscan_labels
0x6b2a3788ed433b525addd7e596c4b3ab6f03e044,0,contract_or_token,etherscan_labels
0xc017de4ea8ca5b60edc6c323ed9be23ef8d016c3,0,random_sample,bigquery_random_sample
0xb7ac09c2c0217b07d7c103029b4918a2c401eecb,0,contract_or_token,etherscan_labels
0xe59b0470300409601f6de5e7462156dc5f11593e,0,contract_or_token,etherscan_labels
0xc90ca3f471952ced0084c85933c0bf88093f5109,1,scam_heist,etherscan_labels
0xfbe21d1bca5558b69b41128b9ac30cdfb43be3c9,1,scam_heist,etherscan_labels
0x0b3ad5847761c2142d60a92e9502d76957282679,0,contract_or_token,etherscan_labels
0x3649491e8ec4e7bb509f6e9808aedc17d6eef1c6,0,contract_or_token,etherscan_labels
0xca694ebc2b7c7c3db8d68a7aef06c4ad7f6842cb,1,scam_heist,etherscan_labels
0xc8e2d2236b49c3e7ca0075786da00d8ad7650163,1,scam_heist,etherscan_labels
0xc59e190ff439645a81b0e618f17239f03572d77e,1,scam_heist,etherscan_labels
0x2257aaac34bcb27900291f7b84ee2565a6cbac57,0,contract_or_token,etherscan_labels
0x9430801ebaf509ad49202aabc5f5bc6fd8a3daf8,0,exchange,etherscan_labels
0xd9689f0eb3d4589625d40664f07c8a62790334a2,0,random_sample,bigquery_random_sample
0xee160154b02a2e404c6c13ff0b28ed76010cf07d,1,scam_heist,etherscan_labels
0xeb244c9d176c9732f26273581c47b1fbb14ca034,0,contract_or_token,etherscan_labels
0x45a9c4346251e2d603109932ad6610c29c60bc98,1,scam_heist,etherscan_labels
0x742569fd5266486fd2a50171dbdc88b8ee893ee9,0,contract_or_token,etherscan_labels
0x8c9654fb23aff737f11053974571b1ace6fa5175,0,contract_or_token,etherscan_labels
0x150170b0aaf7539bd6a2709efbaa5ba2765c7729,0,contract_or_token,etherscan_labels
0xd171283d045b8182ea23c3513910cef7fa87b6a4,0,contract_or_token,etherscan_labels
0xf59a36312a672f561c3b57b9e76251e77c2533b1,0,contract_or_token,etherscan_labels
0x5456d5e9d5245472f1b5afaacf3206d56583942f,1,scam_heist,etherscan_labels
0x4b5a54d40b3b33ed2cbce8d48e17db102164f470,0,contract_or_token,etherscan_labels
0xf921f4252b87af5d5e21e10497683532569c94ae,0,contract_or_token,etherscan_labels
0xb355bf88be683b623a944d2d66b4d535275c763c,1,scam_heist,etherscan_labels
0x01f188965b4be1ff48dd1022315dcf1a534f1b89,0,contract_or_token,etherscan_labels
0xd374614e7a3c5ebdab595a436c9bc23921e1040a,0,contract_or_token,etherscan_labels
0x8e82311761b8cd4b7a127a872f65651db236a2a2,0,contract_or_token,etherscan_labels
0xfd0d73599a80a67973a0149b6dff02dda8c205d1,0,contract_or_token,etherscan_labels
0x677d8fe828fd7143ff3cee5883b7fc81e7c2de60,0,exchange,etherscan_labels
0x4ba02422d173ebee26370636e1e35566c9d239e8,0,contract_or_token,etherscan_labels
0x9c075475d2d815a1600609f3d5bf4d0fe6005594,1,scam_heist,etherscan_labels
0x9b95a6d212bccf8d67d2aa6bee93fa1feacd856e,0,contract_or_token,etherscan_labels
0x7adedce6bd49a2e5457245d6aa65fa3b626def01,1,scam_heist,etherscan_labels
0x95b54c8da12bb23f7a5f6e26c38d04acc6f81820,0,contract_or_token,etherscan_labels
0x9ae3b4012a8a61c5fafbd9ab8e2cd26ce7a78fb7,0,contract_or_token,etherscan_labels
0xbd0b197f1de8f0cb6efa059f51039535aa66604c,1,scam_heist,etherscan_labels
0x482f02e8bc15b5eabc52c6497b425b3ca3c821e8,0,exchange,etherscan_labels
0x21eebc8ac77346e49f9d326d8eaa593b6b3c2616,1,scam_heist,etherscan_labels
0xb96d0e78205ee319e44ba9e0de2e9466579c0f02,1,scam_heist,etherscan_labels
0x9b97ce75493a5ac7899af247d775391745ffc16e,0,contract_or_token,etherscan_labels
0x221bf20c2ad9e5d7ec8a9d1991d8e2edcfcb9d6c,0,contract_or_token,etherscan_labels
0xbfcd5b401642fa6e207e4bdcafddb53cc81b894d,0,contract_or_token,etherscan_labels
0xe85e53c3163f9140115160f9155a7a7af8dcd74d,0,contract_or_token,etherscan_labels
0x7b98e476de2c50b6fa284dbd410dd516f9a72b30,0,contract_or_token,etherscan_labels
0x608a58b76143a38c8e39a66cb0321727ebebd46b,0,contract_or_token,etherscan_labels
0x4a22ec018f1f72ebba9620001b992ac86c40d1ad,0,contract_or_token,etherscan_labels
0x4019ba88158daa468a063ac48171a3bfe8cd9f3b,0,contract_or_token,etherscan_labels
0xd84d55532b231dbb305908bc5a10b8c55ba21e5e,0,contract_or_token,etherscan_labels
0x40dd061adb1ef9a2c2e67b5c053fbd24b27767ed,1,scam_heist,etherscan_labels
0xc9e9a33340759e9c6a52eb92cf97103af50c5a4f,1,scam_heist,etherscan_labels
0x8bc68a501dab61d43f8c1634e248217351aa607a,1,scam_heist,etherscan_labels
0x024cc95611d478dd367240e72c82662d9e390a6a,0,contract_or_token,etherscan_labels
0xc083bb73d85b94846fb66f83393faf111245eee0,1,scam_heist,etherscan_labels
0x5a7668c52a6d0a70716bbbffde55ce0a0471d0ea,0,contract_or_token,etherscan_labels
0x56d4bd42692ee4468080750c65848515079ee419,1,scam_heist,etherscan_labels
0xe45470787722093be1cbff844cca530f37e020f5,0,contract_or_token,etherscan_labels
0x3815dbb3f7a88fb2738b67b04b61860608b71279,0,contract_or_token,etherscan_labels
0x95f01311229357f91ccd2e272676669dbf93c399,1,scam_heist,etherscan_labels
0xdddd0e38d30dd29c683033fa0132f868597763ab,0,contract_or_token,etherscan_labels
0x7e73a867de7190190ae74609bf6ecd3657d0555a,0,contract_or_token,etherscan_labels
0xd833716afa81cda00b33e138689f7a01d8c47b8c,0,contract_or_token,etherscan_labels
0x4219d578ae9c719f20fee3b2bdfe1de090eae5ee,1,scam_heist,etherscan_labels
0x1430f2e29f65e9dc3c430360340cc7060e21deb3,0,contract_or_token,etherscan_labels
0x94151145b7f52cbbdda7607b055d28f525af66ee,1,scam_heist,etherscan_labels
0x38864bf1417a1517f904caf831e4c940ec56c7ed,0,contract_or_token,etherscan_labels
0x554659b6e28251918defd45a34bae6a30753cd31,0,contract_or_token,etherscan_labels
0xb19147ef29dceaf67679088e9bb7d7f1d5a3602a,1,scam_heist,etherscan_labels
0xb1fec37b438c6360bd2e1e81f6f2ebd7289c9c66,0,contract_or_token,etherscan_labels
0x0f178b8a07b8db26ae7a3ae34e487a81a3881acc,0,random_sample,bigquery_random_sample
0x8f14d64120f8ee0528190a86682f0b68f076ef73,0,contract_or_token,etherscan_labels
0x786455985c1bd722b0b7e00ce3152b45183c5df4,0,contract_or_token,etherscan_labels
0x63dcbf922e4ca2c3db69ad2ea98e17e2f0a1e238,0,contract_or_token,etherscan_labels
0x980efbe727f74e6aadc47452a0bc7c4332de4a33,0,contract_or_token,etherscan_labels
0x10908c875d865c66f271f5d3949848971c9595c9,0,contract_or_token,etherscan_labels
0x6250fd2b909981561292d9b807531d25a0c7cf4d,0,contract_or_token,etherscan_labels
0x02c8403f54cca61b8263984b15bb84ca77919e33,0,contract_or_token,etherscan_labels
0x977e396f7ca57e7088bdd8239d307c0a639702f5,0,contract_or_token,etherscan_labels
0x0d33996bad414f0397d4ba4653bec4a39aa25ad2,0,contract_or_token,etherscan_labels
0xeefe08a95db235677c4f05c1480604f4efb599a5,1,scam_heist,etherscan_labels
0xad1894d8b708a11f627d6a0355c5e6b2e0beb606,0,contract_or_token,etherscan_labels
0x97ff8a30118bbd80c219bf1f8d5ae8c6a71a1dcf,0,contract_or_token,etherscan_labels
0x5803ca5c704c8e4ad07bcdebde6a87299b3b9469,0,contract_or_token,etherscan_labels
0x6f5e77cea0abdda40013a8ef53639c96972fb745,0,exchange,etherscan_labels
0x782bc0ba081a8e1a1fb575878c0a96acb3063243,0,contract_or_token,etherscan_labels
0xae769aa87ed220da1a964c1267790241ba58e303,0,contract_or_token,etherscan_labels
0x0940f55e66d692988af136c4018dc88c51412f4b,0,contract_or_token,etherscan_labels
0xd2a1cc4c17277fbbd2eb61d4c4613d8bfa1aa174,0,contract_or_token,etherscan_labels
0x2981be86090c92c30ddd687d16a63629a00f9916,0,contract_or_token,etherscan_labels
0x29d517efd50425592350227855ed06550a80d6f4,0,contract_or_token,etherscan_labels
0xac67448cc410e706a5652585f48af8d3b02eef73,0,contract_or_token,etherscan_labels
0x6594de8f68ea69f454d21cbbcb1c9bf30f8f2492,1,scam_heist,etherscan_labels
0xc245e8da6af98433d10b2679a044734ba80e2918,0,contract_or_token,etherscan_labels
0x20c009ac5ce819652f2332c9c62f27f41b8de320,0,contract_or_token,etherscan_labels
0x537397a15ff68f949c600a34915744cffcdcc286,0,contract_or_token,etherscan_labels
0x767a1678519661605e712439cf826ea39986f7c9,0,contract_or_token,etherscan_labels
0xa87e2c5d5964955242989b954474ff2eb08dd2f5,0,contract_or_token,etherscan_labels
0x527d1ff73dbc5525b8e049ac5684a788c709fe19,0,contract_or_token,etherscan_labels
0x24a12fa313f57af541d447c594072a992c605dcf,0,contract_or_token,etherscan_labels
0xf63b03542a76ccd94c62029fdb4e0f339ac4f7e5,1,scam_heist,etherscan_labels
0xfceb4c85d325c389364123b561ac3a127f2501f2,0,contract_or_token,etherscan_labels
0xb4e972a8bdc44b0c617e13eada2e07e223a0e056,0,contract_or_token,etherscan_labels
0x16123acfafc9709ae5650c7e31a1c56b5186cf08,1,scam_heist,etherscan_labels
0x8310f1ebded39e8a08c195b052a08444e2a75336,1,scam_heist,etherscan_labels
0x57f1835f0bcfb4b3e913c6474b4ad02c33812196,0,contract_or_token,etherscan_labels
0x5ae0a177d4cbf8d5347ac6da34d5a938b97009c0,1,scam_heist,etherscan_labels
0xf734e64e74c9c2413228006c18aa5510a95aa6a4,1,scam_heist,etherscan_labels
0xd0b9f3930f042291fd9170019722ab00cd952fcf,0,contract_or_token,etherscan_labels
0xc536fd76d0d47eb74aba5c4efcc65b506a56ec26,0,contract_or_token,etherscan_labels
0x5e3e5bacc0cf521d376eb0a94f056c038d4d65f7,0,contract_or_token,etherscan_labels
0x4922a015c4407f87432b179bb209e125432e4a2a,0,exchange,etherscan_labels
0x96c7b8854012fbae1748b29d3249ee710bf38e9d,1,scam_heist,etherscan_labels
0x52d71dd8f0a0c1902c1d37aebbcd53b6b7c8ab11,0,contract_or_token,etherscan_labels
0xbfc869e83acf7982b3103785b166070e81578d24,0,contract_or_token,etherscan_labels
0x6c6913ac36a8411e60f3ec9ec9ab87435a6752b4,1,scam_heist,etherscan_labels
0x8ff9529e81c03c109a9e9c848cb3ac7615ce86ca,0,contract_or_token,etherscan_labels
0x10af3ec2ce9d3684cc13a1fe1b5b9fc90fd4f266,0,contract_or_token,etherscan_labels
0x834e7ffe5f50eaa75e6451ac13220fca2c3e75bc,0,contract_or_token,etherscan_labels
0xbc85d71594933a8d33f33fc3061493bcd4201159,1,scam_heist,etherscan_labels
0xe1dc9801fa80f93a550bd6a2d3c0a6f7ee34565d,1,scam_heist,etherscan_labels
0x23b411eacf6ad8800819f9ea9da5407b9047c06e,1,scam_heist,etherscan_labels
0x3cfabf0a09b8ea1d655e82a7e5786de66eea9261,0,contract_or_token,etherscan_labels
0x1ec5e0f3f1a347c37c8098b1326131c86a1c9433,1,scam_heist,etherscan_labels
0x9662048757e126f96a8bb309915a4010ae66a2a9,1,scam_heist,etherscan_labels
0x43fa21d92141ba9db43052492e0deee5aa5f0a93,1,sanctioned,ofac_sdn
0xe1f3c653248de6894d683cb2f10de7ca2253046f,0,exchange,etherscan_labels
0xd6164440557920cc5548cfd41c2661642d73c118,1,scam_heist,etherscan_labels
0x972027cd6a9ff9749c10f1c46e86420da121d95d,1,scam_heist,etherscan_labels
0x56aa2f35ad4bf936a144d193b43fcc0f27b16f5b,0,contract_or_token,etherscan_labels
0xde88004895f3c6b64a59400dbf263c9306bef002,1,scam_heist,etherscan_labels
0x2b984c61768302264eb2463eec6d261bcf83f6a6,0,contract_or_token,etherscan_labels
0x7e602858bec13e5596c7e50ec98ee76d1cbedcd0,0,contract_or_token,etherscan_labels
0x96bb6cc6a5bd110f3b5712ffa70527e0c9c84405,0,contract_or_token,etherscan_labels
0x2b36d183be387ca2cf81b63efdddb030f3a643eb,0,contract_or_token,etherscan_labels
0x47b7c8748c03a158e4956530ecfc608967f1c2cb,0,contract_or_token,etherscan_labels
0x3d5519aa20d855cc13cbcf0084230d76310959fd,0,contract_or_token,etherscan_labels
0x44e0257913ac1c2bd305fa949fbbd97758f13d60,0,contract_or_token,etherscan_labels
0x960bd61d0b960b107ff5309a2dcced4705567070,0,contract_or_token,etherscan_labels
0x7dfe5aa8fc36c0ae788a3a71062728bfc3036216,0,exchange,etherscan_labels
0x7b200c3e7fb825b17c3d7da1e7d29379036cfbed,1,scam_heist,etherscan_labels
0x37e3cbeef22e1006bd00e34a557a77c46442ccb3,0,contract_or_token,etherscan_labels
0xafd541e91b5bf792ae36f7ea1213c878e6feb1d3,0,contract_or_token,etherscan_labels
0x5ba61c0a8c4dcccc200cd0ccc40a5725a426d002,0,contract_or_token,etherscan_labels
0xe2f331978225149da3278932c814a20cc58c15e6,0,contract_or_token,etherscan_labels
0x5e69e8b51b71c8596817fd442849bd44219bb095,0,contract_or_token,etherscan_labels
0xa881d926142be2133baee1b7f93c7925f8624a4a,0,contract_or_token,etherscan_labels
0x54138c3d494ec7ede33ed08ee6e0f7bc6149e2fc,0,contract_or_token,etherscan_labels
0xde0c1dc7f2b67705cca50039418715f9c7f8d53b,0,contract_or_token,etherscan_labels
0x2c4f86610a91c2291cafa02ecfca8bff1df8afb1,0,contract_or_token,etherscan_labels
0x5ad5bc1f78b06679306e11925e2141b5f44ff76f,1,scam_heist,etherscan_labels
0x77f984cd2c2ffa53366419dd6c030ca959297ec3,1,scam_heist,etherscan_labels
0xc1c70266ef3dc680e55c5a1c451f664446a9849d,0,contract_or_token,etherscan_labels
0xc520a4ec24cb33c2b6adfc6399d286aa8efdf490,0,contract_or_token,etherscan_labels
0x477b21ec064ae822f938ea64781ca42be8407fa7,1,scam_heist,etherscan_labels
0xb458a1b0d526519a5f36efec4ccafff73d4e749c,0,contract_or_token,etherscan_labels
0xd89310f4baedb33afb36d7cc45bb8847f4463060,0,contract_or_token,etherscan_labels
0xc352e63b7297fcaae115e0758a6e84355181cdaf,0,contract_or_token,etherscan_labels
0x21d068e86f5537d77196d3f1223f24390f59ff3b,0,contract_or_token,etherscan_labels
0x4ec3fa380fdf43c038907c09fe156225f0843442,0,random_sample,bigquery_random_sample
0x32790dee22bed1916303e2c3f4253fc2cfc0c417,1,scam_heist,etherscan_labels
0x0960c817f89fcbe1d1cb2d9788d71cb9d721d48f,1,scam_heist,etherscan_labels
0x975c20d9635fb04dcee4c48db12c245f70505b82,1,scam_heist,etherscan_labels
0x1377730d30ba8340c4387100da65308385602b8f,0,contract_or_token,etherscan_labels
0x041da5d8acabb9f52ffd338b70f30a761ffbce68,0,contract_or_token,etherscan_labels
0x890d00d4f34a6dc471d8230655a1cbe4acfd5cdf,0,contract_or_token,etherscan_labels
0x693c4b0f88a41a30d05d0ff397de2a3d52e8284b,1,scam_heist,etherscan_labels
0xf1469c0c8cde46466d6cbf0a1e0b03b98cbb301f,0,contract_or_token,etherscan_labels
0x10a19e7ee7d7f8a52822f6817de8ea18204f2e4f,0,contract_or_token,etherscan_labels
0x438633db5462144559cf880a2466de8e9be966aa,0,contract_or_token,etherscan_labels
0x11783225e3dfd33174d67352c8121330409e5d95,0,contract_or_token,etherscan_labels
0x126ff5784e847b19b8a0b00f3ed4ebcae6106f38,0,contract_or_token,etherscan_labels
0x0bd2b9116f1e2f88e4fd4cc0fce3e15178de8df5,0,contract_or_token,etherscan_labels
0xf740b67da229f2f10bcbd38a7979992fcc71b8eb,0,exchange,etherscan_labels
0x1c010c2cb9b443b7c2e93cb048a2313c2cfe26d1,0,contract_or_token,etherscan_labels
0xd688aea8f7d450909ade10c47faa95707b0682d9,0,exchange,etherscan_labels
0x0c967dff67bc0e7c4fb31b4bf67a513ae1752a00,0,contract_or_token,etherscan_labels
0x76139588fb14f6720992bb6407395048ef3799ce,1,scam_heist,etherscan_labels
0xf9440fedc72a0b8030861dcdac39a75b544e7a3c,0,contract_or_token,etherscan_labels
0xd7a9e7f180556a7b640e225f8bab5400ec03803b,0,contract_or_token,etherscan_labels
0x6c4afea8ba79ed4f7d1c3c626f1392d2e761aa6d,0,contract_or_token,etherscan_labels
0xe3bdae21c5afc2dd0d58bdc2324e5ac3c8801f40,0,contract_or_token,etherscan_labels
0x65544898b40e9ad57e15721ea3003b5e40547ce8,1,scam_heist,etherscan_labels
0x3a1642905178fe3338346752fcd3836f9d104f13,0,contract_or_token,etherscan_labels
0x2ebc289fca43b8ff6223c40c3d5c48a997e99956,0,random_sample,bigquery_random_sample
0x3cc52a6e7238cd13ab34dc86b7b18d2a8778da1e,1,scam_heist,etherscan_labels
0x3f2d077acff8a66c4e0c79c37b6a662a7197889b,0,contract_or_token,etherscan_labels
0xc558f600b34a5f69dd2f0d06cb8a88d829b7420a,0,contract_or_token,etherscan_labels
0xeaebf8736ec441eecec31533ebd3a21d61caa252,0,contract_or_token,etherscan_labels
0xe7a3b7645d6922b5bac7ddcdcd6f62e05486a22e,0,contract_or_token,etherscan_labels
0x2f5394395541b2e13de419280ab417b045c6de34,0,contract_or_token,etherscan_labels
0x2d59aa422a7aae58038cf8ae6ed07330cc7d3ae8,0,contract_or_token,etherscan_labels
0x26a819238edc7470265ab44f2c1279d13302a94a,0,contract_or_token,etherscan_labels
0x8dce2aac0de82bdcaf6b4373b79f94331b8e4995,1,sanctioned,ofac_sdn
0xcd397987bfbf91e5c64e50226a361e80e598fc44,0,contract_or_token,etherscan_labels
0x7bc6d4ad3e50c1f5bfc4685a6a7d5efc6dd3f890,1,scam_heist,etherscan_labels
0xc5eed59f8692aa9ba14ed1e3b3ddff91cc1d2d34,0,contract_or_token,etherscan_labels
0x9af839687f6c94542ac5ece2e317daae355493a1,0,contract_or_token,etherscan_labels
0x6609cced5160706b691ce31f1be8e15e26a1336e,0,contract_or_token,etherscan_labels
0x7ad4780dfa1624ad1dca5d514c90ea7cf6eb37f9,0,contract_or_token,etherscan_labels
0x756c4628e57f7e7f8a459ec2752968360cf4d1aa,1,mixer,etherscan_labels
0x261961be72cd4153fe57ab11e46219fa9ac967f7,0,contract_or_token,etherscan_labels
0x53834e58a5eb52371dd7371564e3e6734252aabd,1,scam_heist,etherscan_labels
0x09239b9715edacc8a123bba96f85b47b893dd0c2,0,random_sample,bigquery_random_sample
0x0a2f9b5360b5c7b6d3ce826971425b3b8b766519,0,contract_or_token,etherscan_labels
0x35ff3cb43fa477936f4dbdc59717f8a180d5a0fa,1,scam_heist,etherscan_labels
0x67e8e786e1b49ad6935df713866f0c10fef7da64,0,contract_or_token,etherscan_labels
0x9a16adef30aee2ae2e76572fcf3b548784ebda3b,1,scam_heist,etherscan_labels
0xf7d4b6734385fc89ed0209de38988e3156ab0ea4,0,random_sample,bigquery_random_sample
0x8d242e9b76ce6971da3adf14b0fb6dfb0699ff18,0,contract_or_token,etherscan_labels
0x56eddb7aa87536c09ccc2793473599fd21a8b17f,0,exchange,etherscan_labels
0x821906ce2e228032552c02667dc0b04d0cdb8bce,1,scam_heist,etherscan_labels
0x7afafe3c06f4d4864fe37e981bf73279b5f44218,1,scam_heist,etherscan_labels
0x50c2b42b3e3ae89b98a8831de7110e978e97a101,0,contract_or_token,etherscan_labels
0x270b6a7b5626d7f6b0b74dc3b005da1fcd63b1a4,1,scam_heist,etherscan_labels
0x0fdb8289056e264782b5ee4273bc45cd3556b1a8,1,scam_heist,etherscan_labels
0x7d7f8e1c8e9df66e241611d0595ab2b46c338e92,0,contract_or_token,etherscan_labels
0x83a89a6530d22553fa1a30280f152ff0cfddeb76,0,contract_or_token,etherscan_labels
0xca5999dbee81c04b569e442b3f805d32b75b079b,1,scam_heist,etherscan_labels
0xed6e0a7e4ac94d976eebfb82ccf777a3c6bad921,1,sanctioned,ofac_sdn
0xb4cd0386d2db86f30c1a11c2b8c4f4185c1dade9,0,exchange,etherscan_labels
0xe7eec16a731ab674026b2daf8afb48b48705cdd0,0,contract_or_token,etherscan_labels
0xfb686f3a14a8476d46b2ca189dfabb87cb421003,0,random_sample,bigquery_random_sample
0x8093ec942bd2502db89304c52950f807ccf1fa95,0,contract_or_token,etherscan_labels
0xfcef47934bec27b78f8c061d9a78cdaf0b196001,0,contract_or_token,etherscan_labels
0x7ed2931dae1605a57fe5a3f5e00088096294ba2c,1,scam_heist,etherscan_labels
0xf00c51b1ae7ba5150c5db535e080e786346e53bb,0,contract_or_token,etherscan_labels
0x64079e67f6e2c2bc6dcd0837c9d0c57cc83281a1,0,contract_or_token,etherscan_labels
0x5d1f2d1002bd0b3a23e0d7b4828c128a6ae4964d,0,contract_or_token,etherscan_labels
0x724934f5fdd0e938664a39b0b484d055e24f680e,0,contract_or_token,etherscan_labels
0xf86ca32514a22fcd350a99121f34a0e70a059ec2,0,contract_or_token,etherscan_labels
0x53c32278f6e1175cd0b7aa6bab60c1a8e6d582c8,1,scam_heist,etherscan_labels
0x678a05ed47c3ea65f21e948bef38bc4a5246aa76,1,scam_heist,etherscan_labels
0xa8c1721f4f9254a247af361a1014fd60c21a80eb,0,contract_or_token,etherscan_labels
0x1848957420cc769409e43e3c17ab1e46bfcd6478,0,contract_or_token,etherscan_labels
0x899e2aa9ee6a0a54d2a345c00f5c163474c88d14,0,contract_or_token,etherscan_labels
0x23cf0a8653685c8afcc62c3910f0aeccaf7e3871,0,contract_or_token,etherscan_labels
0x6e7dcfc5bf513dbdd3c0ef5438590c19d0bd7e35,1,scam_heist,etherscan_labels
0x8346bb4173035aefb9ef911c3bb7047ead2215a6,0,contract_or_token,etherscan_labels
0x43c02636f45767ab59f7bf751eac71099e5e39e0,0,contract_or_token,etherscan_labels
0x8e6741b456a074f0bc45b8b82a755d4af7e965df,0,contract_or_token,etherscan_labels
0x5098953efbb5c691f53933f579ed604898c04552,0,contract_or_token,etherscan_labels
0xc1b986988ed6676ddc8643fc00161b7e3409d49e,0,contract_or_token,etherscan_labels
0xd347769ef26d2ce9ae3310ca6bbcf0b83e1da156,1,scam_heist,etherscan_labels
0xcb8d246d5e0dfdf2aa62677d2110deb316a92d6b,0,contract_or_token,etherscan_labels
0xd688ed627572a2c964ca9387c043eb9c587d4983,0,contract_or_token,etherscan_labels
0xd8ec94731151629a4cbcc866178e107a5d2ee3e0,0,contract_or_token,etherscan_labels
0x09e796837c85fb288fe6630f1d5a09c0a06b4519,1,scam_heist,etherscan_labels
0x53f3abd135c0548f90dfdcd19e09b95a838bfbfd,1,scam_heist,etherscan_labels
0x05a56e62298e0a5f1f164aafc1c1f89ca29f06d7,0,contract_or_token,etherscan_labels
0x2a4a071bce925d210797c6fb0bc7bd08a80cb9c2,0,contract_or_token,etherscan_labels
0x58e866691b3a36ad01a012f1e41b719de500f324,1,scam_heist,etherscan_labels
0xe6698d09309c146b0630ca101c10ee3ce21c977b,0,contract_or_token,etherscan_labels
0xdc6c91b569c98f9f6f74d90f9beff99fdaf4248b,0,contract_or_token,etherscan_labels
0x528d50dc9a333f01544177a924893fa1f5b9f748,0,contract_or_token,etherscan_labels
0x6c4f06732de107dc4010cb7d8681e4f7269b394b,1,scam_heist,etherscan_labels
0xf49b6d5c029b8b316ac3f90a8ad86cc1dd87f097,1,scam_heist,etherscan_labels
0x1b93129f05cc2e840135aab154223c75097b69bf,0,exchange,etherscan_labels
0x074a3a0679525141cc446670d520bcbd3543b9a8,0,contract_or_token,etherscan_labels
0xf5ce4c73ae723e27f768ef3ebdeadfbe9c9d61b4,0,contract_or_token,etherscan_labels
0x43a3be4ae954d9869836702afd10393d3a7ea417,1,mixer,etherscan_labels
0xbaa570ab85306246f2e25450e62422811f1eb057,1,scam_heist,etherscan_labels
0xcd72f3005f2dca2bbd7fd98201ee61d3c1825449,1,scam_heist,etherscan_labels
0xc5c96d0e3353b31e48a1d8501327cedb878ec537,0,contract_or_token,etherscan_labels
0xd04fb79f5f9682a5a587c16341cb10bb90fca04b,0,contract_or_token,etherscan_labels
0x9b07dfdf9bb7583c7ca424e8b717f07f53bf64ab,0,contract_or_token,etherscan_labels
0xd8a83b72377476d0a66683cde20a8aad0b628713,0,exchange,etherscan_labels
0xbf2755dc870212b6921ee7ab1bd60b23db50be0b,0,contract_or_token,etherscan_labels
0x4a39c50f10215f8326055dfbf1bcb2e8a5cae891,0,contract_or_token,etherscan_labels
0x3d08593b0528c8aa669935fbfbc6e4285b2ca17e,0,contract_or_token,etherscan_labels
0xdd111f0fc07f4d89ed6ff96dbab19a61450b8435,0,contract_or_token,etherscan_labels
0xcdcb5f061e4468d53a30f3edd44d5ede654e7aaa,1,scam_heist,etherscan_labels
0x6362b6704b91706af82da45e7288bfec66d0fafa,0,contract_or_token,etherscan_labels
0xd86a120a06255df8d4e2248ab04d4267e23adfaa,0,contract_or_token,etherscan_labels
0xcb5ec1091053287c6678d44559554b0558497216,1,scam_heist,etherscan_labels
0xfaf5125553f669250c44c7a38c4208ba45e3f18e,0,contract_or_token,etherscan_labels
0xee971f7949f2159f21f028d013949529676493d8,1,scam_heist,etherscan_labels
0x4ea32300d8f8a922efa86ef602316f6326d42bad,1,scam_heist,etherscan_labels
0x4a271897a0afe0d9793d793ae288d4314c2d1372,0,contract_or_token,etherscan_labels
0xd72136c6da6ae959b5960c204edf8bc260087bca,0,exchange,etherscan_labels
0xcf8bcac27f0b7a32fd9ec07b81cd2cf4d14e32a1,0,contract_or_token,etherscan_labels
0x2ae310f95ab43b4225290bbd976e7bf4356d8b84,0,contract_or_token,etherscan_labels
0x1d55b35b28a6fc577d8ca03a6c543a5ab0b3084b,0,contract_or_token,etherscan_labels
0x3863b1aa836c3ca55ade36048d8a407f5d0939fe,1,scam_heist,etherscan_labels
0x4c3dc59d3e04c58f949af72eddb47d0b32b366e9,0,contract_or_token,etherscan_labels
0x85e57d0365276d2cd23aa64620c0b451073e8414,0,contract_or_token,etherscan_labels
0x55fe80b3c42662a25fd9a515fda1bb76e59607fb,0,contract_or_token,etherscan_labels
0xf4f885137c916d39e0ede2141e3fd61f46bd1eb1,0,contract_or_token,etherscan_labels
0xe88941316836b4ee13c4d73f243ed5003cb7c2db,1,scam_heist,etherscan_labels
0xe853b5cb71262de8a8f52cece3f8f22600005172,0,contract_or_token,etherscan_labels
0x88e110d90a11ec35060588d992edc2255deb9813,1,scam_heist,etherscan_labels
0xc0451be404b00120a4ca9d479db930e1244c8ce8,0,contract_or_token,etherscan_labels
0x2c80d72af9ab0bb9d98f607c817c6f512dd647e6,0,contract_or_token,etherscan_labels
0x491a665ffab6ee876e3608dc4182018766f0ffea,1,scam_heist,etherscan_labels
0x2d9395d454d2ec75f4cb2c3d2ec7132667ec2582,0,contract_or_token,etherscan_labels
0xa2c12dd46eb80ad3ebfb9f07b0293b2e076bfc5b,1,scam_heist,etherscan_labels
0x19d37341cf927ee34abf773d2ccac8682010b13c,1,scam_heist,etherscan_labels
0x75507bab932fc47531bf1654f243c088a3fa1f69,0,contract_or_token,etherscan_labels
0xaddbcd6a68bfeb6e312e82b30ce1eb4a54497f4c,0,contract_or_token,etherscan_labels
0x78434d20d8f14cd195cac8790066fd8225acb26a,0,contract_or_token,etherscan_labels
0x7b83a83f39dc9b702f3b2373987695c306ef846c,1,scam_heist,etherscan_labels
0xc88b0e9cbfdffc1ceac078321442d546874eb3ef,0,contract_or_token,etherscan_labels
0x2b6d7afef6a48bd5ca1677c2587df57c8c4ed829,0,contract_or_token,etherscan_labels
0x51ae24690f3780742f7a199905e2a3305ff3310a,1,scam_heist,etherscan_labels
0xc99c2fe7491278c0c474b59a208a7b74f5ccee7b,0,contract_or_token,etherscan_labels
0x04798aeea5fba1d12cfc864c160c7410517c0093,0,contract_or_token,etherscan_labels
0xd829664cdbf3195b2ce76047a65de29e7ed0a9a8,0,contract_or_token,etherscan_labels
0xe94a3e724481633974b2722e2baf275e01a49098,0,contract_or_token,etherscan_labels
0x38b807a474553d3f5eb3e93b3927383fbe4bb2a7,1,scam_heist,etherscan_labels
0x4376410559078e813a6e52b4544608c1e20b15e6,0,contract_or_token,etherscan_labels
0xb705268213d593b8fd88d3fdeff93aff5cbdcfae,0,contract_or_token,etherscan_labels
0x92ea3779aec3e09e385fd718f389123a02b14713,1,scam_heist,etherscan_labels
0xd551f54df429c8d9d33969056b527c56ae382ea3,1,scam_heist,etherscan_labels
0xd3ff24ef4edddd41bf1b84bbfe3818227593e0fd,1,scam_heist,etherscan_labels
0x40706a6cdfeb61817eadf7766edb6724065088cc,0,contract_or_token,etherscan_labels
0x3e49e5473345fbb45f14b7b1f667de2643bf6498,0,contract_or_token,etherscan_labels
0xdd5fef4d78ce75bfd2688468d84bbcc9b2d3ec28,1,scam_heist,etherscan_labels
0x161a4987adc70a642a247bd689a54efe3190be42,0,contract_or_token,etherscan_labels
0x32d5d3618b9f1d50ce080ce88b413aba2bdc19d7,0,contract_or_token,etherscan_labels
0xb14bf7ee1cd8f87fa27cf84b7849670ccb639223,1,scam_heist,etherscan_labels
0x8b317347a81c1f148230fdbe362f9f3cd6b84914,1,scam_heist,etherscan_labels
0x772c379107a4152f3365d9b7c0f7dc25d39610ab,1,scam_heist,etherscan_labels
0x6cc8ce670d2d69dfa49aada77e2ede115c55a9e1,0,random_sample,bigquery_random_sample
0x18c12a654f982f68a91e8e6a4170ca1fcb9d60a2,0,contract_or_token,etherscan_labels
0x262cc32c29281fa291053ed2fa56b7ee1ad8a676,1,scam_heist,etherscan_labels
0xf24f62c98b8cb8c758583638c0a0cfdda8461c8b,0,contract_or_token,etherscan_labels
0x3d582cf9cf6b13a2d0040c8ef9ee90ab3faf2294,0,contract_or_token,etherscan_labels
0x357f814b8246c6b0f185bd7a464a13ff97d37758,1,scam_heist,etherscan_labels
0xb20c66c4de72433f3ce747b58b86830c459ca911,1,mixer,etherscan_labels
0xd44240d840671cfa4d910e3e4d732ddf28e67f4f,0,contract_or_token,etherscan_labels
0xb2b305040d1b75832f682f9b5077fd37c5a1fa34,0,contract_or_token,etherscan_labels
0x75286e183d923a5f52f52be205e358c5c9101b09,0,contract_or_token,etherscan_labels
0x522829eacfd4b5a48597cec83abdd83ef1f4b75f,1,scam_heist,etherscan_labels
0x595aaf85003c87bc3a30b9110df960437379e845,0,contract_or_token,etherscan_labels
0xa82f8e99cdba1f6e4cb576eac36ce2c23ccfa291,1,scam_heist,etherscan_labels
0xea2d0279e58908e41a0a0eb5eece474c5256935b,0,contract_or_token,etherscan_labels
0xb372ca6068d214287cd03e2505a236cfd8f1ff01,1,scam_heist,etherscan_labels
0xf9600db3b98c34e5ac9fbf7fc30d6dfc8b574988,0,contract_or_token,etherscan_labels
0x81fdc7bb8cf108ad9411bd2a1d7fda5556c5bf1e,1,scam_heist,etherscan_labels
0x18416f706712892e5436993da4e073d0bf4befd6,0,contract_or_token,etherscan_labels
0xdf237ba4af842523422d058c5d31d070d01ab601,0,contract_or_token,etherscan_labels
0x4cc89906db523af7c3bb240a959be21cb812b434,0,contract_or_token,etherscan_labels
0xe9a961642b7a429840dada7c7d9e1ca20b107d61,0,contract_or_token,etherscan_labels
0x0000000000e655fae4d56241588680f86e3b2377,0,exchange,etherscan_labels
0x24695f697ffbe0f749c8d7ac0d69f23a2978f8da,1,scam_heist,etherscan_labels
0x8c5215e9950c984fac54bb681211b38cc428e007,0,contract_or_token,etherscan_labels
0xdd51f01d9fc0fd084c1a4737bbfa5becb6ced9bc,0,exchange,etherscan_labels
0xa3ea3e75f4b420a9b9d2c2556d3c19638a721cfe,1,scam_heist,etherscan_labels
0x0a90d3835b51f59fbbeedb5f34e5d8866c5f5008,0,contract_or_token,etherscan_labels
0xf3701f445b6bdafedbca97d1e477357839e4120d,1,sanctioned,ofac_sdn
0x3b832052f5a8c125b7d82097d3c95ec05ce6cc8f,0,contract_or_token,etherscan_labels
0x61189da79177950a7272c88c6058b96d4bcd6be2,0,exchange,etherscan_labels
0x7180eb39a6264938fdb3effd7341c4727c382153,0,exchange,etherscan_labels
0x79f91f876139a2b8a8e630a0c5a31796e8806ce7,0,contract_or_token,etherscan_labels
0x6fc8099e24155d05c811a36948e4221e25df8517,0,contract_or_token,etherscan_labels
0x322638d3e29c2cfbbdf86a381a6ddedb58be588b,0,contract_or_token,etherscan_labels
0x42aebc0ad3e2a2c630d4097c16916d32a738e067,0,contract_or_token,etherscan_labels
0x5f6a8f84499da1e52986491d50af1171f49baa51,0,contract_or_token,etherscan_labels
0xdde12a12a6f67156e0da672be05c374e1b0a3e57,0,contract_or_token,etherscan_labels
0xf39e666477c1bf78beb731e89fda52a1a26484b9,0,random_sample,bigquery_random_sample
0x44ed13fca4ce66caa29d03dde9a74a24802cd6be,0,contract_or_token,etherscan_labels
0x904ce3d6ec87076f7c2558d114fe8384dd4f39d6,1,scam_heist,etherscan_labels
0x01523c9f4b9a16345dee9b62aede2236db54850f,0,contract_or_token,etherscan_labels
0x5c5edfdf90e62b9feecf5cbe921a5b645aa4175b,1,scam_heist,etherscan_labels
0xdae3ac391756d65fff76502ff4d1d7697a991c5a,0,contract_or_token,etherscan_labels
0x3e3ddda2a91e573788fae88db32d69ceae64aabd,0,contract_or_token,etherscan_labels
0xbef80f3cba3bd4215eeb3a3c2dbfd7d5e15609f8,1,scam_heist,etherscan_labels
0x46246a54329ca53e57f44e064072c8eaa38bfcc7,1,scam_heist,etherscan_labels
0x1ae434b715d5cc0e79af91492db1379c4ec83d6d,0,contract_or_token,etherscan_labels
0xfac583c0cf07ea434052c49115a4682172ab6b4f,1,sanctioned,ofac_sdn
0xcaae89f75c83633c6f903d09ae3704058dc0b522,0,contract_or_token,etherscan_labels
0x597e56279146c7eaf9c876f1efbe0547babb25f4,1,scam_heist,etherscan_labels
0x371df92d8d2d0881587e5fb1cfbe831e40856768,0,contract_or_token,etherscan_labels
0xec4e8c7c07d49aa58a017bfd683f23affc73d1c0,1,scam_heist,etherscan_labels
0x3e246dd7707aa08a242bae7c8778db6512805edd,1,scam_heist,etherscan_labels
0x767174538ce622c6ca19a8c7b10911469d1f43ba,0,contract_or_token,etherscan_labels
0x66aeba4363930b2c3e95ef7896d0d10ddcd72723,0,contract_or_token,etherscan_labels
0x68a241796628ecf44e48f0533fb00d07dd3419d2,0,contract_or_token,etherscan_labels
0x2ec1597230ad9960ad851fc6d4de1e3c186c5c43,0,contract_or_token,etherscan_labels
0x010c97e6672ea772e6417b8cf679f4751f4006a8,1,scam_heist,etherscan_labels
0xa169e0c6cea6990e3e89062262d03746d625a19e,0,contract_or_token,etherscan_labels
0x5d4b4d9f5274f72d7d4308597d0ea95b97b094cf,0,exchange,etherscan_labels
0xbb69e01921b17cd22080968bcc96ba6115da6062,1,sanctioned,ofac_sdn
0x6e357cf8aa0f98ea700357a7808b332e8b265e40,0,contract_or_token,etherscan_labels
0x5d87eb9ac9c107424734f2a95f11649206ccfea8,0,contract_or_token,etherscan_labels
0x49ced8f24091e87efdafeac938e4b99ceac8b174,0,contract_or_token,etherscan_labels
0x3783184b1b80b9edbdc5d4e81b68db4b7da28296,0,contract_or_token,etherscan_labels
0x0f5c21d4929f6f17119f43b0c51e665f12367a19,0,exchange,etherscan_labels
0x0dcfa3541402f83853850968a120ce3938cc6a27,1,scam_heist,etherscan_labels
0xf64d061106054fe63b0aca68916266182e77e9bc,0,contract_or_token,etherscan_labels
0x99a3a5333b4eb80192149f9edd42d1d57ac591ee,0,exchange,etherscan_labels
0x4b75f1981e5fece1b10ffe9085c342311b620542,1,scam_heist,etherscan_labels
0x4bcea5e4d0f6ed53cf45e7a28febb2d3621d7438,0,contract_or_token,etherscan_labels
0x9a0900418eb91e071e59ae9bbb0c44382722857d,0,contract_or_token,etherscan_labels
0x197fdc04553f243b17344534d5cc23fa7bf969f0,0,contract_or_token,etherscan_labels
0x4fa407ec9fad5b87a2c15ed579e021f8320017dd,0,contract_or_token,etherscan_labels
0x72a250ee19c0f8cc5772f9a33e1e330cde39e023,0,contract_or_token,etherscan_labels
0xa540744dedbda9ef64cf753f0e851efe4a419ea9,0,contract_or_token,etherscan_labels
0x9a16bddf0e89541d6abea035b706968465241e4f,0,contract_or_token,etherscan_labels
0xcf091357c3e8802d2dee8232d2db08e80ce94083,1,scam_heist,etherscan_labels
0x220a9f0dd581cbc58fcfb907de0454cbf3777f76,0,contract_or_token,etherscan_labels
0xa836c868024905dc223577cb530e97c6385a4398,0,contract_or_token,etherscan_labels
0xfe9f33afb375732c5c3fa76187bbc469d470b8cc,1,scam_heist,etherscan_labels
0xdbcd8b30ec1c4b136e740c147112f39d41a10166,0,contract_or_token,etherscan_labels
0xb135b31665bd67c4497f6eb3d5964e8897e5feb7,0,contract_or_token,etherscan_labels
0xe9b9014699f965700e9c70a269f73faf7e32d67b,0,contract_or_token,etherscan_labels
0x2f1f6007befcdd9f0bf75f43d23244cf3545b8ef,1,scam_heist,etherscan_labels
0x0f5c8334ad94cfe0fdc3851529b09a23f596ead3,1,scam_heist,etherscan_labels
0xe79bdd1a9baf6b65339f8ae80d89edd9a790f87a,0,contract_or_token,etherscan_labels
0x4cee4754d96f42b1761318a4df5070073e1c4a4c,0,contract_or_token,etherscan_labels
0xcba435408f3b3a7ad231e0083d7ee2e9ec03764f,0,contract_or_token,etherscan_labels
0xa1d8d972560c2f8144af871db508f0b0b10a3fbf,0,exchange,etherscan_labels
0xc92a6738d66ebffbacff9310255b949eb960c21a,0,contract_or_token,etherscan_labels
0xa36c6f854ef17238a6bdef7eec3b5af371006c16,0,contract_or_token,etherscan_labels
0x7973942a6741e740a3c340e8b0721e4b7f1bbc64,0,contract_or_token,etherscan_labels
0x92414a38daab674c07599d60edd98fd1fe3ed68c,0,random_sample,bigquery_random_sample
0x0b73f67a49273fc4b9a65dbd25d7d0918e734e63,0,exchange,etherscan_labels
0x5e30763f6d9da96b0b9b8d5b1763d8a00eacbb0b,1,scam_heist,etherscan_labels
0xd88b55467f58af508dbfdc597e8ebd2ad2de49b3,0,exchange,etherscan_labels
0x69ab811953499eb253c5a69ae06275a42b97c9ae,0,contract_or_token,etherscan_labels
0x69637ed987a9763c763641328e90d92d2bef1400,1,scam_heist,etherscan_labels
0x7c07f7abe10ce8e33dc6c5ad68fe033085256a84,0,contract_or_token,etherscan_labels
0x85a2253249526df6a439f61a03e4e4fb6b142290,1,scam_heist,etherscan_labels
0x38735f03b30fbc022ddd06abed01f0ca823c6a94,1,sanctioned,ofac_sdn
0x3c1e891e90d23eefc30d4a811eb0157c8cf90487,0,contract_or_token,etherscan_labels
0xb0ed0ff7461d11894f17587694153049aa0003a6,0,contract_or_token,etherscan_labels
0xa3e69ebce417ee0508d6996340126ad60078fcdd,0,contract_or_token,etherscan_labels
0xc0affcde0a28033d21fdf1d51104885c3e10db73,0,contract_or_token,etherscan_labels
0x8cf58021ca35fe940b519687a80b929f5e813bd6,0,contract_or_token,etherscan_labels
0x8d0bb41e450719f25a703125182fef5f496c5dd8,0,contract_or_token,etherscan_labels
0x784b374d3eaf7047f3b6cf5f4d786e1bde42bd4a,1,scam_heist,etherscan_labels
0x50094f0f77798c6aac2ca707dc125edf9a180a14,0,random_sample,bigquery_random_sample
0x5fb195761a1db915906569fb597f33f97034d9d4,0,contract_or_token,etherscan_labels
0x05e11de553a95955151d9815ef96ad0cd8daf6de,1,scam_heist,etherscan_labels
0x2343247c333a8e3f666553557ae486244cf92ef5,1,scam_heist,etherscan_labels
0x0099447ef539718bba3c4d4d4b4491d307eedc53,0,contract_or_token,etherscan_labels
0x8e0859ea441fe5d788dd0a2544075f0088b74410,0,contract_or_token,etherscan_labels
0x0e63cd1c40656f998ea873c430dcb0899d5eb8f7,0,contract_or_token,etherscan_labels
0xf2ae5aaef14d08e0ea618abb1384127941bcbda6,0,contract_or_token,etherscan_labels
0x6b8fe0f0ba707882875c4c9dc2d88533331e8f24,0,contract_or_token,etherscan_labels
0x4f81e1b649ec622f1e0be71a7432b0fddfc6636d,1,scam_heist,etherscan_labels
0x4a54f8e362c2cf70e9bc9607f3eb3a0e57fcdb3b,0,contract_or_token,etherscan_labels
0x8c7769f9f1e5042c0809b8702e4b9947b1bcb3f3,0,contract_or_token,etherscan_labels
0xcdf3733dde4389658f0626feb13206bda3030ccd,0,contract_or_token,etherscan_labels
0x0d6dd41c015b16badbd8de64f0b8e27133d78296,0,contract_or_token,etherscan_labels
0x65a0947ba5175359bb457d3b34491edf4cbf7997,0,exchange,etherscan_labels
0x5101e1b553cde06eede6dabaed5aebca3bab2d82,1,scam_heist,etherscan_labels
0x5862d8d46f6a42332dec8d8d8c27796c0f38264b,0,contract_or_token,etherscan_labels
0x6506afcb19f886aad3501112e8fe8183e4deca6d,0,contract_or_token,etherscan_labels
0x64cd4c11b70f0ad9dccdf873a51e7f278b7fed0a,0,contract_or_token,etherscan_labels
0x2471de1547296aadb02cc1af84afe369b6f67c87,0,contract_or_token,etherscan_labels
0xef4269a9349004f60fcaa154eda9176aac6c5b7c,1,scam_heist,etherscan_labels
0xd39fa61653784719940b96eb5184407a0d63b5f3,0,contract_or_token,etherscan_labels
0xc640df2f105c0358a2811f0c5f1a38428aea3554,1,scam_heist,etherscan_labels
0x0eee7f7319013df1f24f5eaf83004fcf9cf49245,0,contract_or_token,etherscan_labels
0x538768afe4d94d2300884a6d430090f415e69aac,0,contract_or_token,etherscan_labels
0x4df12a6c67387957210ebce6f9e7ae771ad38f9b,0,contract_or_token,etherscan_labels
0xc5c49e7c0149f11e2df908f2b1ec0b14f4e1cbda,0,contract_or_token,etherscan_labels
0xdd7599e1ae428120de923e2bb5f49d9b7fcc4bfd,1,scam_heist,etherscan_labels
0xf9077035b81af578bc29ed18ab83571b9c90e6cf,0,contract_or_token,etherscan_labels
0x66b86625ee80b06e94e027e44ea35680a0730233,0,exchange,etherscan_labels
0xc850db20542285675a77bf158baa792091f698dc,0,contract_or_token,etherscan_labels
0xfff2f0277d7899e043741eebac6553b20e0639d5,1,scam_heist,etherscan_labels
0x4858a40918aec714d9134573c5098a2243bb7805,0,contract_or_token,etherscan_labels
0x170af0a02339743687afd3dc8d48cffd1f660728,0,exchange,etherscan_labels
0x111111125434b319222cdbf8c261674adb56f3ae,0,contract_or_token,etherscan_labels
0xfaae91b5d3c0378ee245e120952b21736f382c59,1,scam_heist,etherscan_labels
0xbf2875ca01a1e58db1eccf1e39471aa460db70f0,0,contract_or_token,etherscan_labels
0xf9ab7776c7baeed1d65f0492fe2bb3951a1787ef,0,contract_or_token,etherscan_labels
0xb25cc7cf980e7fef62f968556138a123baa8758c,1,scam_heist,etherscan_labels
0xb82302df3525fcc73bb88175eda74eb28990185f,0,contract_or_token,etherscan_labels
0x0a9334aa3aeaa0adbc0399f0c1af0dfd3ee9be38,0,contract_or_token,etherscan_labels
0xe46b0ac9b09fc520ae3c3761a787aaf8fff17f2e,0,contract_or_token,etherscan_labels
0x38c619c351d6ad03f496a8c82ba5430c86fe0ab7,0,contract_or_token,etherscan_labels
0x777172d858dc1599914a1c4c6c9fc48c99a60990,0,contract_or_token,etherscan_labels
0xb26a6b0bd4f4878ad7b3b698ab2f65a06d2ee3dd,0,contract_or_token,etherscan_labels
0xd39e456c22eabf3ab0e58bdeea269927c65f6263,1,scam_heist,etherscan_labels
0x2394abff4670fd4f54baece47542177002e5512f,1,scam_heist,etherscan_labels
0x153cf4b8dcc954cc531f92a9b50b9e851c536f24,0,contract_or_token,etherscan_labels
0x9a0cc6791a5409ce3547f1f1d00e058c79d0a72c,0,contract_or_token,etherscan_labels
0xedf835737a4d47cd07e34d7ede8b28fb1a4a648d,0,contract_or_token,etherscan_labels
0x1ee15f79c1d8c33f279cbe0c2acc5bf95468ad5e,0,contract_or_token,etherscan_labels
0xa0e24dadb3ba9e5245a18569d6cfda8cd553ec69,0,contract_or_token,etherscan_labels
0xc25db6aef9468f1e62ff051576a17357e6a5371d,0,contract_or_token,etherscan_labels
0x9778ea3d1e01088093821ca814dc41cf80cdd0ac,0,contract_or_token,etherscan_labels
0x3d455a28f902b253ffbc141ca168015c2de8b420,0,contract_or_token,etherscan_labels
0xb98db2fb641751462fd78c6db2a5c6edb50864d4,0,contract_or_token,etherscan_labels
0xb106311fe4c81f87518833d447fb55fdf916638e,1,scam_heist,etherscan_labels
0x02a12d8b568e4b79569020080914f5c12d5b34b8,0,contract_or_token,etherscan_labels
0xe0da0a98e004b69acb9bc0cce83979c76d124ed1,0,contract_or_token,etherscan_labels
0xa92e747ba0fa6802db123a699eaeb4d1f6f8b80b,0,contract_or_token,etherscan_labels
0xfa760444a229e78a50ca9b3779f4ce4cce10e170,1,scam_heist,etherscan_labels
0xa6421811222a25a8ca09b1f4b2e9c4daff58a64e,1,scam_heist,etherscan_labels
0xdc1e40174ad831e505e8191881a66e90c3681e33,1,scam_heist,etherscan_labels
0x1d770e4ddefe8198be90ec1efff2b456b6655a3a,1,scam_heist,etherscan_labels
0x321198908bd33b066252d63d363667e3f7094a34,0,contract_or_token,etherscan_labels
0x1b2273311ab410d11168b8df242b8b79d8bfcdb5,0,contract_or_token,etherscan_labels
0x777777773fdd8b28bb03377d10fcea75ad9768da,0,contract_or_token,etherscan_labels
0xeba76c5925befc5a9dbae99ce8ecd32e7df290aa,0,contract_or_token,etherscan_labels
0x9d236a385d8b4117443f1ffc15f951db41184e2c,0,contract_or_token,etherscan_labels
0xfc00112b3a316b400bb9beebe5022f2eaa93338e,1,scam_heist,etherscan_labels
0x72769b237d723acdf245e9be1474d00db26ce2a8,1,scam_heist,etherscan_labels
0x954ec4d9b36177f13dca1e694c7de810919ed18c,0,contract_or_token,etherscan_labels
0xc02f5f935b394c54e5e30a8320fc120dec0d228c,1,scam_heist,etherscan_labels
0x99db4ba0d647cdc6a200d05fd2b922509bb02ea9,1,scam_heist,etherscan_labels
0x87e7f0203285d9b0d6e817fecf0b38679fd36d8b,1,scam_heist,etherscan_labels
0x2d7d0f58d2dcfbea14a89f371bcd6aace5355b43,0,contract_or_token,etherscan_labels
0x3867877d568b1699a7fd7d6190d0926aa88c4b86,0,contract_or_token,etherscan_labels
0x555dee5f67db53c66ca62442477624ebb0ebfbb9,0,contract_or_token,etherscan_labels
0xeeff1a25c546a09d059d15d4b6351877a59f948b,0,contract_or_token,etherscan_labels
0x147ab744f058a52e828bee84a9c58660f2ff5ff9,0,contract_or_token,etherscan_labels
0x5bb21edcf28d16d997a475afdabe1064f401e5ad,0,contract_or_token,etherscan_labels
0x44ad62eaa9471de68dafd3d07d233e7f964247c9,1,scam_heist,etherscan_labels
0xe5c4604a6b32ab87cc039c196d014a36313fa7ec,1,scam_heist,etherscan_labels
0xb239df5e68ff3aff4249d39ce9738d73d1eaed64,0,contract_or_token,etherscan_labels
0xe7ce624c00381b4b7abb03e633fb4acac4537dd6,0,contract_or_token,etherscan_labels
0xf66fb83adf6706b0d41cef88c8888d0caaadbe1d,0,contract_or_token,etherscan_labels
0x440a4816eeac25cfb949d1f9450ac1a2923c4834,0,contract_or_token,etherscan_labels
0xc3d6f3c0fc331fce0ff1d012f58c70d37d67b181,1,scam_heist,etherscan_labels
0x6f908e82e94e088f726e456e3403aaa00723e6e3,0,contract_or_token,etherscan_labels
0xe1d865c3d669dcc8c57c8d023140cb204e672ee4,1,sanctioned,ofac_sdn
0x3074ebfdf7a1047716c8879341206dd04d69e974,0,contract_or_token,etherscan_labels
0xb22da2633a7dec8307f744396cbe1e1590b5211c,0,random_sample,bigquery_random_sample
0x0c08a67f86f9d179815490eb4d788b15022250e7,0,contract_or_token,etherscan_labels
0x7935a9d3d957312bc5127f5d5d16a9e19ac330b9,0,contract_or_token,etherscan_labels
0xa9b82c82ece1ccd3e23c7dc162ad16a771110208,1,scam_heist,etherscan_labels
0xfb2a3b99c33895570adf893885b3fde807788cf5,0,contract_or_token,etherscan_labels
0xba17736646cef363b3373c648dc9ae716dcf3792,1,scam_heist,etherscan_labels
0x77beea8be74335363144a1234dc390aaa4292b9b,0,contract_or_token,etherscan_labels
0xc0b813f76305f395da1aeab5ceb976904e23b167,0,contract_or_token,etherscan_labels
0xf41da4457aa9c5e88dda103f3c4a108e9a12329e,0,contract_or_token,etherscan_labels
0x71f7ae1d899ea19af0face5b25b9577c6a286c95,0,contract_or_token,etherscan_labels
0xe809968423551135675f38ca77d9595c5d225918,1,scam_heist,etherscan_labels
0xe68f1d2bd6e00e165ccf268e8cc891276f376a38,1,scam_heist,etherscan_labels
0x35ead886f8f1e693ae7d411c35a00af055c67386,0,contract_or_token,etherscan_labels
0x8b00ee8606cc70c2dce68dea0cefe632cca0fb7b,0,contract_or_token,etherscan_labels
0x1f53e5a4dc34bcddf436305c91ac26ef8caec9fb,0,contract_or_token,etherscan_labels
0xa8ee490e4c4da48cc1653502c1a77479d4d818de,0,exchange,etherscan_labels
0xd6815753a7466ac1ff851f1ded91c42f52488e06,1,scam_heist,etherscan_labels
0x7ebc3b5316f35127d704a6fe56b8687587c4241b,0,contract_or_token,etherscan_labels
0xdd8ada5088fa27dfb2e1364337f8c92d4c06b611,0,contract_or_token,etherscan_labels
0xfcc23be9650c15782a8357abdbfc1cdce0f31a40,1,scam_heist,etherscan_labels
0x727412db12fed07386235d1474257dc15302cce5,0,contract_or_token,etherscan_labels
0x610468b2c5d1bd72c2093c47a6d2da68037c34e2,0,contract_or_token,etherscan_labels
0x7b6d11aed51c1d520df736121e7a93312fc67468,1,scam_heist,etherscan_labels
0x6b68f33fbf1e313a23510f597877ce66ae36ec9f,0,contract_or_token,etherscan_labels
0xf6032c7c15bf4b56bfc5d69208f9ce47f5958512,0,exchange,etherscan_labels
0x121626bce68a417069279ca626b7305a6c1e4eeb,0,contract_or_token,etherscan_labels
0x46764efbe6d466a6beb89e876fe1f0602ebbe39a,1,scam_heist,etherscan_labels
0x4b91870190129c82f4d4f9104a4c4519fdf0fc23,1,scam_heist,etherscan_labels
0x4e726311e7036d7be9a9b2a1e9e00c48aeec28ae,0,contract_or_token,etherscan_labels
0xec42589281dca131c222ea6165fe868c019f32af,0,contract_or_token,etherscan_labels
0xe95c335d3d20857cc2afb27e164958418c08ffd1,0,contract_or_token,etherscan_labels
0x0a92e5376dd0d8d4ca31e8a9980c725d8e216039,1,scam_heist,etherscan_labels
0x769a1ef6fbfa918d685ba02f3c2e45cfb902ebf7,1,scam_heist,etherscan_labels
0x8793b190cfaab12c7fefc489b117efe116c0698f,0,contract_or_token,etherscan_labels
0x5df2c8927f67e236c0b9e5fb2862916894fb78ad,0,contract_or_token,etherscan_labels
0x269db91fc3c7fcc275c2e6f22e5552504512811c,0,contract_or_token,etherscan_labels
0x0f69c8a6fcad9adf7c47a1fd489c72b7b0bbc5cb,1,scam_heist,etherscan_labels
0x7e7174fdec7c50d069115f06e4b2215d5a603794,0,contract_or_token,etherscan_labels
0xc727e91c3c0c1329e868d0506cdf93bb41885c32,0,contract_or_token,etherscan_labels
0xc7a0bb4aa8b6bedf71f217818b71c06692c1a2f4,1,scam_heist,etherscan_labels
0x00cc3465320984aa15fd4e344a5250768a427034,0,contract_or_token,etherscan_labels
0x874aa0ef89b15c9a9a6a1903ce409549365fb8d3,0,contract_or_token,etherscan_labels
0x60757088c7140e9e7bc943632ee43a831f1112ac,0,contract_or_token,etherscan_labels
0xc79a2370bc963a7601251e7ef5fdf060631b1899,0,random_sample,bigquery_random_sample
0x98d27e11f809807ca21f6188c03143112e0bb0ac,0,contract_or_token,etherscan_labels
0xf7497cb33b83deb0bbd59c2df1beada370d3be02,0,contract_or_token,etherscan_labels
0xe9b7aeba8e2d0386ee3ea7d7a6a88fd313d0f802,0,contract_or_token,etherscan_labels
0xf3c30eeaf242ac2ae44db4ce367147530c6b43e9,0,contract_or_token,etherscan_labels
0x6d9893fa101cd2b1f8d1a12de3189ff7b80fdc10,0,contract_or_token,etherscan_labels
0x905d576678cc1647ef41cc515bf7d3e7cd376a27,0,contract_or_token,etherscan_labels
0x790bae3e77fd5861a0594c99e75cc50ed7bc53b2,0,contract_or_token,etherscan_labels
0x6e9918d5ad03d73d8f1e36fb3e35c381a64cc3d1,1,scam_heist,etherscan_labels
0xe3f9cf7d44488715361581dd8b3a15379953eb4c,0,contract_or_token,etherscan_labels
0x992747a8703a1ff45d934a3e53661c1a7c2d6096,0,contract_or_token,etherscan_labels
0x9936fb81a36303882c8cd696f3d61a4be9ba793b,0,contract_or_token,etherscan_labels
0xc94bf9c118f661ea294c49ee9624a1ea21c4c083,0,contract_or_token,etherscan_labels
0xa87e10cb085512931ccd277338e66cdacb52ca79,0,contract_or_token,etherscan_labels
0xd5410b882b2d27aa04784bb65768e3c7f951d4e7,1,scam_heist,etherscan_labels
0xca465b919ee40ef782842865717e9b34afe19ef7,0,contract_or_token,etherscan_labels
0x102efb11d588fa03dfc9fb5e0894dd241839d3f8,0,contract_or_token,etherscan_labels
0x2a16d268482a94f26276e59da2b220f2e52d67d9,0,contract_or_token,etherscan_labels
0xebeb3df6508dccef536d131808c30756b0a535b2,1,scam_heist,etherscan_labels
0x93ed23b5dd4f23ccc01d6293fd7002c5738aca6b,1,scam_heist,etherscan_labels
0xe20887e237af65edc13acfce2b3da3c85f300454,0,contract_or_token,etherscan_labels
0x19ae63358648795aaf29e36733f04fcef683aa69,0,contract_or_token,etherscan_labels
0x817211d408fbc19193e482f4900354e4cc894a44,0,contract_or_token,etherscan_labels
0x94af8a09df2cce81d5e8d14e18fb8824e2269785,1,scam_heist,etherscan_labels
0x68b3465833fb72a70ecdf485e0e4c7bd8665fc45,0,contract_or_token,etherscan_labels
0xfd826e749f0af900beeef75012a822d81cce44e1,1,scam_heist,etherscan_labels
0x50f279956d176760d31b5759292538e2c049ae40,0,contract_or_token,etherscan_labels
0x9b2f422e91288e44f7f212c637f6f1a9a9e16cae,0,contract_or_token,etherscan_labels
0x1c6a96cb234e855bf93f9e854c3034bd4cef7d7b,0,random_sample,bigquery_random_sample
0x921e4324ff00f82dedc771d2f2e3ab79c93d7e6b,1,scam_heist,etherscan_labels
0x033910c6744ed680369725d9fd2268a7e2c0d490,0,contract_or_token,etherscan_labels
0xb9960d9bca016e9748be75dd52f02188b9d0829f,0,contract_or_token,etherscan_labels
0xb8812fb63de381da0190fc4a01e1f723dbd161c8,0,contract_or_token,etherscan_labels
0x4b47b11c353f0056c73a87fefccb6c43dc0d8065,0,contract_or_token,etherscan_labels
0x1b523077bd011cdb030f506484cc8f2d3bdb64bb,1,scam_heist,etherscan_labels
0x2c9cbe7687a4396bb80055ab1b3dde3190c1e9d8,0,contract_or_token,etherscan_labels
0x5f6ef509e65676134bd73baf85e0cf2744d8e254,0,contract_or_token,etherscan_labels
0xa8931269569c572e22817440b119843e5ec7534d,0,contract_or_token,etherscan_labels
0x1712aad2c773ee04bdc9114b32163c058321cd85,0,contract_or_token,etherscan_labels
0xb124c4e18a282143d362a066736fd60d22393ef4,0,contract_or_token,etherscan_labels
0xa806b2f8b5facf3462586291c61f2a9d57fa5910,0,contract_or_token,etherscan_labels
0x8dc476e140909e8da70ad7b8e0ada26c5d8c1b6d,0,contract_or_token,etherscan_labels
0x61f532ef937e809567d69531ae533595402bb4a8,0,contract_or_token,etherscan_labels
0xbcb584af2fc83413d3f8a30ef26f9f281620ceac,0,contract_or_token,etherscan_labels
0xd9f3a5a0e7499149538cdee8b804a5ac4f4944fc,0,contract_or_token,etherscan_labels
0x4735493da6a31abc52db638d6d21de9217f80c1f,0,contract_or_token,etherscan_labels
0x1c1c14a6b5074905ce5d367b0a7e098b58ebfd47,0,contract_or_token,etherscan_labels
0xdb4529b47281ddb8e2804071421c723a83d5ffcd,1,scam_heist,etherscan_labels
0x26e6a391953169d141df36834acfd9c61d3d4d59,0,contract_or_token,etherscan_labels
0x9af9c7016e9a759b1a1c9d31ffce04b31a5456bf,0,contract_or_token,etherscan_labels
0x4cc6c674e3dca6df83145a04721ce7d05a9c200b,0,contract_or_token,etherscan_labels
0xcfdb87f468806416574ec4e1f05b2d743c3690d8,0,contract_or_token,etherscan_labels
0x944644ea989ec64c2ab9ef341d383cef586a5777,0,contract_or_token,etherscan_labels
0xe0b783100c880e3816d19f6c9ae3deb694ad122d,0,contract_or_token,etherscan_labels
0x752b3f956a157ba0d613aca1c8be4bda8207d200,0,contract_or_token,etherscan_labels
0x8a1d0db124d33772082a0f4558ec17d7c9f6e525,0,contract_or_token,etherscan_labels
0xd519d5704b41511951c8cf9f65fee9ab9bef2611,0,contract_or_token,etherscan_labels
0x9c2df5e1e490d4dbed6bd925a59ac73115d84ac8,0,contract_or_token,etherscan_labels
0x94aff6c2c005567aa0e2a27f77701bb1b6679b6b,1,scam_heist,etherscan_labels
0x99b42f2b49c395d2a77d973f6009abb5d67da343,0,contract_or_token,etherscan_labels
0x2c86362d679d01144226a41901425518f32d6c9d,0,contract_or_token,etherscan_labels
0x6c2988ca4a79c420e805c275093848e4363ba49f,1,scam_heist,etherscan_labels
0xb2197558da56d35709797c08418d5b238326a29c,1,scam_heist,etherscan_labels
0xfa86d83964484d93fe4c1447e8e18c1863c861a5,0,contract_or_token,etherscan_labels
0xd2e4acdfe12aa8714f6c5208781a47894aeeb979,0,contract_or_token,etherscan_labels
0xbcfbf65b44b5bb64e5db5a364bd86256e9f8e6a2,0,contract_or_token,etherscan_labels
0xbdd7b0c744c65a8ce070fa55e276114eec47d794,1,scam_heist,etherscan_labels
0xfda96b77426d41bbcfdb481bbf930a67e15c8bb5,1,scam_heist,etherscan_labels
0xf8f2339f2df897dd3dea3a4d39df641bd4dc596c,0,contract_or_token,etherscan_labels
0x29936931949819c9c6559ff8e19283f5dd8f133c,0,contract_or_token,etherscan_labels
0x4281e53938c3b1c1d3e8afd21c02ce8512cdbc93,0,contract_or_token,etherscan_labels
0xd961daa343c8bf4c945c4fc66fc4eebe9c6a8472,0,contract_or_token,etherscan_labels
0x88c4aa6d21f5b6c709dcc7e77f5b9c9caf33f988,0,contract_or_token,etherscan_labels
0x5938a85c80675df4814b46039076f84d0711135a,1,scam_heist,etherscan_labels
0x4a044556ccd4141b381ea234e511af7ff6a8733c,0,contract_or_token,etherscan_labels
0x1f655759124f096475b059d0a73e9fe5a1e295b4,1,scam_heist,etherscan_labels
0xca8b20046d9576dece7ab979b8595b50364c6ba3,0,contract_or_token,etherscan_labels
0x96edd68feed08da3c22442a0a04c0ee5ebed782f,1,scam_heist,etherscan_labels
0x91f6d99b232153cb655ad3e0d05e13ef505f6cd5,0,exchange,etherscan_labels
0xe25d73103ff131cf7763a33fbb6521666d1eb61d,1,scam_heist,etherscan_labels
0xf7f483cae2ed9cb8c83d2de2978c67f9869bade1,0,contract_or_token,etherscan_labels
0x5d472c9edece12a75ed7c0584dd02407cb5b47da,0,contract_or_token,etherscan_labels
0x99a308756ec7e10794af4c43f21b670d4a63aed0,0,contract_or_token,etherscan_labels
0x35ab0c2d45c49c1ef59f335248e8bfcc4bcacc0b,1,scam_heist,etherscan_labels
0x901bb9583b24d97e995513c6778dc6888ab6870e,1,sanctioned,ofac_sdn
0x0e2a3d127edf3bf328616e02f1de47f981cf496a,0,contract_or_token,etherscan_labels
0x19f81cc98254536304056a13b539a40bfb7aaa60,0,contract_or_token,etherscan_labels
0x6af162b6c48fc99722c7a656aba9520f43338c72,0,contract_or_token,etherscan_labels
0x0440f3226cc2caa65609c78fd1f3029543445b11,0,contract_or_token,etherscan_labels
0x09e0f59c53a29ef813ab6de2d4308c13070709cb,0,contract_or_token,etherscan_labels
0x6d8991dbe3bcea80f57f9d57b05c6038c1ee8212,0,contract_or_token,etherscan_labels
0x2fce78e39729856f1c302117328518a4f588b0cd,1,scam_heist,etherscan_labels
0x5ce729fe1d149eb05c264ecf278ac098283a234f,0,contract_or_token,etherscan_labels
0x020810d775fc019480cd56ecb960389d3477039d,0,contract_or_token,etherscan_labels
0xd449aec468dc18b6649ba7bbc10ae2ca5f33eccb,0,contract_or_token,etherscan_labels
0xe010fcda8894c16a8acfef7b37741a760faeddc4,0,contract_or_token,etherscan_labels
0x88fd245fedec4a936e700f9173454d1931b4c307,1,mixer,etherscan_labels
0x9b5cb6ee46151d2fb93cad2feb302890baf4d7f2,0,contract_or_token,etherscan_labels
0x4e34a993a8353b5b290969dd7e61d5e5a9ed1b01,0,random_sample,bigquery_random_sample
0x3d50df65db11a73587263be925fdcd276dba57d3,0,random_sample,bigquery_random_sample
0x860de9f238b37a33722603a0bcc6e340f5513774,0,contract_or_token,etherscan_labels
0x0ef259683e928af540cd625cd9309c5c02e97a3a,1,scam_heist,etherscan_labels
0xc309d1f7da3ed7b8ea824ee35d76066f65c78782,0,contract_or_token,etherscan_labels
0xc16bbbe540e6595967035f3a505477e26a38c0c5,0,contract_or_token,etherscan_labels
0x19b04c7264563791d54e449f965548b8a9e2fc3a,0,contract_or_token,etherscan_labels
0xa5e4c914f7c929de7d9b21f722fe9ed6b76255cc,0,contract_or_token,etherscan_labels
0x228e093aa0685151ead3e0bf1939fd896c065ea1,1,scam_heist,etherscan_labels
0x046d26561f4ce508cb44e05ab0584436b2b2f400,0,contract_or_token,etherscan_labels
0x87295f5e547a0608d4ba618029de20598135d5a3,1,scam_heist,etherscan_labels
0xb5d7fb9820753789a1f3a4b1c7675c6b2bcae4f6,1,scam_heist,etherscan_labels
0x0681e844593a051e2882ec897ecd5444efe19ff2,0,contract_or_token,etherscan_labels
0x8a74e1bf269ee09ae4d41e03e8d2a2fdcddce024,0,random_sample,bigquery_random_sample
0xbffbd6aacce1c39075a345de627ff69214a6ba6d,0,contract_or_token,etherscan_labels
0x0bdf7efef728308b6f55b1dd8d0c714f0d5d233f,0,contract_or_token,etherscan_labels
0x81d258af4f640021a73cea2a45849d4dfb3222ec,0,contract_or_token,etherscan_labels
0xbbcdc8e8c4cb3dfc9901e84906713666cceb610b,0,contract_or_token,etherscan_labels
0xc9630cbf7e1559ca84d060e158f3890e431d8f1b,0,contract_or_token,etherscan_labels
0x0f82e57804d0b1f6fab2370a43dcfad3c7cb239c,0,contract_or_token,etherscan_labels
0x60303ccbba2392034ed666b0ba6e4b0307aeaf38,0,contract_or_token,etherscan_labels
0xdbdef0fd622cf80c184320765274e164ee293357,0,random_sample,bigquery_random_sample
0x7c76a64ac61d1eeafe2b8af6f7f0a6a1890418f3,1,scam_heist,etherscan_labels
0x90e18a6920985dbacc3d76cf27a3f2131923c720,0,exchange,etherscan_labels
0xa29d921e8fa870ded7f2720d165dda383eba18cb,0,contract_or_token,etherscan_labels
0x3d3741df7a547fcb10b45615dcb3fa9a9d692e8e,1,scam_heist,etherscan_labels
0xd111bd9a97e77eca2a0fec2376886e3c9528cce4,0,contract_or_token,etherscan_labels
0x7d64f03a7a15e6082d1371c82c59770d73b4f8aa,0,contract_or_token,etherscan_labels
0xd092571c61ac882edac7f0e324b8092c0c436a72,1,scam_heist,etherscan_labels
0x2fdbf8c3a2a9535d1d94d205dc1b49b64891851c,1,scam_heist,etherscan_labels
0x22f047e6fde5b6fbe92c3a6100b0c8b1a7981bb2,0,contract_or_token,etherscan_labels
0x0b342c51d1592c41068d5d4b4da4a68c0a04d5a4,0,contract_or_token,etherscan_labels
0x70985e557ae0cd6dc88189a532e54fbc61927bad,0,contract_or_token,etherscan_labels
0x44624f0cff9651773721a1396a175e6ef5f8c2b4,0,contract_or_token,etherscan_labels
0xe00191ddb312205479240d1a1805c9f0402d0639,1,scam_heist,etherscan_labels
0x2953edc5c64d14fff19de43e614d52fa1a278eb8,0,contract_or_token,etherscan_labels
0xd68ebee9331d6ce2070aabd957bfea22d2d40f4a,1,scam_heist,etherscan_labels
0xfc7d9ced818eb783002e9068571e9607fcea98e0,0,contract_or_token,etherscan_labels
0x0450b752a15bb5ddb5056ad2e27ead21289d31ed,0,contract_or_token,etherscan_labels
0xcf70e61c7383126f53692e1ebf4e95c473c3daa4,1,scam_heist,etherscan_labels
0x5c29aa6761803bcfda7f683eaa0ff9bddda3649d,0,contract_or_token,etherscan_labels
0x3f9f81082701dd184a3cf4e1c951f8d8d44499cf,0,contract_or_token,etherscan_labels
0xd730927e1811aa023ece9ae0ab79a6da8f70a857,0,contract_or_token,etherscan_labels
0x61e35bf99095a4844b3b2edac397e738c34b43c3,0,contract_or_token,etherscan_labels
0x3831eed9b6ba6b092759e316b6bff5ba489b28d1,0,contract_or_token,etherscan_labels
0xa7971d5c7793dd1d0fc50957fb59b188bafad6ac,0,contract_or_token,etherscan_labels
0x6a800faa3bf6fdc3963660ae88c51e5c60a2075f,0,contract_or_token,etherscan_labels
0x4ef33a3fa92c3c81714bc4a3760acc2fdda0a050,0,contract_or_token,etherscan_labels
0xf44a39461a53a580eb9c564062128c9612317b0b,0,random_sample,bigquery_random_sample
0xc740320565ec44dadd09b900f0e1a2f91929a4e9,0,contract_or_token,etherscan_labels
0x3b54a261046fe75b19e402541dab0363246dcf2f,1,scam_heist,etherscan_labels
0xcc39592f5cb193a70f262aa301f54db1d600e6da,0,contract_or_token,etherscan_labels
0xac1ec0df7575ebbfd02a976c72b2d13b8af42e16,0,contract_or_token,etherscan_labels
0x30e8d1b572e986ed1b9f1cebd1dfc443b2c82dd6,1,scam_heist,etherscan_labels
0xb1f66bc5867a329cfd0465a506c4ad96e6be1adc,0,contract_or_token,etherscan_labels
0x51ad2aba1d7e677525e53573312f6299788ba094,0,contract_or_token,etherscan_labels
0x281df7fc89294c84afa2a21ffee8f6807f9c9226,0,contract_or_token,etherscan_labels
0x5021ec09453bec4aa7231543806c43ebd6977921,0,contract_or_token,etherscan_labels
0x611ac88f84d92b4eb07eadb6e4c98414515b2138,1,scam_heist,etherscan_labels
0x08723392ed15743cc38513c4925f5e6be5c17243,1,sanctioned,ofac_sdn
0xfcca2a130f24680cdc827963a406073afd1d35b0,0,random_sample,bigquery_random_sample
0x39d9f4640b98189540a9c0edcfa95c5e657706aa,0,exchange,etherscan_labels
0xdbdb43e4381a4466c2d1029914c9e58e2368d741,1,scam_heist,etherscan_labels
0x33265b9ac5e040975b19be0cf9d05d9972c58b62,1,scam_heist,etherscan_labels
0x6d268f49099407921ea84acc1fbfecdb8c2af698,1,scam_heist,etherscan_labels
0x17f9dc2e132c6d5a9cfe9f68b3ec1875be8acd40,0,contract_or_token,etherscan_labels
0x150f99f88460dd41ef895b88b9bb00f3de79c1c8,0,contract_or_token,etherscan_labels
0x1eb2d693e1be684d07ca4fdcc92fa81917086b9b,1,scam_heist,etherscan_labels
0x0d15e893cf50724382368cafed222cf131b55307,0,contract_or_token,etherscan_labels
0x27c2f5b20abc4c3d462f2046d98e9dc638cb6fed,1,scam_heist,etherscan_labels
0xae406e139116c6d890291e1f528fe64996a4cd0b,0,contract_or_token,etherscan_labels
0x5848da89e6a9a9154defa654c656c72bba4239ce,0,contract_or_token,etherscan_labels
0x01e7542cfd665f0938f37fd299ffc088926bf0f3,0,contract_or_token,etherscan_labels
0x24aa168ef722fe5e18d7e25e31ac505e34881394,0,contract_or_token,etherscan_labels
0x2c1cb70cccf250b35ca2cb021e2f624aba76e3e8,0,contract_or_token,etherscan_labels
0x8d1c1571367a148e92d6ac83494b1bdf3b497d07,0,contract_or_token,etherscan_labels
0x2e67a4e89b45fc66c769762a83368ba706821e70,1,scam_heist,etherscan_labels
0x6ede626290e4b14acc079dd103489625e509915d,0,contract_or_token,etherscan_labels
0x9625b5f00a12315bed2ee2c4e160370faba648a2,0,contract_or_token,etherscan_labels
0x62a8587234a0cfcaa5fab5d8809bc1485ee4f742,1,scam_heist,etherscan_labels
0x04322d5c07d5a77159fd6240106738581c1d7e0c,0,contract_or_token,etherscan_labels
0x002d3737e074fb4521036f2c41beba05d221ba69,0,contract_or_token,etherscan_labels
0x20099c30a5eca0a2adbe3613d9ca126c0ea16394,0,contract_or_token,etherscan_labels
0x9dc859807d5222d708caa40a5eebe7f6b6517e69,0,contract_or_token,etherscan_labels
0xdd6251a53c0ec9b34f3d659be58b07426e6ea083,0,contract_or_token,etherscan_labels
0xb6d1f8a9dcaaebb72bb08d7bfeec47e5745c618d,1,scam_heist,etherscan_labels
0x48e2779ea605bdca4467f53c9e3ec6ae419f1f9c,1,scam_heist,etherscan_labels
0xa8be175eeff68f8fb91075d2f0d802b5ba779b53,1,scam_heist,etherscan_labels
0xd632080c8373a00dba7e0e77facdad532b1905b5,0,contract_or_token,etherscan_labels
0x63d0031bf8599f20021e539d8ee7352d77f7c3f0,1,scam_heist,etherscan_labels
0x68f281072429dc9fe5929637015f4942b969cd41,0,contract_or_token,etherscan_labels
0xe5dfae93ea1820e58c1a12c110618dd1c18374a5,0,contract_or_token,etherscan_labels
0xe77b04cc44c5ae4227eb9be90d55c5df955e4c74,0,contract_or_token,etherscan_labels
0x6e109e9dd7fa1a58bc3eff667e8e41fc3cc07aef,0,exchange,etherscan_labels
0xf1adfcde3dc15f30768353a6a08a0926d88dd311,0,contract_or_token,etherscan_labels
0x9028421a2969fb49af5a6e1fc85c24a712485246,1,scam_heist,etherscan_labels
0x6f7cbb94605fb5ffbcfafe33991c8ce181aeb047,0,contract_or_token,etherscan_labels
0x40672889535566711346829a2dfe16e3d060b8be,0,contract_or_token,etherscan_labels
0x95b414b8c93951bd4e2dde29d89ae9aa3b9a333c,0,contract_or_token,etherscan_labels
0x5efda50f22d34f262c29268506c5fa42cb56a1ce,1,mixer,etherscan_labels
0xcfa9a297a406a48d1137172c18de04c944b47ba9,0,contract_or_token,etherscan_labels
0xdf827a8cc2628c348123882ff964ccaea58ee08e,0,contract_or_token,etherscan_labels
0x1976bf5cc90bac01e3ae21a6e5971a393638bcfa,0,contract_or_token,etherscan_labels
0x0ae0dcf4bb8af6a0409f68bb2f0bcb5e34a30b86,0,contract_or_token,etherscan_labels
0x4bac047e7c8bd56770aaa4a51071acaed0cd5c5d,0,contract_or_token,etherscan_labels
0x98dab2d2b9fe60ab56bee41c998e1ac397eb9996,0,contract_or_token,etherscan_labels
0x86e8476e0eecc8022ccbb75c1b5c6b20103f5dc1,0,contract_or_token,etherscan_labels
0x634aeb8bdab3b4f51b89250bbbc10958b2809a53,0,contract_or_token,etherscan_labels
0xb875b9405a527051130abd58ec770252b3467896,0,contract_or_token,etherscan_labels
0x86ab9b94a4b4657c9ec32edb8596a1a26924c1ba,0,contract_or_token,etherscan_labels
0x2520e00af239c767e7ac7e1523fd7ba2e1acae7c,0,contract_or_token,etherscan_labels
0x89c6562933d4b3bd7083e7b7589331d5a3f78d17,0,contract_or_token,etherscan_labels
0xeccf17e0ff20c08311b7fac17e07f842f474be82,0,contract_or_token,etherscan_labels
0xe7f337d35da7a510120939418940eda23bc5b920,0,contract_or_token,etherscan_labels
0xe724c76f939617dc69d8e802235e609b96627043,1,scam_heist,etherscan_labels
0x00040a7ebfc9f6fbce4d23bd66b79a603ba1c323,0,contract_or_token,etherscan_labels
0x708c043760e7f215bc1ebd6585b225aaf5b412ff,0,contract_or_token,etherscan_labels
0x56589850a63c65ed54bbc1bbedb0a50fd5debce9,1,scam_heist,etherscan_labels
0x647965b19280988a75c3a1369938c8927e6c8715,0,contract_or_token,etherscan_labels
0x3dabc5efbfd7a9d925a01929ba65418de6a6c065,0,contract_or_token,etherscan_labels
0x4c4564a1fe775d97297f9e3dc2e762e0ed5dda0e,0,contract_or_token,etherscan_labels
0x1b5eb1173d2bf770e50f10410c9a96f7a8eb6e75,0,contract_or_token,etherscan_labels
0xb461d10cf3cac8ef12ad21f6aa4117cb98daff82,1,scam_heist,etherscan_labels
0xd144ad75e5850312cb4674fc3b92f8835ac5e4a2,0,contract_or_token,etherscan_labels
0x8b79c78f7aa289a7e9bde311a21ffdba4ab493e3,0,contract_or_token,etherscan_labels
0x4e35ed0cf2213ce0e36f4bfaaf32f5d6393af74a,1,scam_heist,etherscan_labels
0xe9c5ee56732cd720a13e4627cb6f04519bd029e0,1,scam_heist,etherscan_labels
0x22ae58315bba4d583c171a0cfd1d26b97399e7ea,0,contract_or_token,etherscan_labels
0x33d01d44f424296aa53d3d6f1029da0d215aa4c5,1,scam_heist,etherscan_labels
0xd6a12600ea045da17bc681fa042e8d78c3f4c927,0,contract_or_token,etherscan_labels
0xdaf69fbfa6055b0dc31120dbd1c69e739799c11a,1,scam_heist,etherscan_labels
0xf4a8ef66a38adacdf429bc3a5cba13b35038b3fd,1,scam_heist,etherscan_labels
0x6045f6db4e0a153033c36dd5c340b2bf9c8129f8,0,contract_or_token,etherscan_labels
0xba07298e5d60b34da894cdde38e0a85d7e2a3e05,0,contract_or_token,etherscan_labels
0xe2d0b729034cb2d8dd3881680a43a84a474e9b42,0,contract_or_token,etherscan_labels
0x9cc56b52387ed71c8c29ffad7416f973f0555902,0,contract_or_token,etherscan_labels
0xc3871de89c9ac59e3c17a87dc1e26dc710660d77,0,random_sample,bigquery_random_sample
0x7470452303ce12947659818e1d44942899e37032,0,contract_or_token,etherscan_labels
0x4de33806c2e396543df21755e519b976ae1830ea,0,contract_or_token,etherscan_labels
0x1079b443ac2dac681167fa5c5df107c8e3748462,0,contract_or_token,etherscan_labels
0x000f4432a40560bbff1b581a8b7aded8dab80026,1,scam_heist,etherscan_labels
0x6bc3938c3755d1e5aca649302cc799e950bc1d10,0,contract_or_token,etherscan_labels
0x32a1a0a055ecb0d8fc4d01d77f7106a04f3d85c5,0,contract_or_token,etherscan_labels
0x1e6179ad415b210075ca3660cd9f4cc334802134,0,contract_or_token,etherscan_labels
0x125452a1f4adafa754453cae635fdc0bcaf21191,0,contract_or_token,etherscan_labels
0xf6e88d5aca2d9fbed26de198d2f78dee1c97a369,0,contract_or_token,etherscan_labels
0x8ac9db9c51e0d077a2fa432868eafd02d9142d53,1,scam_heist,etherscan_labels
0x8cc907cda82ebbcfd2da903c72b35003ba9b99aa,0,contract_or_token,etherscan_labels
0x452ca574ac87cb373a2366d7baa8a9f3ca8d9c7d,0,contract_or_token,etherscan_labels
0x62934eea2f6a5f1f81392adc88d89dca91b685ea,0,contract_or_token,etherscan_labels
0xdb67635ba1318566409c85407323da57a2ea19ac,0,contract_or_token,etherscan_labels
0x0f8f7afa8314da4deb6be2086601fcb084a30791,1,scam_heist,etherscan_labels
0xa1f967f25ae32bd3435e45ea8657de16ce5a4ae6,0,contract_or_token,etherscan_labels
0xa674384e2f11ed5e7cc90e30ef8ce4447b910cd7,0,contract_or_token,etherscan_labels
0x5600caa3433541bfc5501f9ab44aee6f9505e39a,0,contract_or_token,etherscan_labels
0x12d6b6e24fdd9849abd42afd8f5775d36084a828,0,contract_or_token,etherscan_labels
0x76598cf1486efa28e1d49ed1c483574b874ac6d7,1,scam_heist,etherscan_labels
0xd373d8b86aecc4c26b4a4490560ae14550a73c1b,0,contract_or_token,etherscan_labels
0x77702302028cc353be678dd1bcc49eb08146a0ef,1,scam_heist,etherscan_labels
0xfa370ff7ee4c6e0a46a45c5549fdd1da04c14727,1,scam_heist,etherscan_labels
0xa23d7dd4b8a1060344caf18a29b42350852af481,0,exchange,etherscan_labels
0x69a722f0b5da3af02b4a205d6f0c285f4ed8f396,0,exchange,etherscan_labels
0xdcee03a29aa2bc050f520fd9463b5acfbac4674c,0,contract_or_token,etherscan_labels
0x17890deb188f2de6c3e966e053da1c9a111ed4a5,0,contract_or_token,etherscan_labels
0x196ca5121ac332b0ddecda00ed51d59355e16830,0,contract_or_token,etherscan_labels
0x51dcb8d09fac22c974cb2ef169310cc501063f46,0,contract_or_token,etherscan_labels
0x0d0707963952f2fba59dd06f2b425ace40b492fe,0,exchange,etherscan_labels
0x0bfbcf9fa4f9c56b0f40a671ad40e0805a091865,0,contract_or_token,etherscan_labels
0x378b4c5f2a8a0796a8d4c798ef737cf00ae8e667,0,contract_or_token,etherscan_labels
0x2f62d36e84edc39acc137370eb6d30aca37242af,1,scam_heist,etherscan_labels
0x5b8388e11f7fa169cdeb7a34a0743e6cc1b0fef9,1,scam_heist,etherscan_labels
0x3018e39aa1cb9ca8dc7e30989cf3439e2f897022,0,contract_or_token,etherscan_labels
0xae3922e1c2622ff5ebba1adeb9c045f02b0080c9,0,contract_or_token,etherscan_labels
0xf6941f1abf0cc023ceb2e1efe2bb3aed165262a3,0,contract_or_token,etherscan_labels
0x64177fd4dfad1a6cff95e1ebba403bb73c6a8e41,0,exchange,etherscan_labels
0x29a519e21d6a97cdb82270b69c98bac6426cdcf9,0,contract_or_token,etherscan_labels
0x125880d34995c20a6e245e727185b92de8d8551c,0,contract_or_token,etherscan_labels
0xdb7aa605c3f8acfe3b40406209739996336f022c,1,scam_heist,etherscan_labels
0x2fd8cdcb9391876554dab81d09c439e8f1012ed2,0,contract_or_token,etherscan_labels
0x33d2033ca58a66f039388e23cc906249b02b7006,0,contract_or_token,etherscan_labels
0x17e97c9080c704488c5696b32188749d2172efec,1,scam_heist,etherscan_labels
0x7778020b894499ac7cb81bf213986f7686647439,1,scam_heist,etherscan_labels
0xddee1117d38f9e60cc53494632c3ed4b29c8637e,1,scam_heist,etherscan_labels
0xafde66f5e19ad751904ae4f8b6ec540a5535bf7f,1,scam_heist,etherscan_labels
0x9757f2d2b135150bbeb65308d4a91804107cd8d6,0,exchange,etherscan_labels
0x6b064419100d1e248fbaca5a5fd6fee559da341a,0,contract_or_token,etherscan_labels
0xfbcd12d3c6b10a2c2da1810946916119ee70228a,0,contract_or_token,etherscan_labels
0x284f3c24dee3d1460efd037f74195c9bf695b00c,1,scam_heist,etherscan_labels
0xaa2507ca34e18b85457da2b3dbb9423d152309ec,0,contract_or_token,etherscan_labels
0x2ee174509fa28e0e15fbb18b8f4a75edc650fa75,0,contract_or_token,etherscan_labels
0x80c3c41c2394e85682f9f478a5a316aad1b06b0a,0,contract_or_token,etherscan_labels
0x81bdb256d87fffd48cf63eb0736208ccff66b44e,1,scam_heist,etherscan_labels
0xb464ca834796272e08dc6460940b281b046a2cee,1,scam_heist,etherscan_labels
0x6262998ced04146fa42253a5c0af90ca02dfd2a3,0,exchange,etherscan_labels
0xc3b5f694e096f7d4b87ffff365ca12c928b1d2a2,1,scam_heist,etherscan_labels
0x9ef1de716c7e2817727cd40e628ebf0805a81f83,0,contract_or_token,etherscan_labels
0x6732f70507db9322e8095b5c2088ab9366968af6,0,contract_or_token,etherscan_labels
0x9850764ef526eca5de28804d18c201ff9985e101,1,scam_heist,etherscan_labels
0x0b5d2c4bc698753d2e2229e81d1e3244569ae2e9,0,contract_or_token,etherscan_labels
0xa0b64f106dbdcd3b807b8dffdb5fefa87b3552b2,1,scam_heist,etherscan_labels
0x8beca0309248700dadde5679e95ae809320f23cc,1,scam_heist,etherscan_labels
0x2a9f849f948e6b028ee854578b25cd462b465ceb,0,random_sample,bigquery_random_sample
0xf11e0084b9e5ec556fe753ce274696a686eccb14,0,contract_or_token,etherscan_labels
0x12d165dc02ef89fff66b53e165a532507e51b2c7,0,contract_or_token,etherscan_labels
0x7dc5a8ee9a9f1fb35105b5d06394fe54624433e2,1,scam_heist,etherscan_labels
0xf201f27c3f7cee9a054309bf8285f4b1ee1ae191,1,scam_heist,etherscan_labels
0x7458a1f99bf1549c5442995f23d910f5a8ff208b,1,scam_heist,etherscan_labels
0x1c8fb861d7c409eab52b014f6ecf7e4e83802a00,0,contract_or_token,etherscan_labels
0x9f860a5daf374b9279aabb769ff6c987d7d1a401,1,scam_heist,etherscan_labels
0x9254de56850c7cc8446173a6e66c77117ce116c5,1,scam_heist,etherscan_labels
0xc924b753c6fabd85556b3b3bfb2b20be0652af6f,1,scam_heist,etherscan_labels
0x3605a2527ba427db420f2eb771be22e46d9f343a,0,contract_or_token,etherscan_labels
0x482475fd014d2c176a0bbcf78b70cc7ae4d8eea8,0,contract_or_token,etherscan_labels
0x7d6622a4f6e6836aacd4dd538634b2a777458a14,0,contract_or_token,etherscan_labels
0x02b3f51ac9202aa19be63d61a8c681579d6e3a51,0,contract_or_token,etherscan_labels
0x7713a2a87ba01af9e62c533d7ba2c6cbf8972e58,0,contract_or_token,etherscan_labels
0x7c959aa82761c2eeb9b8cba504f90df0a7489a53,0,contract_or_token,etherscan_labels
0x1a2a4d84be8518acec9c492bf43fe20d19b0f5ae,1,scam_heist,etherscan_labels
0xaac57d2d5caa4de52819dd70a62b1406a972ba1c,0,contract_or_token,etherscan_labels
0x6bc3001824687431f0c6f51887108d446879afba,0,contract_or_token,etherscan_labels
0x26aa6f9fdbd98dfd0fd4d77b8a13d9a9cd1b3e7c,0,contract_or_token,etherscan_labels
0x1074253202528777561f83817d413e91bfa671d4,0,exchange,etherscan_labels
0x78d7f361b99523d2510fe97ecccc38ae15cc5a31,0,contract_or_token,etherscan_labels
0xe673b25d35b4658570bda7b1dddbf8e5f8e98e65,0,contract_or_token,etherscan_labels
0xf0412b563d892461a74780743e3bf8f2053f991c,1,scam_heist,etherscan_labels
0x326ad26fa455535787a518c319d2ec0ad7ee1882,0,contract_or_token,etherscan_labels
0x33f172212d30b559f8d8b8a54911ce10a2d42296,0,contract_or_token,etherscan_labels
0xee4883fd97eaa549dce9f0be016c78ea8b5fa68f,0,contract_or_token,etherscan_labels
0x4c6f0507e15e956fdb0ecf9e8ec9f7d7cb0b109e,0,contract_or_token,etherscan_labels
0x0fe20e0fa9c78278702b05c333cc000034bb69e2,0,contract_or_token,etherscan_labels
0x6012b0f9f6cae9d75176ca08026eb38548e6df11,1,scam_heist,etherscan_labels
0x850fe284f917eb6dfcfe452348bead903aa63073,0,contract_or_token,etherscan_labels
0x41262f83ccba8e7f902e86f34e762af6c7d2772e,0,contract_or_token,etherscan_labels
0xf7ca98164d536f1ce7f52be37c7a6517e782edc0,1,scam_heist,etherscan_labels
0x4b7beed3159b2436849f564c628bd0aef3de95b2,0,contract_or_token,etherscan_labels
0x6f7f69409f7fd631309649db32f6775a5ca834e6,0,contract_or_token,etherscan_labels
0x1803a3386d44f65746403060ab0137682f554484,0,contract_or_token,etherscan_labels
0x8cff0fcec74c8b4b4b9d9b3b92ea6f2b800bc3de,0,contract_or_token,etherscan_labels
0xe1902d2f723016a8949b41092383796b19903e3e,0,contract_or_token,etherscan_labels
0xa9241b24007639d207331fbf6d94b2fe9f4ee402,1,scam_heist,etherscan_labels
0xbadabb5f81f1a527814079ccf89c843e4ea61388,0,contract_or_token,etherscan_labels
0x1b145b134f80c84ecf11d76b1c5fc8ba7f665513,0,contract_or_token,etherscan_labels
0x2e5c7e9b1da0d9cb2832ebb06241d18552a85400,0,contract_or_token,etherscan_labels
0xb7bfcdc3a2aa2af3fe653c9e8a19830977e1993c,1,scam_heist,etherscan_labels
0xcc02dfe119dd8e1056cca7d17c8bda39e6f9910d,1,scam_heist,etherscan_labels
0x913e197ab56469be9c6f1f1c84520a2ec8a05ebb,0,contract_or_token,etherscan_labels
0x8dcf7cae89adfcbb087936ca6db4bf6c8c94b082,1,scam_heist,etherscan_labels
0xdfe5ead7bd050eb74009e7717000eeadcf0f18db,0,contract_or_token,etherscan_labels
0xda85c4a66ebea97aa48a6e1741ec0e639ffe1783,1,scam_heist,etherscan_labels
0xd3843dfca1ca4e9b265c6bf80e318aa9436c09c2,0,contract_or_token,etherscan_labels
0xcbcf7be78c33b513e95d8708ee422b217aec90f1,0,contract_or_token,etherscan_labels
0x8a924d31705ba169c4a4156262ac587dcf098cfe,0,contract_or_token,etherscan_labels
0x07d04aaad8108ca86e0f1c792bf165f63a5fedde,0,contract_or_token,etherscan_labels
0x0cbecf33aa32a2241181dceca21fc636f6660f8a,1,scam_heist,etherscan_labels
0xb0484fb3ac155aaf7d024b20f1a569ddd6332c32,0,contract_or_token,etherscan_labels
0xf654f6bfad24e19c804d2b8bbe00a6ef3da6cb4d,0,contract_or_token,etherscan_labels
0x94bcc44db60fca1c6442fa6b0684d54c0a1ada4f,0,contract_or_token,etherscan_labels
0x819dc9456478a81c4f0357c2c2b635d729839b6f,0,contract_or_token,etherscan_labels
0xbd6bb45632a1ae38f3fd8f596bf515a9fc37ac66,1,scam_heist,etherscan_labels
0xb2dfbe49eb63bcc93f0ded83ae59291f7ecb9ad5,0,contract_or_token,etherscan_labels
0xb3d17d9d28627e437836adcfcbcb930b5419277a,1,scam_heist,etherscan_labels
0xb3b9410d4e7e127b846fb0c6169c40b3f7db1c48,0,contract_or_token,etherscan_labels
0xaa6d172d0358b1612f1d99bb0d02c54949d2bcbc,0,contract_or_token,etherscan_labels
0x3b168f685a37fcd99064a17cfef0a379b62c37a0,0,contract_or_token,etherscan_labels
0x6531f133e6deebe7f2dce5a0441aa7ef330b4e53,0,contract_or_token,etherscan_labels
0xe59de6fc1659a7cd033d40b3b1ddd2cfffd035ff,0,contract_or_token,etherscan_labels
0x5dc789aac9d97e40310c9a280921569ef3d221c3,0,contract_or_token,etherscan_labels
0xbfc7aef3fee5f9f00153238beec18bc7d57a8a33,1,scam_heist,etherscan_labels
0x70d684ac589e797a01fe4aace76a2bdfe2909d67,0,contract_or_token,etherscan_labels
0x77208a6000691e440026bed1b178ef4661d37426,0,contract_or_token,etherscan_labels
0x001eef3f9cc87d487adaf1c2d5c07a75e80302f4,0,contract_or_token,etherscan_labels
0xa8fd7fdfcafdb8fe27c4d1123e89722c2a5ad696,0,contract_or_token,etherscan_labels
0xbb7ab09971e56aaf248dcc6c3df865af69d97372,0,contract_or_token,etherscan_labels
0xfc3bdf4981ab2ba2af8a37c789b4405f83ce8390,1,scam_heist,etherscan_labels
0x48b23e73e5b7aa9ab86b5f65662d7fbe79d10043,0,contract_or_token,etherscan_labels
0x226da562b399a87578552c09b7237c78546892bc,0,contract_or_token,etherscan_labels
0xed5ad5f258eef6a9745042bde7d46e8a5254c183,0,contract_or_token,etherscan_labels
0x3b433ff7d7e81579cecd7654411c1fe0af4899b3,0,contract_or_token,etherscan_labels
0x5055e0f62b6db4856a2dc9d0d5f04b0052aa8ba0,0,contract_or_token,etherscan_labels
0x02eb135eba0d5b36c2cf0bb9190c36927c5eed6d,0,contract_or_token,etherscan_labels
0x28f103809ee4bc6ecf962d771ab1f7eab31a8a71,0,contract_or_token,etherscan_labels
0x5a1c53d17d9e5d81fa2b985147c78b3fdffdf51b,0,contract_or_token,etherscan_labels
0x6339f81d166b074c661f837df4560ca267ef05fe,0,contract_or_token,etherscan_labels
0x1cc97f3cbbdf96a0acdfef4db303fb3be706d046,0,contract_or_token,etherscan_labels
0xe1f385da68f138aec8bc5af65ffa39960e34cac7,0,contract_or_token,etherscan_labels
0xdf49c092eb7f67548f431f877a7408f45de7b1a8,0,contract_or_token,etherscan_labels
0xb095f305123e5d34f2e770c2d0d8d7edc569f4ed,1,scam_heist,etherscan_labels
0xa17403d2f80997c216a4d14092855ec3c58bc058,1,scam_heist,etherscan_labels
0x9b0228034280400b848b8b6230705b875486a899,0,contract_or_token,etherscan_labels
0xbff6cbf2e7d2cd0705329c735a37be33241298e9,0,contract_or_token,etherscan_labels
0x00077065f5760168aa838add40d4883b96a272a3,1,scam_heist,etherscan_labels
0x26b2711c575f946f4ac76f67794072fe8a64ecea,0,contract_or_token,etherscan_labels
0x6fb51426cd0fc61551633b1a05287a8feb9c67bd,0,contract_or_token,etherscan_labels
0xa6345eb9c3bdf1d87f765072056ad77ed93ddc19,0,contract_or_token,etherscan_labels
0x548b5c92a5e0006628f69c60e0085373fd5b63d9,0,contract_or_token,etherscan_labels
0xe8b354ae35439bc73a5799a2ee6bfee935d4158a,0,contract_or_token,etherscan_labels
0x6505568a841d6f8fddef6eebd138c73f7d56f6e3,1,scam_heist,etherscan_labels
0x812cb302272354d1d3038850afdf67c1601fef8c,0,contract_or_token,etherscan_labels
0x41f9a6c192ebffcf514b8266048e2b68c72e26a5,1,scam_heist,etherscan_labels
0xef92e37d7a510218576796a9881d257d1019c234,0,contract_or_token,etherscan_labels
0x1acf7492cadf766ccd828ca07cd6dfa8bda517ec,0,contract_or_token,etherscan_labels
0xc0bd26e808be6043ceb793d6f582ac7c16f6c47d,1,scam_heist,etherscan_labels
0x52b4e122553a3d8138e2c938e3a9c7dfd398bf4e,0,contract_or_token,etherscan_labels
0xb7169dca8f6bd82a127b8d7a41fe9a5d47fbe67c,0,contract_or_token,etherscan_labels
0xde71c781e11fa2d094f3de86bbca356da3bd9487,0,contract_or_token,etherscan_labels
0x1f9b4756b008106c806c7e64322d7ed3b72cb284,0,contract_or_token,etherscan_labels
0xe950dc316b836e4eefb8308bf32bf7c72a1358ff,1,sanctioned,ofac_sdn
0xc2cab7e19615eb5cc1b60baff2a02040bc851007,1,scam_heist,etherscan_labels
0xb0d8e79f484ec6df92bfc032735d7f9b19e361ef,0,contract_or_token,etherscan_labels
0x2be863667f43e7cbf473b4d3d3492bb174d78b91,0,contract_or_token,etherscan_labels
0x3c4be9a8e8709fe093d534dba4e2cd721c286c81,0,contract_or_token,etherscan_labels
0xb09a7bb963ec3553284f28b879dbe0efdbc017f1,0,contract_or_token,etherscan_labels
0x02cb152d029f06a2ae796eae564e0ae740a8b7ca,0,contract_or_token,etherscan_labels
0xe0aa89e90134b6f2e9c670445f1644a8a8828062,1,scam_heist,etherscan_labels
0x41f422d760099ca0bd94b3ecae71b42e8c8f9a74,1,scam_heist,etherscan_labels
0x0197edb9bc39ed1948f437580b2236fdc1729e98,0,contract_or_token,etherscan_labels
0x12abaf4cb6e7205187583d5ecc151edcddc7c2b3,0,contract_or_token,etherscan_labels
0xf7dde178fabe8386ade62d584019326a203b5394,0,contract_or_token,etherscan_labels
0xbcec6bdc0cfa1cd5e54d134e666c5c76c95e687c,1,scam_heist,etherscan_labels
0xec8c342bc3e07f05b9a782bc34e7f04fb9b44502,0,contract_or_token,etherscan_labels
0xa848014fcfbd1b178ab27ad2050c68e21837ff27,0,contract_or_token,etherscan_labels
0x3128089ac71e1a2c034c66403bfaa2a480f8bf12,1,scam_heist,etherscan_labels
0x1b3ad0e1c923e88b7d516b57fc729176dd88e36c,1,scam_heist,etherscan_labels
0x2f389ce8bd8ff92de3402ffce4691d17fc4f6535,1,sanctioned,ofac_sdn
0x89edee8eb84a17396d374f7bbc8dc8ed95a133f9,0,contract_or_token,etherscan_labels
0x41f3359e8852af201ba0a2d9b7f876bd2d5f5e13,0,contract_or_token,etherscan_labels
0xd3e2679904ad0040e673aa2b07792f0186abb67f,1,scam_heist,etherscan_labels
0xa2c483ef506bafdf722ceb0ddeadbc45f3a9a545,0,contract_or_token,etherscan_labels
0x155b6485305ccab44ef7da58ac886c62ce105cf9,1,scam_heist,etherscan_labels
0x7306a7a5eff668d78cfff9d6a3730be9ab3e7c8a,1,scam_heist,etherscan_labels
0x36ff9beafa60bd22d3d770af6aee8c0fcb5c6b24,1,scam_heist,etherscan_labels
0x010961187864d953b548bfcb31b8c81362410d42,0,contract_or_token,etherscan_labels
0x65bdb4b10b381378050a4c0bf910930e82421946,0,contract_or_token,etherscan_labels
0x3f615ba21bc6cc5d4a6d798c5950cc5c42937fbd,1,mixer,etherscan_labels
0xc27ef2f837a7d94b50c63d2207435ce5fce75582,1,scam_heist,etherscan_labels
0x4ad7a683208aae98b206f3117afb7b4e0bcb0ccf,1,scam_heist,etherscan_labels
0x987770bd8e426a177dd651606503e188471c8d87,1,scam_heist,etherscan_labels
0x988d0aab992098f5c5309c6a25be7e2ff32b4859,0,contract_or_token,etherscan_labels
0x2d5d646022858a074cf69da09fafdc002b29be4e,0,contract_or_token,etherscan_labels
0x1716bf1969e097620a119790a6a999a5dafdb7fe,1,scam_heist,etherscan_labels
0x49ff149d649769033d43783e7456f626862cd160,0,contract_or_token,etherscan_labels
0x52de312c4cdaf2d14f1ef0b7ac196c4c8120a375,1,scam_heist,etherscan_labels
0x0c21befa54023a81f1194cf40019cd7f058bd641,0,contract_or_token,etherscan_labels
0x3e614b145c2b7bb02d1968fbee4930017afd6367,0,contract_or_token,etherscan_labels
0xb0c2808b504aa9f5e38ef857b7b15e9f86d12815,0,contract_or_token,etherscan_labels
0x30e979187d6a1e2b6525fae5e714428af283de1b,0,contract_or_token,etherscan_labels
0x348e73965cb1aa1eac228bac87117ca1561222f0,1,scam_heist,etherscan_labels
0x0189c1f3181e4de8e2825a3aa85e40135b607dd4,0,contract_or_token,etherscan_labels
0xd19edf2a7200dbc2b35f96df6c603e9e1461f873,1,scam_heist,etherscan_labels
0x6977d7fe7a4bc5ce645a524be5c4bc691a684548,0,contract_or_token,etherscan_labels
0x1a96a8c2f3c98e7236c16db9bb22b80046237f91,0,contract_or_token,etherscan_labels
0x24ea9c1cfd77a8db3fb707f967309cf013cc1078,0,contract_or_token,etherscan_labels
0xacba251bf02719225f4562b43a10fb2bdf471c88,1,scam_heist,etherscan_labels
0xbaae24546e40ad188e17c72ab08322665a6a1ae8,0,contract_or_token,etherscan_labels
0xe3971f632d733cd3a2293c91aec501d6fb685939,0,contract_or_token,etherscan_labels
0x1fbd315a1f04ad03a318428cd0ef99a0642887f6,0,contract_or_token,etherscan_labels
0xe7fd441c64eae534f7a4b878385d2cb6c70ce288,1,scam_heist,etherscan_labels
0x29aca1c369e00e0a9107b326126d2f80ffda211e,0,contract_or_token,etherscan_labels
0xd18b44de8ab595f1d61e3e33c38c208da58b93ce,1,scam_heist,etherscan_labels
0xa939090c96566fa6215d66ade0d74c29ae75596a,0,contract_or_token,etherscan_labels
0xdb18e83a45674880447aa3a96a24b134d0ca655f,0,contract_or_token,etherscan_labels
0xe0b4ec9779c760b6c1d28554fbc64039e07dbce4,0,random_sample,bigquery_random_sample
0x12a4395d92971c4f7bbf5f6c9b9ae1257b0a0e63,0,contract_or_token,etherscan_labels
0x50daa111945c21d69802e5e466ce6a5176a63006,0,contract_or_token,etherscan_labels
0xd36789b0ec4b2a32c4d6b3d6259e7b7babeb68c3,0,random_sample,bigquery_random_sample
0x2eb0ca7c446436110933e38e393130d4f4c7b156,1,scam_heist,etherscan_labels
0x06da0fd433c1a5d7a4faa01111c044910a184553,0,contract_or_token,etherscan_labels
0x57e02e49d373dcbe8337bdbca3ba4d473eab37d5,0,contract_or_token,etherscan_labels
0x046bd1a3b8d1c417c23b8bffd5bd3f4ded5f4a6e,1,scam_heist,etherscan_labels
0x9dcd36e6f3dd1186d902de9241e10c2c2171a2ef,0,contract_or_token,etherscan_labels
0x0514b0722725f12eb5af70b45116107eec2aedc1,0,random_sample,bigquery_random_sample
0x4ac0bb31ca3ce5ed12ed27b33e1b5ba5c403a26b,1,scam_heist,etherscan_labels
0xbe4b52c25d80050b31395674843cd9bd47f26bda,0,contract_or_token,etherscan_labels
0x579353231f3540b218239774422962c64a3693e7,0,contract_or_token,etherscan_labels
0xe92d1a43df510f82c66382592a047d288f85226f,0,exchange,etherscan_labels
0xeffb3af9f9de64a7f2937a577773e1615fac38fe,1,scam_heist,etherscan_labels
0xf0c9c162d1a723c265d33c011285f6fd2539e550,0,contract_or_token,etherscan_labels
0x5bb4fdbc9dd62ff5317fbd0c17a07cbddf82db14,1,scam_heist,etherscan_labels
0xe16f489687e51e0bbd4a273e9cf2d48106b7662a,0,contract_or_token,etherscan_labels
0xba504ecfbacf01600efb83afa3d53bdd17a921c2,0,contract_or_token,etherscan_labels
0xc855f1572c8128add6f0503084ba23930b7461f8,0,contract_or_token,etherscan_labels
0x1f15ea23eaf52294bb967ab53964856a3d854a25,0,contract_or_token,etherscan_labels
0xc3877028655ebe90b9447dd33de391c955ead267,1,mixer,etherscan_labels
0x4a145964b45ad7c4b2028921ac54f1dc57aa9da9,1,scam_heist,etherscan_labels
0x08b7799678059a2fdf6961bccb26a35e8468d50a,0,contract_or_token,etherscan_labels
0x19de617d3c90a688374d1df9d664d02cfd38bf2c,0,contract_or_token,etherscan_labels
0x7e38ab4436a92d6bdeff0bc3953e60fdf852755e,0,contract_or_token,etherscan_labels
0xf6d5b16d6036a931967a21500524c459e1f05b28,0,random_sample,bigquery_random_sample
0x96f5b7c2be10dc7de02fa8858a8f1bd19c2fa72a,0,contract_or_token,etherscan_labels
0xbe9f3bdf2674658d31d7ddf779647828ebe1a5d5,0,contract_or_token,etherscan_labels
0xa23da5ae002c15928d4dcabfc4300d2a1c30209c,0,contract_or_token,etherscan_labels
0xc4f89ff0eaf61b20c4e41b5795ce458d50f6804b,1,scam_heist,etherscan_labels
0x3d0e2267885fdd573673d6bffe09c71a34a76a47,0,contract_or_token,etherscan_labels
0xfe9e8709d3215310075d67e3ed32a380ccf451c8,0,exchange,etherscan_labels
0xe69bbadb5de33dcacef3f388c17f6b09d3635210,1,scam_heist,etherscan_labels
0x02304db237acaed2994b70d7e4cd08382c1ded75,1,scam_heist,etherscan_labels
0xd59bf8773f89e0dde3ec745aebeae0da2b4af66f,0,contract_or_token,etherscan_labels
0x9446625e3090d155fd7c74752edf4e87cf44de05,0,contract_or_token,etherscan_labels
0x85df4180f460058f12fcb420dfbeff3d379fc909,1,scam_heist,etherscan_labels
0x7b9059f176d25f13c827ba18383c9fd8ac6d58b2,0,contract_or_token,etherscan_labels
0xf61f1022184f1a1a97c243bbbc043f11317a43cb,1,scam_heist,etherscan_labels
0x3285fefaddc9a6f0f8e56cb039ec826b5380bdaa,0,contract_or_token,etherscan_labels
0x8e4c35b3770892ad1d1b47952c19dd91fdef5d82,0,contract_or_token,etherscan_labels
0x1584c185ccb74e79ec236f6476d2b611369ba1fc,1,scam_heist,etherscan_labels
0x353345922b87fc1689ae881ea4d89cbc70351b35,1,scam_heist,etherscan_labels
0x7ea33bff2a1d5d4ad263783a017510d4c71bba93,0,contract_or_token,etherscan_labels
0x176648c0b8e98ad12bede0b99715e92aa74046a5,0,contract_or_token,etherscan_labels
0xfa5bc40c3bd5afa8bc2fe6b84562fee16fb2df5f,0,contract_or_token,etherscan_labels
0x85560d8ee2e714e60645f887dd4133ee0479b362,0,contract_or_token,etherscan_labels
0x16761459127a104057f8faf919171cbed4d82699,0,contract_or_token,etherscan_labels
0x33ebb62dc9ddbf6b8f3c0efdf5bccc2e7ac60211,1,scam_heist,etherscan_labels
0x404ec6eb08469a115ba519eb2ea9026fef27e6b7,0,contract_or_token,etherscan_labels
0xe5772cbd59c85bf3eaa3e4210c6a45a6872c8b21,0,contract_or_token,etherscan_labels
0x7afa2bbc06dad88487b5171ea2bcdf938a6b7ff9,0,contract_or_token,etherscan_labels
0x9a472e51da3642517f4a367b3e999fd95ea8f76f,0,contract_or_token,etherscan_labels
0xad4f08dba3fbf6752fb0f9566cc2fedf68f87dec,1,scam_heist,etherscan_labels
0x7f19720a857f834887fc9a7bc0a0fbe7fc7f8102,1,sanctioned,ofac_sdn
0x3349ac55e6fa055ff199531d6936ab98a5b3df7c,0,contract_or_token,etherscan_labels
0x76730720bc5ef699e8e6f691065948be2fb3632e,0,contract_or_token,etherscan_labels
0x26c621899d40dfcb995e391b32385f20472a9b36,0,contract_or_token,etherscan_labels
0xc288598c85eeb9973bf3c337f2ff1b043e8b2921,0,contract_or_token,etherscan_labels
0x66c03a9d8c7df62a05f043caa4e33629780eaf7a,0,contract_or_token,etherscan_labels
0xb2e2628330a15a2baf227de80780c704b557a4c3,0,contract_or_token,etherscan_labels
0x2903cadbe271e057edef157340b52a5898d7424f,0,exchange,etherscan_labels
0x4234fdc6c354805236498bce11420a7ceae7ffcf,0,contract_or_token,etherscan_labels
0xa66daa57432024023db65477ba87d4e7f5f95213,0,exchange,etherscan_labels
0x88969b5788aa737eb4caac8c30d6097334b66924,0,contract_or_token,etherscan_labels
0x41c4d34d58118dd65ad088bc5d2d8716c667ca66,0,contract_or_token,etherscan_labels
0x9235edda7a84d917872a4278a5723ff2a34709db,1,scam_heist,etherscan_labels
0xb119ce94d098c18fe380904c24e358bd887f00be,0,exchange,etherscan_labels
0x3650cde7403d45f09e34f2d3704ad8e1c02b5c58,0,contract_or_token,etherscan_labels
0x282d3035f11e30660327ca1f1944df54901be3a0,0,contract_or_token,etherscan_labels
0x8982e9bbf7ac6a49c434ad81d2ff8e16895318e5,0,contract_or_token,etherscan_labels
0xabfa49eb6c96463c0d94855a5d427de9b05e1fc2,1,scam_heist,etherscan_labels
0x8ce319f87f890473785b22c3a750b02dccb3f742,0,contract_or_token,etherscan_labels
0xe6344f4cca614125a14000c22419c696fff868ce,1,scam_heist,etherscan_labels
0x3f7e77b627676763997344a1ad71acb765fc8ac5,0,exchange,etherscan_labels
0x749da3b1ca18f020f1454a9c813f62b5aa823264,1,scam_heist,etherscan_labels
0x7b86de720041f3f44d47378a72bb22c17b31fbfe,0,contract_or_token,etherscan_labels
0xeca88364ff2ab836a44c97846066650048ecb717,0,contract_or_token,etherscan_labels
0x5e065d534d1daaf9e6222afa1d09e7dac6cbd0f7,0,contract_or_token,etherscan_labels
0xb75132cc840d71f401c29fa3f1a6c83516405cdd,0,contract_or_token,etherscan_labels
0xb8f06f4ea1c9332bfb3364b5b5197cafa768de39,0,contract_or_token,etherscan_labels
0x824b4dea11656d5bec9d0184e331ab724bcf6fbb,0,contract_or_token,etherscan_labels
0xc155a1ad7ffa47666f5ed612c431fd92c64f1da5,1,scam_heist,etherscan_labels
0x96335e7cdbcd91fb33c26991b00cc13a87a811b9,0,contract_or_token,etherscan_labels
0x27550f806cb13ef2d4ddf7939196a14b38ed1d3a,0,random_sample,bigquery_random_sample
0x6367eed0ce97f8ab3c237674ce50d0b746901f33,0,contract_or_token,etherscan_labels
0xb892ae0052b66cce3c68cbeba0b8844b83305bca,0,contract_or_token,etherscan_labels
0x434f06eca376067b4d6739ea09097929767480be,0,contract_or_token,etherscan_labels
0xec87cb93ecd0fe2f80dbd0d85431eacf1de09d50,0,contract_or_token,etherscan_labels
0xd2d53534d9701e2b02793de454b0eeca03cdb42b,1,scam_heist,etherscan_labels
0x5268a7996657c6fd5a936c4b2f292df8aee40859,0,contract_or_token,etherscan_labels
0x237ae034b7f2bde2664773d2fc61b95daec96946,0,contract_or_token,etherscan_labels
0x3019e1c6f84a707a3ae4b77ba513585d023d1ba8,1,scam_heist,etherscan_labels
0x3b7aaf9502a739d2a0ae1771af8022a4749bffb0,0,contract_or_token,etherscan_labels
0xbe1fe8e100be36cbcf2297c4f78d45f3c5cd3850,0,contract_or_token,etherscan_labels
0x05ea8ccfac10528b5901585e216b481a866ba95c,0,contract_or_token,etherscan_labels
0x34ff3b831e4ea4f98dae5806746d0d2175061b7c,1,scam_heist,etherscan_labels
0x2ee3b2df6534abc759ffe994f7b8dcdfaa02cd31,0,exchange,etherscan_labels
0xd8e6760b5c1b75e8c20c40e34c8d4a6fd00599aa,1,scam_heist,etherscan_labels
0xd1f73bfb364ace114b79daa9b73fa890f63595f5,0,contract_or_token,etherscan_labels
0x98eb6be84183d46e435f693ca0aee4138d77eafb,0,contract_or_token,etherscan_labels
0xbaf32ed9fb9868537ec51164730692e15c10b629,0,contract_or_token,etherscan_labels
0x121d7854e28542f0ca5f74d76aadc41b922ba2ff,1,scam_heist,etherscan_labels
0x96cf107e446a6e528ffd045f4eb6dff3cdb6a666,0,contract_or_token,etherscan_labels
0xd6afd8e317c85c794683304baa99de78049387c5,0,contract_or_token,etherscan_labels
0x5d76a92b7cb9e1a81b8eb8c16468f1155b2f64f4,0,contract_or_token,etherscan_labels
0x94f21d6c512b7a3631efa36c4ca9b32ba476129e,0,contract_or_token,etherscan_labels
0x5a5274316a9ef4091262ecef3b0124d4237eb8b6,0,contract_or_token,etherscan_labels
0x5cf235c56418109fb7f0aacca1b75a0a38047ca9,0,contract_or_token,etherscan_labels
0xecffd9975ad7744832d7f12457dda49cd35f0125,0,contract_or_token,etherscan_labels
0x9899b6af72b02e03aedeec0182673d9151d276ef,0,contract_or_token,etherscan_labels
0xab511f7b6455c0ca51df5d6987b18086b92b9bfb,1,scam_heist,etherscan_labels
0x9c5ef1d941eaeff8774128a8b2c58fce2c2bc7fa,0,contract_or_token,etherscan_labels
0x794e6e91555438afc3ccf1c5076a74f42133d08d,0,contract_or_token,etherscan_labels
0xdf61450a8af798163001b0310b9362d0b96651bf,0,contract_or_token,etherscan_labels
0x6032fae738b854bdd10b5adc30c311942824b384,0,contract_or_token,etherscan_labels
0xd50985725dbacfb8cf688b58ea90a39fe5090191,0,contract_or_token,etherscan_labels
0x20f3b73d8521dcf7b60c7951ea407cb04d29f044,1,scam_heist,etherscan_labels
0x8df87e2e915dc95c3c7c92c2f532f477e84ea053,0,contract_or_token,etherscan_labels
0x298f48de29b67c3fb0995283661029f750367096,1,scam_heist,etherscan_labels
0x06aa7ea03303d936ef56578ab767fc28f4c331f9,0,contract_or_token,etherscan_labels
0x0b177b7f10faeadd6eee6d2cc46d783f460566c8,0,contract_or_token,etherscan_labels
0x868d966d6d3d94b115e8b003c443c7a7b04a3359,0,contract_or_token,etherscan_labels
0xcdaee390328b34f9bff54d6d22baf9e7dc1faaa8,0,contract_or_token,etherscan_labels
0x9b880dd096ef74ef7e4b771526bd9584e0b8f7b5,0,contract_or_token,etherscan_labels
0x6cc15ed4d1dbf89d61d899ee69cb80c954cda5e6,0,contract_or_token,etherscan_labels
0xd340e01ae68e27f2e50ed8191adb71c2094fc274,1,scam_heist,etherscan_labels
0xa559182efa7a94e196f83c50b13a4b7ff4d9d8d0,1,scam_heist,etherscan_labels
0x321d570790fd2f109fe4e55aa419adf2fce0c842,0,contract_or_token,etherscan_labels
0x4709b84407dd559c08764fd5dc25bf842b001893,1,scam_heist,etherscan_labels
0x16c476141180de2ebbfe2d1c2031d9e101c0c090,0,contract_or_token,etherscan_labels
0x9b6d305147931afc298e08303d03fd16fb583431,0,contract_or_token,etherscan_labels
0xcdc3a0d6b320fb6a7a677dfc3ee50e19696683ee,0,contract_or_token,etherscan_labels
0x117d4288b3635021a3d612fe05a3cbf5c717fef2,0,contract_or_token,etherscan_labels
0xc33d7de9830f2161f711b116bc063aaf1c921d54,0,contract_or_token,etherscan_labels
0x0ba348713a1ad7079cd741a2358fcdc7322d3db1,0,contract_or_token,etherscan_labels
0x4b460039676bbd4fff164c7995680c70758f431b,0,contract_or_token,etherscan_labels
0x2cd7773aea02e9e8e20405c7074889d9a6e76975,0,contract_or_token,etherscan_labels
0xf95a90ce1069422f4fd756dcec07ff4b38a8e557,1,scam_heist,etherscan_labels
0xd37f8148afe2f03a58989dcced567d816ec48cb4,0,contract_or_token,etherscan_labels
0x88e2e697a2e856dca9b5dd45032296baa1ad3d1e,1,scam_heist,etherscan_labels
0x6ba1c79fb5cf34c9fab3944bf15f15bd796223bd,0,contract_or_token,etherscan_labels
0xd205f53ff9ca41e757e9be5a0c9266b5c9221c96,0,contract_or_token,etherscan_labels
0xc409d34accb279620b1acdc05e408e287d543d17,0,contract_or_token,etherscan_labels
0x9a62dca73e7c4bb80a9bf2b310422424acfc4db3,1,scam_heist,etherscan_labels
0x421ea8ebd0b4709a71d741b0cbceba2dffd54978,0,contract_or_token,etherscan_labels
0x0d268e9b0dc5870fa1188ba99fed52edcc81a985,1,scam_heist,etherscan_labels
0x5d7f34372fa8708e09689d400a613eee67f75543,0,exchange,etherscan_labels
0x7820895106028fbf0c88ed321cca5cc5b0317ec3,1,scam_heist,etherscan_labels
0xfa8a58ad29f6751f67bcfbd62be3c48cbaec7ff2,0,contract_or_token,etherscan_labels
0xf2873ff7a6eab47a99505b4558e41d359ad6a797,0,contract_or_token,etherscan_labels
0xe369897b47ed7c9d065be5e4dba37873bbba4592,0,contract_or_token,etherscan_labels
0x88bd4d3e2997371bceefe8d9386c6b5b4de60346,0,exchange,etherscan_labels
0xe5576eb1dd4aa524d67cf9a32c8742540252b6f4,0,contract_or_token,etherscan_labels
0x5271d250bf9528981846a9dd94a97cbbe7318817,0,contract_or_token,etherscan_labels
0x75811228c4a22a50d43186dd50ef6884f86b1786,1,scam_heist,etherscan_labels
0x344df5cf9152e5332abd373872d6027ebaae2ffa,0,contract_or_token,etherscan_labels
0x0e511aa1a137aad267dfe3a6bfca0b856c1a3682,0,contract_or_token,etherscan_labels
0x7951c7ef839e26f63da87a42c9a87986507f1c07,0,contract_or_token,etherscan_labels
0x1a8ba8bcc3426e592caa628bea577fa1a1ea1299,1,scam_heist,etherscan_labels
0xa8aec03d5cf2824fd984ee249493d6d4d6740e61,0,contract_or_token,etherscan_labels
0x77c08248c93ab53ff734ac555c932f8b9089d4c9,1,mixer,etherscan_labels
0xb1eecfea192907fc4bf9c4ce99ac07186075fc51,0,contract_or_token,etherscan_labels
0x30070c17bc069b2d590281331005c0379af7e56d,0,contract_or_token,etherscan_labels
0x432a2ac91b1fbacfb9c0ee26ef26a42bc13fd2d9,0,contract_or_token,etherscan_labels
0xfb5c89f0c4f366683499e2b151ac003dcf87f8fe,0,contract_or_token,etherscan_labels
0xc1bd49fcdf54aeb8e9c71f2811787f1298926b16,1,scam_heist,etherscan_labels
0x07f79c7d8f83b75b23925dccd1825945d6c49a39,0,contract_or_token,etherscan_labels
0xcb4288ee0484b51ccb8d40893c4812df72cd5f70,0,contract_or_token,etherscan_labels
0xc5af51f7b9a6ef0161c36e1595eb8019754d0f1c,0,contract_or_token,etherscan_labels
0x0580a5ef25c8e1a75821fa6a253d1af777638276,0,contract_or_token,etherscan_labels
0x7f8f7dd53d1f3ac1052565e3ff451d7fe666a311,0,contract_or_token,etherscan_labels
0x36d2b521d708537b98f01ab8d5207bd8e42b2806,0,contract_or_token,etherscan_labels
0xb7c10d12eed70bc7b2341ff8ddaeed02237f5d3b,0,contract_or_token,etherscan_labels
0xb96d57a1d9876913afc1ec2f335f610178893553,0,contract_or_token,etherscan_labels
0x92372eccb4858ccec42a2e6a2f31eefd33ced471,0,contract_or_token,etherscan_labels
0x983a81ca6fb1e441266d2fbcb7d8e530ac2e05a2,1,sanctioned,ofac_sdn
0x3854bec598cae635f99c545de0bcecb37fffe23e,1,scam_heist,etherscan_labels
0x6ad18dd6682e99b0201a3b18f403ae566a51ce28,0,random_sample,bigquery_random_sample
0x2a8b4900441a686ba25cf6f546da8bb528671ab7,0,contract_or_token,etherscan_labels
0xf960c169068c60b49dbabf3201c6ab9051d2c65d,1,scam_heist,etherscan_labels
0x952e944cabaabf856ed8465430f135f7fca9c24b,0,contract_or_token,etherscan_labels
0x0a58b33b8fb6ca6d8f912ad40b84066d94592508,0,contract_or_token,etherscan_labels
0xcba38020cd7b6f51df6afaf507685add148f6ab6,0,exchange,etherscan_labels
0x7030b43e821ba34124915ba65b90dbda7a9e7d09,1,scam_heist,etherscan_labels
0x89fd00b8d2dcee0f40d8699970115bb861241a54,0,exchange,etherscan_labels
0x95a085d6d227f00cd83c01e3948bcbf8755f66d8,0,contract_or_token,etherscan_labels
0x9d9f1db95af6fdc25f5da0455f57067b05045e6c,0,contract_or_token,etherscan_labels
0x79b03ba80a7aa612543f8445f8b1b944ece36fc8,1,scam_heist,etherscan_labels
0x3d67f5fa074f39d946b29fe86bd2539709771e1c,0,contract_or_token,etherscan_labels
0x3155ba85d5f96b2d030a4966af206230e46849cb,0,contract_or_token,etherscan_labels
0x93e58f2d9f0784e04fcc85af385528418095ba55,0,contract_or_token,etherscan_labels
0xbebcebce4ee42a271291a003f469605d9d8880ed,0,contract_or_token,etherscan_labels
0x3864729c55d2c49157ce9475b0f629e13d2b4dc3,0,contract_or_token,etherscan_labels
0xb0008192dad242bb58ccbc032587dffbd2096eb9,0,contract_or_token,etherscan_labels
0x3446624c7e4fb8b648c78bb7dee649ef96d84b1b,0,contract_or_token,etherscan_labels
0xe0d4bedebd73ca5848bdf2c2ee5345650c2112f5,0,contract_or_token,etherscan_labels
0x4463e6a3ded0dbe3f6e15bc8420dfc55e5fea830,0,contract_or_token,etherscan_labels
0x85d719772a2556fe778023205414115d11d5160c,1,scam_heist,etherscan_labels
0xb7df0ef1c1232de62c0d99df9b5b92d35b522f6b,0,contract_or_token,etherscan_labels
0xd3095c5de7b8f4476231c414c69d058f17154afe,0,contract_or_token,etherscan_labels
0xbf834943d207e91bb94759cef3ada4c1b78cb378,1,scam_heist,etherscan_labels
0x5a0904b34e0b38e261e9b50fbe6f2a551c6403f0,0,contract_or_token,etherscan_labels
0xb264dc9d22ece51aaa6028c5cbf2738b684560d6,0,contract_or_token,etherscan_labels
0x29ae4c46dae9cb298a2398aab348769426900903,1,scam_heist,etherscan_labels
0x3ed3d54c846b84a520fd2baed72fe74dd1ebd5c1,1,scam_heist,etherscan_labels
0x6631f1ed993f7cae5d4f1c9d6f9d129b37a9f040,0,contract_or_token,etherscan_labels
0x7330a4caf8971998e4cf87730e1b8b32cca31253,0,contract_or_token,etherscan_labels
0x48639bd7b33490bce684d1a95ab849248f680405,0,contract_or_token,etherscan_labels
0x192a38047c80091f1f518c6c5b63abfcf0ccb4eb,0,contract_or_token,etherscan_labels
0xbfaa4a6b811808f39ad06f45ed8db0ab990ab359,1,scam_heist,etherscan_labels
0xd4240987d6f92b06c8b5068b1e4006a97c47392b,0,exchange,etherscan_labels
0xa01670eb294af1dbe9623ccaf167f191e7961866,0,contract_or_token,etherscan_labels
0xffd2ff35147e6b1069664a983ec4b6fa154f8cfd,1,scam_heist,etherscan_labels
0x14769a876a1b2e62059a91a405b64f1d6b9fb976,1,scam_heist,etherscan_labels
0x8f0d6fca6d1fc6c3cd886f96c2cb4eb32162168f,0,contract_or_token,etherscan_labels
0xa090e606e30bd747d4e6245a1517ebe430f0057e,0,exchange,etherscan_labels
0xdc87397165b4f0f6d586f1bf60fa37494a362a6a,1,scam_heist,etherscan_labels
0x9f6e2b0fc41ade71f61b1d5fc3d2e132e09f7c74,0,contract_or_token,etherscan_labels
0xb86fd4d722a49370d6202f20d5741578c725e666,1,scam_heist,etherscan_labels
0x81ef0c70fa76c8e7563cb26ee34a2e7f2a77c410,0,contract_or_token,etherscan_labels
0xb618f903ad1d00d6f7b92f5b0954dcdc056fc533,0,contract_or_token,etherscan_labels
0xfa9d5d77c05d8d759921cd7177ee1489ff199f6f,1,scam_heist,etherscan_labels
0x2591c560be6edbb92d29c6fec3c6eb0fbee0ef7e,1,scam_heist,etherscan_labels
0x62b2a3cfa8e579631d255aefd53fecefd946a638,0,contract_or_token,etherscan_labels
0x090253523f8695261fdfd323654e12be37b29f89,0,contract_or_token,etherscan_labels
0x1b33912bfbc3b96bc3202a991d9c3ffa99cf9593,0,contract_or_token,etherscan_labels
0x61de3a78797802911f9a731ba74074a874b0b81a,1,scam_heist,etherscan_labels
0xf5e791599f80ab98e5886b71e0b0612a80cd70fe,0,contract_or_token,etherscan_labels
0xf342421e8acbba75f630660baa22524e03745088,1,scam_heist,etherscan_labels
0xee464a12d73d816081d30b536c44d0cd91baa14e,0,contract_or_token,etherscan_labels
0x4bdfc6f695726bc6ee4cc9ad7de319ff1df3ebe1,0,contract_or_token,etherscan_labels
0x6786a8bbcf9b144ee224a9543d0778a6c218b9eb,0,contract_or_token,etherscan_labels
0x93da59b6b00da26e96bdf428df95b8f1efec53d5,0,contract_or_token,etherscan_labels
0x0c6f06b32e6ae0c110861b8607e67da594781961,0,contract_or_token,etherscan_labels
0x6fea18bba331fd7ef4c496f37347f315777ac211,1,scam_heist,etherscan_labels
0xfebc601e29bf081626c68878d38ce50f9d9dc886,0,contract_or_token,etherscan_labels
0xe5d1fab0c5596ef846dcc0958d6d0b20e1ec4498,0,contract_or_token,etherscan_labels
0xa374d321771781fda20793bc7dca33aadd4c2ee4,0,contract_or_token,etherscan_labels
0xb050656f358bebbf400c42bc91975cae7ae38daa,0,contract_or_token,etherscan_labels
0x14779cec0b117d5194c750c55ea1f42086631964,1,sanctioned,ofac_sdn
0x1be81e0c8bca98d4cdcd9af1a2af487e52b09481,0,contract_or_token,etherscan_labels
0x1d345961498c224aa8d0bc7fa8bbae63786478b7,0,contract_or_token,etherscan_labels
0x7ae275fafdbcded0a4cdc6e25884b849f00efc48,0,contract_or_token,etherscan_labels
0x7b3e1dcc52bf9d60d66627e359401953467ff568,0,contract_or_token,etherscan_labels
0x7ef4960f5253018fdf55bfdcb4c8cb3ea63867a7,0,contract_or_token,etherscan_labels
0xf640f70515794feb7845506486dfffa99b40de29,0,contract_or_token,etherscan_labels
0x52e08f3773d0ccd397315f5a3172958056951f09,0,contract_or_token,etherscan_labels
0xc5f9d69e1c9aa5cb5d4aae6ba4668867361d71bf,0,random_sample,bigquery_random_sample
0x0bbc00ac5381ea65f9c5e4072610931260bb39c5,0,contract_or_token,etherscan_labels
0x9cee2ad771b57555c93f55d8babc3c8a221e3b74,0,contract_or_token,etherscan_labels
0x60addd12e347d73894e05d28e825863b58029a2d,0,contract_or_token,etherscan_labels
0xd3175b8c5688064cb9e75e7c451a643841a7fe52,1,scam_heist,etherscan_labels
0x3ca661d0018dbd3b925bc44c75a39e28f867cc95,1,scam_heist,etherscan_labels
0xf957fc1b6ed557c698ed6f1d336e00f306773975,0,contract_or_token,etherscan_labels
0x176cae2763af65764e1c5a3f4b2f74bc4b6f315f,0,contract_or_token,etherscan_labels
0xdd13eb27af410ea094c2ac357f1b79b62f738062,1,scam_heist,etherscan_labels
0x5cbb53ca85a9e52b593baf8ae90282c4b3db0b25,0,exchange,etherscan_labels
0xf7838c101dd142abff1b612bd4da21b21e43721f,1,scam_heist,etherscan_labels
0xd6a608f3dbac8275e215441aa327842b50cac0fc,0,contract_or_token,etherscan_labels
0x34e52ff713242fe8841dcac56eaba5ec2e2f79f7,0,contract_or_token,etherscan_labels
0x100f11817cea2e065d6dc9a034ae32c5556802d9,0,contract_or_token,etherscan_labels
0xae45a8240147e6179ec7c9f92c5a18f9a97b3fca,0,exchange,etherscan_labels
0xb7126c86cad05e7153c7dc35612b7e3ed438822c,0,contract_or_token,etherscan_labels
0x69b00e16d57a016a1bbd13ba7bd14505d3038b71,1,scam_heist,etherscan_labels
0xc634d11d32f470a6a4714a35a75ed79081a5a2ec,1,scam_heist,etherscan_labels
0xec95af6722a12a7b373bfba3cf152954927a5bde,0,contract_or_token,etherscan_labels
0x4374f26f0148a6331905edf4cd33b89d8eed78d1,0,exchange,etherscan_labels
0x9f076c03c5410dec49ac0e94db7c0c37da114211,0,contract_or_token,etherscan_labels
0xb364fa80ecc585280213a8c951859e9b032727ca,0,contract_or_token,etherscan_labels
0xd998865b44e8e1cba55f4aa8853e973626452436,0,contract_or_token,etherscan_labels
0xf65f69355628a5c317f1cd167bca753ed47f5c63,1,scam_heist,etherscan_labels
0xc7381faa3e17f187a78e9dcaed5bcf732c7ccf28,0,contract_or_token,etherscan_labels
0xaacf888732866c728c82769c32e3160af3b9b5d8,1,scam_heist,etherscan_labels
0x16b9b98d9f920e936e0a9c6421d6556657dd2eec,0,exchange,etherscan_labels
0x6eefc9395723b3d15de997b522d27c44bdfa68a8,0,contract_or_token,etherscan_labels
0xa727653000b91253c021c122ad6720968ad0196a,1,scam_heist,etherscan_labels
0x7f249dbd212158e1ac449f0a37ca956c8186ac80,0,contract_or_token,etherscan_labels
0x766619cfdb225444cba33cc2158540aaf0be7d5d,0,contract_or_token,etherscan_labels
0x8322a500ff9a88b4d07e769eec3d09ebcccbe72c,0,random_sample,bigquery_random_sample
0xc4031959c45597051f4ac7b166673b144f811034,0,contract_or_token,etherscan_labels
0xf99f8878715de2f3ed45253995f35bc150695672,0,random_sample,bigquery_random_sample
0xff82473ff872bf120e16d1ad83463f7b8f92e88b,0,contract_or_token,etherscan_labels
0x0ee5067b06776a89ccc7dc8ee369984ad7db5e06,1,sanctioned,ofac_sdn
0x04e02423299c2c56c451ceb125779cfa0f7ac6bc,0,contract_or_token,etherscan_labels
0xfff2a5f81d14729408201341df42af29f3b30458,0,contract_or_token,etherscan_labels
0x1dd909cddf3dbe61ac08112dc0fdf2ab949f79d8,0,contract_or_token,etherscan_labels
0x47cc251423dfdeb0b49047e0a219ea08ab9b9407,0,contract_or_token,etherscan_labels
0x023f9571cf19689d5b1f7b5108b6e34f9d15eed6,0,contract_or_token,etherscan_labels
0xce11e75cd3e1781202f73c641729bbb65bfe0226,1,scam_heist,etherscan_labels
0x570b2d24a4f178e8b819c89e1032681c63a23fa5,0,contract_or_token,etherscan_labels
0x345d8e3a1f62ee6b1d483890976fd66168e390f2,0,exchange,etherscan_labels
0xf1bf3a63ddf601fa69cb6decf182661f3302ba39,1,scam_heist,etherscan_labels
0xa4d456b9dbe75b033b13b138caadbe4bd15432ae,0,contract_or_token,etherscan_labels
0x97416f4c2088003e3c3d2edd749ae1cffbb6df1c,1,scam_heist,etherscan_labels
0xa56ecf2a88212ed0e952d80039168f2b5c9b54e5,0,contract_or_token,etherscan_labels
0x7dfe9a368b6cf0c0309b763bb8d16da326e8f46e,0,exchange,etherscan_labels
0x53e4ec13788e3fa0d1af066e73a5ed2cad9f9cd1,1,scam_heist,etherscan_labels
0x4703bf8ddf7acf99eac0cd87eec06835cb1b3586,1,scam_heist,etherscan_labels
0x1a5ebff0e881aec34837845e4d0eb430a1b4b737,0,contract_or_token,etherscan_labels
0xd94e4128611a521e487a7e9766b17d9fa0c49a39,0,contract_or_token,etherscan_labels
0xea5664276613a23037032c41ab60500734ca35a0,0,contract_or_token,etherscan_labels
0x377e2ab31793cf05dc9bdebdcdb5dcba5f76d015,0,contract_or_token,etherscan_labels
0xcc8b6f081fb6645cf0e6ddb5dec8447d1fb4c0a5,0,contract_or_token,etherscan_labels
0xa66aa48a7ce2621ac775dd00efd1496899eef4fa,0,contract_or_token,etherscan_labels
0xd03c62502378026d68a726c3436734828cb40511,1,scam_heist,etherscan_labels
0xc75713777b8e47ad640f309b00aa2fd119891e0a,0,contract_or_token,etherscan_labels
0xaa5bbd5a177a588b9f213505ca3740b444dbd586,0,contract_or_token,etherscan_labels
0xbe566973be1d03d32bf9ae5ecc16f3ee9cd3c4f7,0,contract_or_token,etherscan_labels
0x238cd61c4bfa40bff9f84088abba0a3f08242dd7,0,contract_or_token,etherscan_labels
0xd761dd69c7d9e4173938604b3c42910e8689e6f3,0,random_sample,bigquery_random_sample
0x6bb48ee6dc739db470e29e3dcf0c3b34e94277db,1,scam_heist,etherscan_labels
0x53249d7a360749c5a57c04fe634049c892c3e98d,0,contract_or_token,etherscan_labels
0x6161ad4de05d431b40fd7a9d0e207b030921af11,0,contract_or_token,etherscan_labels
0xb11374807b56a53a6da7afc2613231775cc58468,0,contract_or_token,etherscan_labels
0x2cc5143bfa8b8b381121f63d2fb2eb1ffe116429,0,random_sample,bigquery_random_sample
0xd39382a545461427f5b998d642674d0341012d0c,0,contract_or_token,etherscan_labels
0x5b64c8d934b5e180cf1ca814584c2655d81c5b5c,0,contract_or_token,etherscan_labels
0xa29f5e42760aa987214844e5db9ac4a8e16ca969,0,contract_or_token,etherscan_labels
0x6f7cb2e30d41ded1aa5e989665adfebfbfa4a219,1,scam_heist,etherscan_labels
0x9e98e8c4d9b6da38556d74ea0922cd747ab9e823,1,scam_heist,etherscan_labels
0x905373b191a418b214b64b324de2b8c3d60bc935,0,contract_or_token,etherscan_labels
0xc3c1223b8b87878731c4d6488984d89e64a09eff,1,scam_heist,etherscan_labels
0x96ec5676c211ddc7a3b557698347f1ce5731619e,0,contract_or_token,etherscan_labels
0xbc09c75580fd3d429e690be559ef9b0407797d46,0,random_sample,bigquery_random_sample
0x2fe14d186947bf3c04ecf55db32fb3dd629152e3,0,contract_or_token,etherscan_labels
0x9360b76f8f5f932ac33d46a3ce82ad6c52a713e5,0,contract_or_token,etherscan_labels
0x40c49770084e75a8f70234ef0b680f2afa541fda,0,contract_or_token,etherscan_labels
0x581794f4111b32b8c29a191fe3cf51b72bb73949,1,scam_heist,etherscan_labels
0xd19405131a6707202ea5eba56fe5bd0cb73c5aa1,0,contract_or_token,etherscan_labels
0x01d5314ca775a0ec2ed11b19ff745a08d9d3c7f9,0,contract_or_token,etherscan_labels
0x360863b27e40b13dd3c1df3ae57119a7903cdc34,0,contract_or_token,etherscan_labels
0x4bcbc51fbabe5ed04b4cd93d361674fc3fb519b8,0,contract_or_token,etherscan_labels
0x4818a93b92045f1b9f993f2fa852ef3501be47b5,0,contract_or_token,etherscan_labels
0x43ae5e3b718049aabecf1ca9e276b903b6a6d93f,0,contract_or_token,etherscan_labels
0xf4f3d6a60765bf705b27716f50fccba5f0ea0ca1,0,contract_or_token,etherscan_labels
0x92d179ee51a027a254feee0c5d91cc1f7058200b,0,contract_or_token,etherscan_labels
0xbbb12056bf6eec363f63e7f574716276ff281d32,1,scam_heist,etherscan_labels
0x653477c392c16b0765603074f157314cc4f40c32,1,mixer,etherscan_labels
0x3815bffad8a3470817430569468b69acb34725eb,0,contract_or_token,etherscan_labels
0x016259c630ee0b06ef56e2e6ba7908efbabfe731,0,contract_or_token,etherscan_labels
0x3ae1bb16a3ea1f0dc7612817a72893c39b9985ce,0,contract_or_token,etherscan_labels
0x997c0fc9578a8194efdde2e0cd7aa6a69cfcd7c1,0,contract_or_token,etherscan_labels
0x7224bdabe59aedda8ba3408be999b5a239b70b56,1,scam_heist,etherscan_labels
0x3ca497f7c9702ecc46df021c0c77d4f47eb1d5fc,1,scam_heist,etherscan_labels
0x903df09423cea95a8706b93682de6d8d1b206b6b,0,contract_or_token,etherscan_labels
0x5be683a3827cc57964161d628cdd707f4e9e598d,0,contract_or_token,etherscan_labels
0xe12af1218b4e9272e9628d7c7dc6354d137d024e,0,contract_or_token,etherscan_labels
0x910fa45d3d2e87a71ce73140839cd270b56060cc,0,contract_or_token,etherscan_labels
0x7f3bc8cc642fb8633ef58560802643935f8b3682,0,contract_or_token,etherscan_labels
0x072115dbd5c8b47e971890357d2951d4569f6b27,0,contract_or_token,etherscan_labels
0x1da5821544e25c636c1417ba96ade4cf6d2f9b5a,1,sanctioned,ofac_sdn
0xf70b308b579c44c3470dcb1d796ecc97a8c795d8,0,random_sample,bigquery_random_sample
0x9b898b1c2ca50df0272f4f80b831bffe0370ea3c,0,contract_or_token,etherscan_labels
0x0a54d4b378c8dbfc7bc93be50c85debafdb87439,0,contract_or_token,etherscan_labels
0xf000b7c12fd73994b21f74141392a1c86f8556f6,0,contract_or_token,etherscan_labels
0xd4e7ea748c39799bce01cf656db7b89db8c235f4,0,contract_or_token,etherscan_labels
0xc0ebcb68fc449104fd74e792fbe7153ad242f095,0,contract_or_token,etherscan_labels
0x6b74fb4e4b3b177b8e95ba9fa4c3a3121d22fbfb,0,contract_or_token,etherscan_labels
0x621c82a583093b202aa0c643bace600601a68a06,1,scam_heist,etherscan_labels
0x0018fb451a46ae397b8569936bc5bb5ff03cfd18,0,contract_or_token,etherscan_labels
0x62fab0ffcc439c75a7d31f94f5b34be31f3e08e7,1,scam_heist,etherscan_labels
0xd874387ebb001a6b0bea98072f8de05f8965e51e,1,scam_heist,etherscan_labels
0xc6da2f0c51c624173c013063c88f8070561a5baf,0,contract_or_token,etherscan_labels
0x758286c3fa70a8f9d2ac3988443db9dfbcf08932,0,contract_or_token,etherscan_labels
0x1b97521bff33ec123188dc582d7ea943feb40962,0,contract_or_token,etherscan_labels
0x7ca11719c9673156d9fa12e934060d32d50dcc2d,1,scam_heist,etherscan_labels
0x044586cb67d18e936fed20a6224f8dd64c5c3d23,1,scam_heist,etherscan_labels
0x75382c52b6f90b3f8014bfcadac2386513f1e3bc,0,contract_or_token,etherscan_labels
0x6b312f508433fe2574d1ba23163d2af3a0b4e5b5,0,contract_or_token,etherscan_labels
0xd4f73d51098df4dbe841cbbe3fa77d735422f656,0,contract_or_token,etherscan_labels
0xda9ee87d5e194f68e4c8198b2105c703bd091074,0,contract_or_token,etherscan_labels
0x311ca3ff1096885c48b9ddad51ffe20b1eb7b95a,0,contract_or_token,etherscan_labels
0xd10e08325c0e95d59c607a693483680fe5b755b3,0,exchange,etherscan_labels
0x2783ef819638ec86acc06910b686d9e65aacd89b,0,contract_or_token,etherscan_labels
0x7398a9d32aa24f5d65cf045d8f9e1334f45b60e4,0,contract_or_token,etherscan_labels
0xad173eebec26571a32331e9da8b1f052d72e692e,1,scam_heist,etherscan_labels
0x8283dd24f8d8e7b083e2855a4c3ea1a7feba08c2,0,contract_or_token,etherscan_labels
0xf3d8da6bc7248822b62aaa110c8a9fc42b8d96ba,1,scam_heist,etherscan_labels
0x290bffbe2803bb4c1fee41d03f2beffe6ddcbac3,1,scam_heist,etherscan_labels
0xe4bd96133f7b2e67997b1329cee82a39f71465e9,0,contract_or_token,etherscan_labels
0x4cfa6c06b29a5d3e802b99ea747bc52d79f30942,0,contract_or_token,etherscan_labels
0xbd6b8d8fa94f7307840252548549b56a33c98054,1,scam_heist,etherscan_labels
0x80c33e7ca0d68ea5225abd24f571a94270f4204c,1,scam_heist,etherscan_labels
0x5f69d3e02deca9f6e9e24521db02c9d6993d5825,0,contract_or_token,etherscan_labels
0x34189c75cbb13bdb4f5953cda6c3045cfca84a9e,0,exchange,etherscan_labels
0x05fc47e6e0bef8f6e686053e0bba474c40dfa717,0,contract_or_token,etherscan_labels
0x126c121f99e1e211df2e5f8de2d96fa36647c855,0,contract_or_token,etherscan_labels
0x09b8de949282c7f73355b8285f131c447694f95d,0,contract_or_token,etherscan_labels
0x6e1b7eb9d5cf167789d5423ccb9bcdcead67dc7e,1,scam_heist,etherscan_labels
0xe23f6536fe9005a8b81d3d9adc2354813d1ce13b,0,contract_or_token,etherscan_labels
0x4939e1557613b6e84b92bf4c5d2db4061bd1a7c7,0,contract_or_token,etherscan_labels
0xbd7a8f648262b6cb29d38b575df9f27e6cdecde1,0,contract_or_token,etherscan_labels
0x5f05be6cc6a64aaee61e55a3da7a882f8905ce0a,1,scam_heist,etherscan_labels
0x28c5a7bb3e81f279b1c3c8ca5f945b4acb392ecb,0,contract_or_token,etherscan_labels
0xcd61bb84c361c3a895500adf69c45aac23dcded4,0,contract_or_token,etherscan_labels
0x3e830ecf2120d4220e1cb1a98ce149518b754a53,1,scam_heist,etherscan_labels
0x9ae559ac062de221eb5198d90c27e45e85fcaab2,0,contract_or_token,etherscan_labels
0xe06f8d30ac334c857fc8c380c85969c150f38a6a,0,contract_or_token,etherscan_labels
0x9691ce69b04b53fe45a77dc464dfdef05d30509d,0,contract_or_token,etherscan_labels
0x234ee9e35f8e9749a002fc42970d570db716453b,0,exchange,etherscan_labels
0xd5f9fed136a212bf61446b83d88636278f04004f,0,contract_or_token,etherscan_labels
0xacb47d7557083c934648262d5869153a9455b798,0,contract_or_token,etherscan_labels
0xc7d7afc62e707d99017ae59ab6a6f43c81b52a25,1,scam_heist,etherscan_labels
0xc9a2c4868f0f96faaa739b59934dc9cb304112ec,0,exchange,etherscan_labels
0x359982f4cfa59ade3f248c0427e044cba599402f,1,scam_heist,etherscan_labels
0x7412acd67805360474d70dda29da4234ef335617,0,contract_or_token,etherscan_labels
0x7c6fb6ddab3aab751c03dbb0680045d7094a0e69,1,scam_heist,etherscan_labels
0x9bea554d1ffc33f7ec498693d6f512a63769d59c,0,contract_or_token,etherscan_labels
0x4b21fe3dcbfba42a1e52dc2f2ad332e177f7e1b1,0,contract_or_token,etherscan_labels
0x13b54e8271b3e45ce71d8f4fc73ea936873a34fc,0,contract_or_token,etherscan_labels
0xfe5fa46409a8aacda43e3d32ea9b30d10279a459,0,contract_or_token,etherscan_labels
0x8152ec513f5b7f0474a5e9c70e437afa02922019,1,scam_heist,etherscan_labels
0xfc21bc8df10bf3b796eb47651cda8d76baf809c3,1,scam_heist,etherscan_labels
0xf526ce89496768e0a48f26e2a7a7016932fd3aed,1,scam_heist,etherscan_labels
0xc094e238c45ed868ecc1ca82ad745d9d454839b0,0,contract_or_token,etherscan_labels
0xd7ca7dc2802de6a38265638112069ec3f1c2e747,0,contract_or_token,etherscan_labels
0x127112fb688314ecbcc8dcef60c5c8cd0707845d,0,contract_or_token,etherscan_labels
0x79b1df9841990c002638376cc92b26c99baf849b,1,scam_heist,etherscan_labels
0xcc887dce90d0b257b2aea90428db14e932c96642,0,contract_or_token,etherscan_labels
0x5c57028ac7882fd8449364ef354ad2f02287c0a7,1,scam_heist,etherscan_labels
0xa08308a56caffa1c86e82e494f9bbf1d8083c627,0,contract_or_token,etherscan_labels
0x60f0289fe0fe25b042b5c41256f2410ddcfa2c18,1,scam_heist,etherscan_labels
0xec577a919fca1b682f584a50b1048331ef0f30dd,0,contract_or_token,etherscan_labels
0x940248d48ff382a4932a62f26d13ed281d386af2,1,scam_heist,etherscan_labels
0x5c2b3247a3ce131ee6f7e2624e6e5a652b68e2e4,1,scam_heist,etherscan_labels
0x6c056c5c14130bb3dedaa0fd70ce4fa2c65f89fc,0,contract_or_token,etherscan_labels
0x2bc04c703f44e3b1ab85283094c82d9091c90bdd,0,exchange,etherscan_labels
0x944fd8b35dfa68b44c784143aa600052557705cf,0,contract_or_token,etherscan_labels
0xa3cbfbbd1825ba09089efd8ce5d10d676222231b,1,scam_heist,etherscan_labels
0x583c942dbbc32c0d7a5bfabe911ac929b093228e,0,contract_or_token,etherscan_labels
0x66c47804e2eb462f27c6ef1dfab50753fb8e05d3,1,scam_heist,etherscan_labels
0x59b312f6cfe5b1864654d1942c8c979ad830777e,1,scam_heist,graphsense_tagpacks:forsage.yaml
0xb4f584ecbdce12cca1259e5faf4d9cfb9fc4045f,0,contract_or_token,etherscan_labels
0xd00c7066ed0fa2dd8e54d39caf4854e5eb3980ec,0,contract_or_token,etherscan_labels
0x0fdf31cce8a783b307d37b3f1561244034719dea,1,scam_heist,etherscan_labels
0x53d8794ad885dc153285773f7d80c29d5bd7a7d3,0,contract_or_token,etherscan_labels
0x73f0d7d96206ee96f4a46ef3587a1bbd4385711e,0,contract_or_token,etherscan_labels
0x00799bbc833d5b168f0410312d2a8fd9e0e3079c,0,exchange,etherscan_labels
0x2f9d7b5ac943af78fcfce74fad17b5dbbf3cface,1,scam_heist,etherscan_labels
0x975f1bc238303593efab00d63cf0fc5f519a8de0,0,contract_or_token,etherscan_labels
0x4f2a40654a2d17992d299bcce9877de79df97a70,0,contract_or_token,etherscan_labels
0xa1ec308f05bca8acc84eaf76bc9c92a52ac25415,0,contract_or_token,etherscan_labels
0x7884f51dc1410387371ce61747cb6264e1daee0b,0,exchange,etherscan_labels
0x0ae274c98c0415c0651af8cf52b010136e4a0082,0,contract_or_token,etherscan_labels
0xb02e097fe9f2f41d410121dd7bce99394131351a,1,scam_heist,etherscan_labels
0x2932ddd9c027277ce7ea09d748f7d420273ad80f,0,contract_or_token,etherscan_labels
0x784178d58b641a4febf8d477a6abd28504273132,0,contract_or_token,etherscan_labels
0x2e259eaceb1e1f7d72aa3efe5526fdc87c6c4584,0,contract_or_token,etherscan_labels
0xe4d6c67b98a132a083a070d6d743774ab2df1f5d,1,scam_heist,etherscan_labels
0x16ec914725303a6bbe5fba6f380a04cf99e917d3,1,scam_heist,etherscan_labels
0x4b9457f32a12dc51dc208eb4ad22152dc8bd2922,1,scam_heist,etherscan_labels
0x82342f983c177b00a746d8a383eca1de996f6775,0,contract_or_token,etherscan_labels
0xbbb59b8024b458dbbd6785beb6a30fe205d87055,0,contract_or_token,etherscan_labels
0x8f24928c12a5854ca451f12f6fc9fa1c6ee05467,0,contract_or_token,etherscan_labels
0x23447f6f9df083875b09ab4a8333a439a7b4b5ee,0,contract_or_token,etherscan_labels
0x57503721cf9eaa68e8ef450422e7e7d50c8d8870,1,scam_heist,etherscan_labels
0x64dd4573297dd5ce7199a5d31a5be185e8d8c80d,0,contract_or_token,etherscan_labels
0x8fe67eb15c528d5103383320db777ee701f44ce3,1,scam_heist,etherscan_labels
0x2a7fbace8b01b3f0bb268fc698d1a2415a98eca9,0,contract_or_token,etherscan_labels
0xb5604705552dcb07fe1bdc06ac3458c5af27305b,1,scam_heist,etherscan_labels
0x17934de99ffe6de74fddd65e2f116c95814853b0,0,contract_or_token,etherscan_labels
0xc1e835a6f61ab1a25b47d57544182b144112a650,0,contract_or_token,etherscan_labels
0xbf315abfbdfa8304473f690bebf9d2127f4547db,0,contract_or_token,etherscan_labels
0x85490c39332468315d53ffb3355d11fda98a9ce9,1,scam_heist,etherscan_labels
0x18ce630ecf02a658e4ebc88279d9531b524e3acc,0,contract_or_token,etherscan_labels
0x9a7c477709195e1306bd8a154833bf1bdfdfed4a,0,contract_or_token,etherscan_labels
0x59d6a6fa7877fe9faac6be2adb70ba0df201fd64,0,contract_or_token,etherscan_labels
0xec449f3bb883d30066b3bcd9d0dde9b42b1fc7c2,0,contract_or_token,etherscan_labels
0x0bfdc04b38251394542586969e2356d0d731f7de,0,exchange,etherscan_labels
0xfa8c1bfc88b44a0dc9c9858bd9b55542db118b49,0,contract_or_token,etherscan_labels
0x8933f521c9b4652cf4c21a330314f85a9e4a1dfa,0,contract_or_token,etherscan_labels
0xc9f65fe675bdc12e30cc4b44a3b33f95e4c8fb7a,0,contract_or_token,etherscan_labels
0x89a71403c34f3e08c7762b09c13feda83bf03ee5,1,scam_heist,etherscan_labels
0x6ce147f6b5ba2404ca18ecaf6a91a59e02fbc5ca,1,scam_heist,etherscan_labels
0xe739ed41c1f80d23228c616c3dceeac9ff6aa4ef,0,random_sample,bigquery_random_sample
0xf0427162e6a4701be0a66e639d156b7eadacb4a6,1,scam_heist,etherscan_labels
0xd9e142ad89104fe39ebacbf51bce7a3ebde1564e,0,contract_or_token,etherscan_labels
0xb15056c58eb9e3cc6bca9a3e9b71ebb57d2fc3ac,1,scam_heist,etherscan_labels
0xff6b1cdfd2d3e37977d7938aa06b6d89d6675e27,0,contract_or_token,etherscan_labels
0x5a7a51bfb49f190e5a6060a5bc6052ac14a3b59f,1,sanctioned,ofac_sdn
0x2ab006819d56236a827a4799a93cc0f4474ec577,1,scam_heist,etherscan_labels
0xee47d9ea001802c0ee9eede7f90b19f0304ad7a7,1,scam_heist,etherscan_labels
0x67d40ee1a85bf4a4bb7ffae16de985e8427b6b45,1,sanctioned,ofac_sdn
0xc9cd5d64fde8919b6a274ad7f31b5a0c7e4b24b6,0,contract_or_token,etherscan_labels
0xcb829d5277e03edad0e2d1e9a3cbfa8f6b40d33d,0,contract_or_token,etherscan_labels
0xb28ec326b975236163f8a999d5b8a21008286138,0,contract_or_token,etherscan_labels
0x98adeb6937ff0a356b0805b89dd7d09b4c221a0d,0,contract_or_token,etherscan_labels
0xc82ef7b4701b3d4ab9f73b762f71e55ff7bfbf68,0,contract_or_token,etherscan_labels
0xe42debea432505d43d1923851f18938d728970c6,1,scam_heist,etherscan_labels
0x2e63baf3d1fc3002b8628bbc0439032b7cb5be38,0,contract_or_token,etherscan_labels
0x47aa718ef7345dadf23e171a8da9bab92f129541,1,scam_heist,etherscan_labels
0xc5cbc88dbd7973558830b56ad5be7df1fd765b37,1,scam_heist,etherscan_labels
0x67b0e3f3000aba3f584f6745617612560cc83d8a,1,scam_heist,etherscan_labels
0x3890d1dd91c278851ee7c84b7a6eaefb9f67ab67,0,contract_or_token,etherscan_labels
0x0092b2d25d76d84d27b999fe93d5e1c70511cd2b,0,contract_or_token,etherscan_labels
0xc57e4f6e40c600742bdf33a687bd6ef38ae9a846,1,scam_heist,etherscan_labels
0x5ef59cbf04975c799bc3dd1e75a3de70529c1d9a,1,scam_heist,etherscan_labels
0xfeadf71321098cb1817cc166a95db497f2a02ac7,0,contract_or_token,etherscan_labels
0xe62c1825c500bec843dff2aeb8d4e8716f22efae,1,scam_heist,etherscan_labels
0x3efd20d4fa13bd348cc8254624cf8bd29843e10f,0,contract_or_token,etherscan_labels
0x6e62f5f4136432523da5a560c777c1a2075b7587,1,scam_heist,etherscan_labels
0x9820beb31c6a960caf9c6cb778a77ee2cf5990d9,0,contract_or_token,etherscan_labels
0xb3e5e7a5b630e55bcc821572074e4ee283d8435e,1,scam_heist,etherscan_labels
0x686f8f08f3fba7b503b411133d103a710dffa713,0,contract_or_token,etherscan_labels
0x6d5c355ea0bef659d3598401a327521f51e9d4eb,0,exchange,etherscan_labels
0x23a1081bad58465e30a0a5083fbc8409c3d76960,0,contract_or_token,etherscan_labels
0x0f9fa6b0581b860a50f0fe17d83a373a83ce0be9,1,scam_heist,etherscan_labels
0xb9cca4e1b24a090fc6e478806e8f0c1c94604a6f,0,contract_or_token,etherscan_labels
0x1b803af96f37ae51fa753e13e1d2e372dfa17791,0,contract_or_token,etherscan_labels
0xd5d021403aaa4c59c5c1e23ca14e45e566765fe0,1,scam_heist,etherscan_labels
0x8fbb61109dda65677cd08d223b2d63a5a0a7a146,1,scam_heist,etherscan_labels
0x000844e0f9f187569d2e8b49b8260fd4a24328fa,0,contract_or_token,etherscan_labels
0x2db82354ea85992c05dbd7ae910776ffa82bc939,0,contract_or_token,etherscan_labels
0xe0f16bd70f3f1e9779a0fea6e5fd6ca8be9a5e76,1,scam_heist,etherscan_labels
0xa8ec63bf15459600f983e43fffa82deb999a9f93,0,contract_or_token,etherscan_labels
0x52674832b5fd7568296c9712224305fc92bd5e6c,0,contract_or_token,etherscan_labels
0xa9e23857cd6eb5c7ed2159edd68ab5b24285f977,0,contract_or_token,etherscan_labels
0x30e996409627d6b820a5f7c9ff413680aad694cd,1,scam_heist,etherscan_labels
0xd460d36a73b38581a7e54901472d0d7d1ad4eea5,0,random_sample,bigquery_random_sample
0x1e888882d0f291dd88c5605108c72d414f29d460,0,contract_or_token,etherscan_labels
0x15696647b829b8efeee3a7281d48a89b23bcdee9,0,contract_or_token,etherscan_labels
0x6d21cfc90a384d92f6bc3aec5e0eb55e7f25f498,0,contract_or_token,etherscan_labels
0xca31dc75aa718d30c23c674b2f4f313475c5c597,0,contract_or_token,etherscan_labels
0x67b4c06e0846a0c9b33b6d1b59757af7b0e4f7be,0,contract_or_token,etherscan_labels
0xa71f8151661c98678d89a4a463629ff7dd030c3b,0,contract_or_token,etherscan_labels
0xc03995c8d3f0d899bed831f8c4e7ad2b264204ae,1,scam_heist,etherscan_labels
0x71435de387ac9c9a65b2ff1447ae4b5e3590d858,1,scam_heist,etherscan_labels
0x0b6f3c17e1626a7cbfa4302ce4e3c45522d23a83,0,contract_or_token,etherscan_labels
0x5aa0d5e927c7dcbca012deba031f68be7b203092,0,contract_or_token,etherscan_labels
0x48d614f01360d10abaccc9aa8daf9403b981f4ac,1,scam_heist,etherscan_labels
0xddce7b2c3f7fbc4f1eab24970c3fd26fee1ff80f,0,contract_or_token,etherscan_labels
0x17cace66385707ca58df52ef94b7b7092375ab48,0,contract_or_token,etherscan_labels
0x98aa398034992e01dab8ca28b34db526be1be55c,0,contract_or_token,etherscan_labels
0x6c075ffd52949dd1bea5d4fb8e29583281a87e06,0,contract_or_token,etherscan_labels
0xd69553d4b686b4287eb6ee28e17035cc1bed121e,1,scam_heist,etherscan_labels
0xdb82e3095408d29b59c1b9ce47299f4e784a2187,0,contract_or_token,etherscan_labels
0xb8b3662413d35a3f2cd1ebe069873f69ce5cfa8b,0,contract_or_token,etherscan_labels
0xa6422e3e219ee6d4c1b18895275fe43556fd50ed,0,contract_or_token,etherscan_labels
0x91ffe46e57d7c3f5f6e4f0856f2a674d0d820f93,0,contract_or_token,etherscan_labels
0x9510eee077058d82239896899ca080a8b18a6457,0,contract_or_token,etherscan_labels
0x9a5aaf145d11dd36747ca3c14422d9714a3de366,1,scam_heist,etherscan_labels
0x7448c7456a97769f6cd04f1e83a4a23ccdc46abd,0,contract_or_token,etherscan_labels
0x4e4939d21efc9594dc087b0e6363200ce8857d8f,1,scam_heist,etherscan_labels
0xef0905745ce28ebe1ded7004146132fbfba548ba,1,scam_heist,etherscan_labels
0x38e03a5fb1b1a18d47b364cdd7cdce606397c72c,0,contract_or_token,etherscan_labels
0xaa8abf7935c7b27b10cbc6bc4202bf55743fd87a,0,contract_or_token,etherscan_labels
0xa89f7f9cf6d8e389abf0a1f7a97f6b2ccb10ce69,1,scam_heist,etherscan_labels
0xdda028299cd138e4cf17b57d63fd0ad362231385,1,scam_heist,etherscan_labels
0xa73df646512c82550c2b3c0324c4eedee53b400c,0,contract_or_token,etherscan_labels
0xbb3dcec73c16c893d71f0c8d6a10e49accb967e5,1,scam_heist,etherscan_labels
0x1b0ede85e8537f99d24de83e29f989ddfac54f48,1,scam_heist,etherscan_labels
0x4422610f73f4143a3936f8fa300329bba8833b54,0,contract_or_token,etherscan_labels
0xa74d4b67b3368e83797a35382afb776baae4f5c8,0,contract_or_token,etherscan_labels
0xbe71372995e8e920e4e72a29a51463677a302e8d,0,contract_or_token,etherscan_labels
0x1f1fd79bd67a639a48dd4c5610027543c4b3ec52,1,scam_heist,etherscan_labels
